Pathogen,Antibiotic,Region
Acinetobacter spp.,Colistin,United Arab Emirates
Acinetobacter spp.,Colistin,United Arab Emirates
Acinetobacter spp.,Colistin,United Arab Emirates
Acinetobacter spp.,Colistin,United Arab Emirates
Acinetobacter spp.,Colistin,Argentina
Acinetobacter spp.,Colistin,Argentina
Acinetobacter spp.,Colistin,Argentina
Acinetobacter spp.,Colistin,Argentina
Acinetobacter spp.,Colistin,India
Acinetobacter spp.,Colistin,India
Acinetobacter spp.,Colistin,India
Acinetobacter spp.,Colistin,India
Acinetobacter spp.,Colistin,North Macedonia
Acinetobacter spp.,Colistin,North Macedonia
Acinetobacter spp.,Colistin,North Macedonia
Acinetobacter spp.,Colistin,North Macedonia
Acinetobacter spp.,Colistin,Malaysia
Acinetobacter spp.,Colistin,Malaysia
Acinetobacter spp.,Colistin,Malaysia
Acinetobacter spp.,Colistin,Malaysia
Acinetobacter spp.,Colistin,Oman
Acinetobacter spp.,Colistin,Oman
Acinetobacter spp.,Colistin,Oman
Acinetobacter spp.,Colistin,Oman
Acinetobacter spp.,Colistin,Philippines
Acinetobacter spp.,Colistin,Philippines
Acinetobacter spp.,Colistin,Philippines
Acinetobacter spp.,Colistin,Philippines
Acinetobacter spp.,Colistin,Saudi Arabia
Acinetobacter spp.,Colistin,Saudi Arabia
Acinetobacter spp.,Colistin,Saudi Arabia
Acinetobacter spp.,Colistin,Saudi Arabia
Acinetobacter spp.,Colistin,Thailand
Acinetobacter spp.,Colistin,Thailand
Acinetobacter spp.,Colistin,Thailand
Acinetobacter spp.,Colistin,Thailand
Escherichia coli,Cefotaxime,United Arab Emirates
Escherichia coli,Cefotaxime,United Arab Emirates
Escherichia coli,Cefotaxime,United Arab Emirates
Escherichia coli,Cefotaxime,United Arab Emirates
Escherichia coli,Cefotaxime,Argentina
Escherichia coli,Cefotaxime,Argentina
Escherichia coli,Cefotaxime,Argentina
Escherichia coli,Cefotaxime,Argentina
Escherichia coli,Cefotaxime,Bosnia and Herzegovina
Escherichia coli,Cefotaxime,Bosnia and Herzegovina
Escherichia coli,Cefotaxime,Bosnia and Herzegovina
Escherichia coli,Cefotaxime,Bosnia and Herzegovina
Escherichia coli,Cefotaxime,Switzerland
Escherichia coli,Cefotaxime,Switzerland
Escherichia coli,Cefotaxime,Switzerland
Escherichia coli,Cefotaxime,Switzerland
Escherichia coli,Cefotaxime,Georgia
Escherichia coli,Cefotaxime,Georgia
Escherichia coli,Cefotaxime,Georgia
Escherichia coli,Cefotaxime,Georgia
Escherichia coli,Cefotaxime,India
Escherichia coli,Cefotaxime,India
Escherichia coli,Cefotaxime,India
Escherichia coli,Cefotaxime,India
Escherichia coli,Cefotaxime,Japan
Escherichia coli,Cefotaxime,Japan
Escherichia coli,Cefotaxime,Japan
Escherichia coli,Cefotaxime,Japan
Escherichia coli,Cefotaxime,Republic of Korea
Escherichia coli,Cefotaxime,Republic of Korea
Escherichia coli,Cefotaxime,Republic of Korea
Escherichia coli,Cefotaxime,Republic of Korea
Escherichia coli,Cefotaxime,North Macedonia
Escherichia coli,Cefotaxime,North Macedonia
Escherichia coli,Cefotaxime,North Macedonia
Escherichia coli,Cefotaxime,North Macedonia
Escherichia coli,Cefotaxime,Malta
Escherichia coli,Cefotaxime,Malta
Escherichia coli,Cefotaxime,Malta
Escherichia coli,Cefotaxime,Malta
Escherichia coli,Cefotaxime,Malaysia
Escherichia coli,Cefotaxime,Malaysia
Escherichia coli,Cefotaxime,Malaysia
Escherichia coli,Cefotaxime,Malaysia
Escherichia coli,Cefotaxime,Oman
Escherichia coli,Cefotaxime,Oman
Escherichia coli,Cefotaxime,Oman
Escherichia coli,Cefotaxime,Oman
Escherichia coli,Cefotaxime,Philippines
Escherichia coli,Cefotaxime,Philippines
Escherichia coli,Cefotaxime,Philippines
Escherichia coli,Cefotaxime,Philippines
Escherichia coli,Cefotaxime,Russian Federation
Escherichia coli,Cefotaxime,Russian Federation
Escherichia coli,Cefotaxime,Russian Federation
Escherichia coli,Cefotaxime,Russian Federation
Escherichia coli,Cefotaxime,Saudi Arabia
Escherichia coli,Cefotaxime,Saudi Arabia
Escherichia coli,Cefotaxime,Saudi Arabia
Escherichia coli,Cefotaxime,Saudi Arabia
Escherichia coli,Cefotaxime,Thailand
Escherichia coli,Cefotaxime,Thailand
Escherichia coli,Cefotaxime,Thailand
Escherichia coli,Cefotaxime,Thailand
Escherichia coli,Cefotaxime,Tunisia
Escherichia coli,Cefotaxime,Tunisia
Escherichia coli,Cefotaxime,Tunisia
Escherichia coli,Cefotaxime,Tunisia
Escherichia coli,Ceftazidime,United Arab Emirates
Escherichia coli,Ceftazidime,United Arab Emirates
Escherichia coli,Ceftazidime,United Arab Emirates
Escherichia coli,Ceftazidime,United Arab Emirates
Escherichia coli,Ceftazidime,Argentina
Escherichia coli,Ceftazidime,Argentina
Escherichia coli,Ceftazidime,Argentina
Escherichia coli,Ceftazidime,Argentina
Escherichia coli,Ceftazidime,Bosnia and Herzegovina
Escherichia coli,Ceftazidime,Bosnia and Herzegovina
Escherichia coli,Ceftazidime,Bosnia and Herzegovina
Escherichia coli,Ceftazidime,Bosnia and Herzegovina
Escherichia coli,Ceftazidime,Switzerland
Escherichia coli,Ceftazidime,Switzerland
Escherichia coli,Ceftazidime,Switzerland
Escherichia coli,Ceftazidime,Switzerland
Escherichia coli,Ceftazidime,Georgia
Escherichia coli,Ceftazidime,Georgia
Escherichia coli,Ceftazidime,Georgia
Escherichia coli,Ceftazidime,Georgia
Escherichia coli,Ceftazidime,India
Escherichia coli,Ceftazidime,India
Escherichia coli,Ceftazidime,India
Escherichia coli,Ceftazidime,India
Escherichia coli,Ceftazidime,Japan
Escherichia coli,Ceftazidime,Japan
Escherichia coli,Ceftazidime,Japan
Escherichia coli,Ceftazidime,Japan
Escherichia coli,Ceftazidime,Republic of Korea
Escherichia coli,Ceftazidime,Republic of Korea
Escherichia coli,Ceftazidime,Republic of Korea
Escherichia coli,Ceftazidime,Republic of Korea
Escherichia coli,Ceftazidime,Lao People's Democratic Republic
Escherichia coli,Ceftazidime,Lao People's Democratic Republic
Escherichia coli,Ceftazidime,Lao People's Democratic Republic
Escherichia coli,Ceftazidime,Lao People's Democratic Republic
Escherichia coli,Ceftazidime,North Macedonia
Escherichia coli,Ceftazidime,North Macedonia
Escherichia coli,Ceftazidime,North Macedonia
Escherichia coli,Ceftazidime,North Macedonia
Escherichia coli,Ceftazidime,Malta
Escherichia coli,Ceftazidime,Malta
Escherichia coli,Ceftazidime,Malta
Escherichia coli,Ceftazidime,Malta
Escherichia coli,Ceftazidime,Malaysia
Escherichia coli,Ceftazidime,Malaysia
Escherichia coli,Ceftazidime,Malaysia
Escherichia coli,Ceftazidime,Malaysia
Escherichia coli,Ceftazidime,Oman
Escherichia coli,Ceftazidime,Oman
Escherichia coli,Ceftazidime,Oman
Escherichia coli,Ceftazidime,Oman
Escherichia coli,Ceftazidime,Pakistan
Escherichia coli,Ceftazidime,Pakistan
Escherichia coli,Ceftazidime,Pakistan
Escherichia coli,Ceftazidime,Pakistan
Escherichia coli,Ceftazidime,Philippines
Escherichia coli,Ceftazidime,Philippines
Escherichia coli,Ceftazidime,Philippines
Escherichia coli,Ceftazidime,Philippines
Escherichia coli,Ceftazidime,Russian Federation
Escherichia coli,Ceftazidime,Russian Federation
Escherichia coli,Ceftazidime,Russian Federation
Escherichia coli,Ceftazidime,Russian Federation
Escherichia coli,Ceftazidime,Saudi Arabia
Escherichia coli,Ceftazidime,Saudi Arabia
Escherichia coli,Ceftazidime,Saudi Arabia
Escherichia coli,Ceftazidime,Saudi Arabia
Escherichia coli,Ceftazidime,Thailand
Escherichia coli,Ceftazidime,Thailand
Escherichia coli,Ceftazidime,Thailand
Escherichia coli,Ceftazidime,Thailand
Escherichia coli,Ceftazidime,Tunisia
Escherichia coli,Ceftazidime,Tunisia
Escherichia coli,Ceftazidime,Tunisia
Escherichia coli,Ceftazidime,Tunisia
Escherichia coli,Ceftriaxone,United Arab Emirates
Escherichia coli,Ceftriaxone,United Arab Emirates
Escherichia coli,Ceftriaxone,United Arab Emirates
Escherichia coli,Ceftriaxone,United Arab Emirates
Escherichia coli,Ceftriaxone,Bosnia and Herzegovina
Escherichia coli,Ceftriaxone,Bosnia and Herzegovina
Escherichia coli,Ceftriaxone,Bosnia and Herzegovina
Escherichia coli,Ceftriaxone,Bosnia and Herzegovina
Escherichia coli,Ceftriaxone,Switzerland
Escherichia coli,Ceftriaxone,Switzerland
Escherichia coli,Ceftriaxone,Switzerland
Escherichia coli,Ceftriaxone,Switzerland
Escherichia coli,Ceftriaxone,Georgia
Escherichia coli,Ceftriaxone,Georgia
Escherichia coli,Ceftriaxone,Georgia
Escherichia coli,Ceftriaxone,Georgia
Escherichia coli,Ceftriaxone,India
Escherichia coli,Ceftriaxone,India
Escherichia coli,Ceftriaxone,India
Escherichia coli,Ceftriaxone,India
Escherichia coli,Ceftriaxone,Japan
Escherichia coli,Ceftriaxone,Japan
Escherichia coli,Ceftriaxone,Japan
Escherichia coli,Ceftriaxone,Japan
Escherichia coli,Ceftriaxone,Lao People's Democratic Republic
Escherichia coli,Ceftriaxone,Lao People's Democratic Republic
Escherichia coli,Ceftriaxone,Lao People's Democratic Republic
Escherichia coli,Ceftriaxone,Lao People's Democratic Republic
Escherichia coli,Ceftriaxone,Lebanon
Escherichia coli,Ceftriaxone,Lebanon
Escherichia coli,Ceftriaxone,Lebanon
Escherichia coli,Ceftriaxone,Lebanon
Escherichia coli,Ceftriaxone,North Macedonia
Escherichia coli,Ceftriaxone,North Macedonia
Escherichia coli,Ceftriaxone,North Macedonia
Escherichia coli,Ceftriaxone,North Macedonia
Escherichia coli,Ceftriaxone,Malaysia
Escherichia coli,Ceftriaxone,Malaysia
Escherichia coli,Ceftriaxone,Malaysia
Escherichia coli,Ceftriaxone,Malaysia
Escherichia coli,Ceftriaxone,Oman
Escherichia coli,Ceftriaxone,Oman
Escherichia coli,Ceftriaxone,Oman
Escherichia coli,Ceftriaxone,Oman
Escherichia coli,Ceftriaxone,Pakistan
Escherichia coli,Ceftriaxone,Pakistan
Escherichia coli,Ceftriaxone,Pakistan
Escherichia coli,Ceftriaxone,Pakistan
Escherichia coli,Ceftriaxone,Philippines
Escherichia coli,Ceftriaxone,Philippines
Escherichia coli,Ceftriaxone,Philippines
Escherichia coli,Ceftriaxone,Philippines
Escherichia coli,Ceftriaxone,Saudi Arabia
Escherichia coli,Ceftriaxone,Saudi Arabia
Escherichia coli,Ceftriaxone,Saudi Arabia
Escherichia coli,Ceftriaxone,Saudi Arabia
Escherichia coli,Ceftriaxone,Thailand
Escherichia coli,Ceftriaxone,Thailand
Escherichia coli,Ceftriaxone,Thailand
Escherichia coli,Ceftriaxone,Thailand
Escherichia coli,Ciprofloxacin,United Arab Emirates
Escherichia coli,Ciprofloxacin,United Arab Emirates
Escherichia coli,Ciprofloxacin,United Arab Emirates
Escherichia coli,Ciprofloxacin,United Arab Emirates
Escherichia coli,Ciprofloxacin,Argentina
Escherichia coli,Ciprofloxacin,Argentina
Escherichia coli,Ciprofloxacin,Argentina
Escherichia coli,Ciprofloxacin,Argentina
Escherichia coli,Ciprofloxacin,Bosnia and Herzegovina
Escherichia coli,Ciprofloxacin,Bosnia and Herzegovina
Escherichia coli,Ciprofloxacin,Bosnia and Herzegovina
Escherichia coli,Ciprofloxacin,Bosnia and Herzegovina
Escherichia coli,Ciprofloxacin,Switzerland
Escherichia coli,Ciprofloxacin,Switzerland
Escherichia coli,Ciprofloxacin,Switzerland
Escherichia coli,Ciprofloxacin,Switzerland
Escherichia coli,Ciprofloxacin,Georgia
Escherichia coli,Ciprofloxacin,Georgia
Escherichia coli,Ciprofloxacin,Georgia
Escherichia coli,Ciprofloxacin,Georgia
Escherichia coli,Ciprofloxacin,India
Escherichia coli,Ciprofloxacin,India
Escherichia coli,Ciprofloxacin,India
Escherichia coli,Ciprofloxacin,India
Escherichia coli,Ciprofloxacin,Jordan
Escherichia coli,Ciprofloxacin,Jordan
Escherichia coli,Ciprofloxacin,Jordan
Escherichia coli,Ciprofloxacin,Jordan
Escherichia coli,Ciprofloxacin,Japan
Escherichia coli,Ciprofloxacin,Japan
Escherichia coli,Ciprofloxacin,Japan
Escherichia coli,Ciprofloxacin,Japan
Escherichia coli,Ciprofloxacin,Republic of Korea
Escherichia coli,Ciprofloxacin,Republic of Korea
Escherichia coli,Ciprofloxacin,Republic of Korea
Escherichia coli,Ciprofloxacin,Republic of Korea
Escherichia coli,Ciprofloxacin,Lao People's Democratic Republic
Escherichia coli,Ciprofloxacin,Lao People's Democratic Republic
Escherichia coli,Ciprofloxacin,Lao People's Democratic Republic
Escherichia coli,Ciprofloxacin,Lao People's Democratic Republic
Escherichia coli,Ciprofloxacin,Lebanon
Escherichia coli,Ciprofloxacin,Lebanon
Escherichia coli,Ciprofloxacin,Lebanon
Escherichia coli,Ciprofloxacin,Lebanon
Escherichia coli,Ciprofloxacin,North Macedonia
Escherichia coli,Ciprofloxacin,North Macedonia
Escherichia coli,Ciprofloxacin,North Macedonia
Escherichia coli,Ciprofloxacin,North Macedonia
Escherichia coli,Ciprofloxacin,Malta
Escherichia coli,Ciprofloxacin,Malta
Escherichia coli,Ciprofloxacin,Malta
Escherichia coli,Ciprofloxacin,Malta
Escherichia coli,Ciprofloxacin,Malaysia
Escherichia coli,Ciprofloxacin,Malaysia
Escherichia coli,Ciprofloxacin,Malaysia
Escherichia coli,Ciprofloxacin,Malaysia
Escherichia coli,Ciprofloxacin,Oman
Escherichia coli,Ciprofloxacin,Oman
Escherichia coli,Ciprofloxacin,Oman
Escherichia coli,Ciprofloxacin,Oman
Escherichia coli,Ciprofloxacin,Pakistan
Escherichia coli,Ciprofloxacin,Pakistan
Escherichia coli,Ciprofloxacin,Pakistan
Escherichia coli,Ciprofloxacin,Pakistan
Escherichia coli,Ciprofloxacin,Philippines
Escherichia coli,Ciprofloxacin,Philippines
Escherichia coli,Ciprofloxacin,Philippines
Escherichia coli,Ciprofloxacin,Philippines
Escherichia coli,Ciprofloxacin,Russian Federation
Escherichia coli,Ciprofloxacin,Russian Federation
Escherichia coli,Ciprofloxacin,Russian Federation
Escherichia coli,Ciprofloxacin,Russian Federation
Escherichia coli,Ciprofloxacin,Saudi Arabia
Escherichia coli,Ciprofloxacin,Saudi Arabia
Escherichia coli,Ciprofloxacin,Saudi Arabia
Escherichia coli,Ciprofloxacin,Saudi Arabia
Escherichia coli,Ciprofloxacin,Thailand
Escherichia coli,Ciprofloxacin,Thailand
Escherichia coli,Ciprofloxacin,Thailand
Escherichia coli,Ciprofloxacin,Thailand
Escherichia coli,Ciprofloxacin,Tunisia
Escherichia coli,Ciprofloxacin,Tunisia
Escherichia coli,Ciprofloxacin,Tunisia
Escherichia coli,Ciprofloxacin,Tunisia
Escherichia coli,Co-trimoxazole,United Arab Emirates
Escherichia coli,Co-trimoxazole,United Arab Emirates
Escherichia coli,Co-trimoxazole,United Arab Emirates
Escherichia coli,Co-trimoxazole,United Arab Emirates
Escherichia coli,Co-trimoxazole,Argentina
Escherichia coli,Co-trimoxazole,Argentina
Escherichia coli,Co-trimoxazole,Argentina
Escherichia coli,Co-trimoxazole,Argentina
Escherichia coli,Co-trimoxazole,India
Escherichia coli,Co-trimoxazole,India
Escherichia coli,Co-trimoxazole,India
Escherichia coli,Co-trimoxazole,India
Escherichia coli,Co-trimoxazole,Republic of Korea
Escherichia coli,Co-trimoxazole,Republic of Korea
Escherichia coli,Co-trimoxazole,Republic of Korea
Escherichia coli,Co-trimoxazole,Republic of Korea
Escherichia coli,Co-trimoxazole,Lao People's Democratic Republic
Escherichia coli,Co-trimoxazole,Lao People's Democratic Republic
Escherichia coli,Co-trimoxazole,Lao People's Democratic Republic
Escherichia coli,Co-trimoxazole,Lao People's Democratic Republic
Escherichia coli,Co-trimoxazole,North Macedonia
Escherichia coli,Co-trimoxazole,North Macedonia
Escherichia coli,Co-trimoxazole,North Macedonia
Escherichia coli,Co-trimoxazole,North Macedonia
Escherichia coli,Co-trimoxazole,Malaysia
Escherichia coli,Co-trimoxazole,Malaysia
Escherichia coli,Co-trimoxazole,Malaysia
Escherichia coli,Co-trimoxazole,Malaysia
Escherichia coli,Co-trimoxazole,Oman
Escherichia coli,Co-trimoxazole,Oman
Escherichia coli,Co-trimoxazole,Oman
Escherichia coli,Co-trimoxazole,Oman
Escherichia coli,Co-trimoxazole,Pakistan
Escherichia coli,Co-trimoxazole,Pakistan
Escherichia coli,Co-trimoxazole,Pakistan
Escherichia coli,Co-trimoxazole,Pakistan
Escherichia coli,Co-trimoxazole,Philippines
Escherichia coli,Co-trimoxazole,Philippines
Escherichia coli,Co-trimoxazole,Philippines
Escherichia coli,Co-trimoxazole,Philippines
Escherichia coli,Co-trimoxazole,Saudi Arabia
Escherichia coli,Co-trimoxazole,Saudi Arabia
Escherichia coli,Co-trimoxazole,Saudi Arabia
Escherichia coli,Co-trimoxazole,Saudi Arabia
Escherichia coli,Co-trimoxazole,Thailand
Escherichia coli,Co-trimoxazole,Thailand
Escherichia coli,Co-trimoxazole,Thailand
Escherichia coli,Co-trimoxazole,Thailand
Escherichia coli,Colistin,United Arab Emirates
Escherichia coli,Colistin,United Arab Emirates
Escherichia coli,Colistin,United Arab Emirates
Escherichia coli,Colistin,United Arab Emirates
Escherichia coli,Colistin,Argentina
Escherichia coli,Colistin,Argentina
Escherichia coli,Colistin,Argentina
Escherichia coli,Colistin,Argentina
Escherichia coli,Colistin,Switzerland
Escherichia coli,Colistin,Switzerland
Escherichia coli,Colistin,Switzerland
Escherichia coli,Colistin,Switzerland
Escherichia coli,Colistin,North Macedonia
Escherichia coli,Colistin,North Macedonia
Escherichia coli,Colistin,North Macedonia
Escherichia coli,Colistin,North Macedonia
Escherichia coli,Colistin,Malaysia
Escherichia coli,Colistin,Malaysia
Escherichia coli,Colistin,Malaysia
Escherichia coli,Colistin,Malaysia
Escherichia coli,Colistin,Oman
Escherichia coli,Colistin,Oman
Escherichia coli,Colistin,Oman
Escherichia coli,Colistin,Oman
Escherichia coli,Colistin,Philippines
Escherichia coli,Colistin,Philippines
Escherichia coli,Colistin,Philippines
Escherichia coli,Colistin,Philippines
Escherichia coli,Colistin,Saudi Arabia
Escherichia coli,Colistin,Saudi Arabia
Escherichia coli,Colistin,Saudi Arabia
Escherichia coli,Colistin,Saudi Arabia
Escherichia coli,Colistin,Thailand
Escherichia coli,Colistin,Thailand
Escherichia coli,Colistin,Thailand
Escherichia coli,Colistin,Thailand
Escherichia coli,Doripenem,Malaysia
Escherichia coli,Doripenem,Malaysia
Escherichia coli,Doripenem,Malaysia
Escherichia coli,Doripenem,Malaysia
Escherichia coli,Doripenem,Philippines
Escherichia coli,Doripenem,Philippines
Escherichia coli,Doripenem,Philippines
Escherichia coli,Doripenem,Philippines
Escherichia coli,Doripenem,Thailand
Escherichia coli,Doripenem,Thailand
Escherichia coli,Doripenem,Thailand
Escherichia coli,Doripenem,Thailand
Escherichia coli,Ertapenem,United Arab Emirates
Escherichia coli,Ertapenem,United Arab Emirates
Escherichia coli,Ertapenem,United Arab Emirates
Escherichia coli,Ertapenem,United Arab Emirates
Escherichia coli,Ertapenem,Argentina
Escherichia coli,Ertapenem,Argentina
Escherichia coli,Ertapenem,Argentina
Escherichia coli,Ertapenem,Argentina
Escherichia coli,Ertapenem,Bosnia and Herzegovina
Escherichia coli,Ertapenem,Bosnia and Herzegovina
Escherichia coli,Ertapenem,Bosnia and Herzegovina
Escherichia coli,Ertapenem,Bosnia and Herzegovina
Escherichia coli,Ertapenem,Switzerland
Escherichia coli,Ertapenem,Switzerland
Escherichia coli,Ertapenem,Switzerland
Escherichia coli,Ertapenem,Switzerland
Escherichia coli,Ertapenem,India
Escherichia coli,Ertapenem,India
Escherichia coli,Ertapenem,India
Escherichia coli,Ertapenem,India
Escherichia coli,Ertapenem,Jordan
Escherichia coli,Ertapenem,Jordan
Escherichia coli,Ertapenem,Jordan
Escherichia coli,Ertapenem,Jordan
Escherichia coli,Ertapenem,Republic of Korea
Escherichia coli,Ertapenem,Republic of Korea
Escherichia coli,Ertapenem,Republic of Korea
Escherichia coli,Ertapenem,Republic of Korea
Escherichia coli,Ertapenem,North Macedonia
Escherichia coli,Ertapenem,North Macedonia
Escherichia coli,Ertapenem,North Macedonia
Escherichia coli,Ertapenem,North Macedonia
Escherichia coli,Ertapenem,Malaysia
Escherichia coli,Ertapenem,Malaysia
Escherichia coli,Ertapenem,Malaysia
Escherichia coli,Ertapenem,Malaysia
Escherichia coli,Ertapenem,Philippines
Escherichia coli,Ertapenem,Philippines
Escherichia coli,Ertapenem,Philippines
Escherichia coli,Ertapenem,Philippines
Escherichia coli,Ertapenem,Russian Federation
Escherichia coli,Ertapenem,Russian Federation
Escherichia coli,Ertapenem,Russian Federation
Escherichia coli,Ertapenem,Russian Federation
Escherichia coli,Ertapenem,Saudi Arabia
Escherichia coli,Ertapenem,Saudi Arabia
Escherichia coli,Ertapenem,Saudi Arabia
Escherichia coli,Ertapenem,Saudi Arabia
Escherichia coli,Ertapenem,Thailand
Escherichia coli,Ertapenem,Thailand
Escherichia coli,Ertapenem,Thailand
Escherichia coli,Ertapenem,Thailand
Escherichia coli,Ertapenem,Tunisia
Escherichia coli,Ertapenem,Tunisia
Escherichia coli,Ertapenem,Tunisia
Escherichia coli,Ertapenem,Tunisia
Escherichia coli,Imipenem,United Arab Emirates
Escherichia coli,Imipenem,United Arab Emirates
Escherichia coli,Imipenem,United Arab Emirates
Escherichia coli,Imipenem,United Arab Emirates
Escherichia coli,Imipenem,Argentina
Escherichia coli,Imipenem,Argentina
Escherichia coli,Imipenem,Argentina
Escherichia coli,Imipenem,Argentina
Escherichia coli,Imipenem,Bosnia and Herzegovina
Escherichia coli,Imipenem,Bosnia and Herzegovina
Escherichia coli,Imipenem,Bosnia and Herzegovina
Escherichia coli,Imipenem,Bosnia and Herzegovina
Escherichia coli,Imipenem,Switzerland
Escherichia coli,Imipenem,Switzerland
Escherichia coli,Imipenem,Switzerland
Escherichia coli,Imipenem,Switzerland
Escherichia coli,Imipenem,Georgia
Escherichia coli,Imipenem,Georgia
Escherichia coli,Imipenem,Georgia
Escherichia coli,Imipenem,Georgia
Escherichia coli,Imipenem,India
Escherichia coli,Imipenem,India
Escherichia coli,Imipenem,India
Escherichia coli,Imipenem,India
Escherichia coli,Imipenem,Jordan
Escherichia coli,Imipenem,Jordan
Escherichia coli,Imipenem,Jordan
Escherichia coli,Imipenem,Jordan
Escherichia coli,Imipenem,Japan
Escherichia coli,Imipenem,Japan
Escherichia coli,Imipenem,Japan
Escherichia coli,Imipenem,Japan
Escherichia coli,Imipenem,Republic of Korea
Escherichia coli,Imipenem,Republic of Korea
Escherichia coli,Imipenem,Republic of Korea
Escherichia coli,Imipenem,Republic of Korea
Escherichia coli,Imipenem,North Macedonia
Escherichia coli,Imipenem,North Macedonia
Escherichia coli,Imipenem,North Macedonia
Escherichia coli,Imipenem,North Macedonia
Escherichia coli,Imipenem,Malta
Escherichia coli,Imipenem,Malta
Escherichia coli,Imipenem,Malta
Escherichia coli,Imipenem,Malta
Escherichia coli,Imipenem,Malaysia
Escherichia coli,Imipenem,Malaysia
Escherichia coli,Imipenem,Malaysia
Escherichia coli,Imipenem,Malaysia
Escherichia coli,Imipenem,Oman
Escherichia coli,Imipenem,Oman
Escherichia coli,Imipenem,Oman
Escherichia coli,Imipenem,Oman
Escherichia coli,Imipenem,Pakistan
Escherichia coli,Imipenem,Pakistan
Escherichia coli,Imipenem,Pakistan
Escherichia coli,Imipenem,Pakistan
Escherichia coli,Imipenem,Philippines
Escherichia coli,Imipenem,Philippines
Escherichia coli,Imipenem,Philippines
Escherichia coli,Imipenem,Philippines
Escherichia coli,Imipenem,Russian Federation
Escherichia coli,Imipenem,Russian Federation
Escherichia coli,Imipenem,Russian Federation
Escherichia coli,Imipenem,Russian Federation
Escherichia coli,Imipenem,Saudi Arabia
Escherichia coli,Imipenem,Saudi Arabia
Escherichia coli,Imipenem,Saudi Arabia
Escherichia coli,Imipenem,Saudi Arabia
Escherichia coli,Imipenem,Thailand
Escherichia coli,Imipenem,Thailand
Escherichia coli,Imipenem,Thailand
Escherichia coli,Imipenem,Thailand
Escherichia coli,Imipenem,Tunisia
Escherichia coli,Imipenem,Tunisia
Escherichia coli,Imipenem,Tunisia
Escherichia coli,Imipenem,Tunisia
Escherichia coli,Levofloxacin,United Arab Emirates
Escherichia coli,Levofloxacin,United Arab Emirates
Escherichia coli,Levofloxacin,United Arab Emirates
Escherichia coli,Levofloxacin,United Arab Emirates
Escherichia coli,Levofloxacin,Bosnia and Herzegovina
Escherichia coli,Levofloxacin,Bosnia and Herzegovina
Escherichia coli,Levofloxacin,Bosnia and Herzegovina
Escherichia coli,Levofloxacin,Bosnia and Herzegovina
Escherichia coli,Levofloxacin,Switzerland
Escherichia coli,Levofloxacin,Switzerland
Escherichia coli,Levofloxacin,Switzerland
Escherichia coli,Levofloxacin,Switzerland
Escherichia coli,Levofloxacin,Georgia
Escherichia coli,Levofloxacin,Georgia
Escherichia coli,Levofloxacin,Georgia
Escherichia coli,Levofloxacin,Georgia
Escherichia coli,Levofloxacin,Japan
Escherichia coli,Levofloxacin,Japan
Escherichia coli,Levofloxacin,Japan
Escherichia coli,Levofloxacin,Japan
Escherichia coli,Levofloxacin,North Macedonia
Escherichia coli,Levofloxacin,North Macedonia
Escherichia coli,Levofloxacin,North Macedonia
Escherichia coli,Levofloxacin,North Macedonia
Escherichia coli,Levofloxacin,Pakistan
Escherichia coli,Levofloxacin,Pakistan
Escherichia coli,Levofloxacin,Pakistan
Escherichia coli,Levofloxacin,Pakistan
Escherichia coli,Levofloxacin,Philippines
Escherichia coli,Levofloxacin,Philippines
Escherichia coli,Levofloxacin,Philippines
Escherichia coli,Levofloxacin,Philippines
Escherichia coli,Levofloxacin,Saudi Arabia
Escherichia coli,Levofloxacin,Saudi Arabia
Escherichia coli,Levofloxacin,Saudi Arabia
Escherichia coli,Levofloxacin,Saudi Arabia
Escherichia coli,Levofloxacin,Thailand
Escherichia coli,Levofloxacin,Thailand
Escherichia coli,Levofloxacin,Thailand
Escherichia coli,Levofloxacin,Thailand
Acinetobacter spp.,Doripenem,Thailand
Acinetobacter spp.,Doripenem,Thailand
Acinetobacter spp.,Doripenem,Thailand
Acinetobacter spp.,Doripenem,Thailand
Escherichia coli,Meropenem,United Arab Emirates
Escherichia coli,Meropenem,United Arab Emirates
Escherichia coli,Meropenem,United Arab Emirates
Escherichia coli,Meropenem,United Arab Emirates
Escherichia coli,Meropenem,Argentina
Escherichia coli,Meropenem,Argentina
Escherichia coli,Meropenem,Argentina
Escherichia coli,Meropenem,Argentina
Escherichia coli,Meropenem,Bosnia and Herzegovina
Escherichia coli,Meropenem,Bosnia and Herzegovina
Escherichia coli,Meropenem,Bosnia and Herzegovina
Escherichia coli,Meropenem,Bosnia and Herzegovina
Escherichia coli,Meropenem,Switzerland
Escherichia coli,Meropenem,Switzerland
Escherichia coli,Meropenem,Switzerland
Escherichia coli,Meropenem,Switzerland
Escherichia coli,Meropenem,Georgia
Escherichia coli,Meropenem,Georgia
Escherichia coli,Meropenem,Georgia
Escherichia coli,Meropenem,Georgia
Escherichia coli,Meropenem,India
Escherichia coli,Meropenem,India
Escherichia coli,Meropenem,India
Escherichia coli,Meropenem,India
Escherichia coli,Meropenem,Japan
Escherichia coli,Meropenem,Japan
Escherichia coli,Meropenem,Japan
Escherichia coli,Meropenem,Japan
Escherichia coli,Meropenem,Republic of Korea
Escherichia coli,Meropenem,Republic of Korea
Escherichia coli,Meropenem,Republic of Korea
Escherichia coli,Meropenem,Republic of Korea
Escherichia coli,Meropenem,Lao People's Democratic Republic
Escherichia coli,Meropenem,Lao People's Democratic Republic
Escherichia coli,Meropenem,Lao People's Democratic Republic
Escherichia coli,Meropenem,Lao People's Democratic Republic
Escherichia coli,Meropenem,North Macedonia
Escherichia coli,Meropenem,North Macedonia
Escherichia coli,Meropenem,North Macedonia
Escherichia coli,Meropenem,North Macedonia
Escherichia coli,Meropenem,Malta
Escherichia coli,Meropenem,Malta
Escherichia coli,Meropenem,Malta
Escherichia coli,Meropenem,Malta
Escherichia coli,Meropenem,Malaysia
Escherichia coli,Meropenem,Malaysia
Escherichia coli,Meropenem,Malaysia
Escherichia coli,Meropenem,Malaysia
Escherichia coli,Meropenem,Oman
Escherichia coli,Meropenem,Oman
Escherichia coli,Meropenem,Oman
Escherichia coli,Meropenem,Oman
Escherichia coli,Meropenem,Pakistan
Escherichia coli,Meropenem,Pakistan
Escherichia coli,Meropenem,Pakistan
Escherichia coli,Meropenem,Pakistan
Escherichia coli,Meropenem,Philippines
Escherichia coli,Meropenem,Philippines
Escherichia coli,Meropenem,Philippines
Escherichia coli,Meropenem,Philippines
Escherichia coli,Meropenem,Russian Federation
Escherichia coli,Meropenem,Russian Federation
Escherichia coli,Meropenem,Russian Federation
Escherichia coli,Meropenem,Russian Federation
Escherichia coli,Meropenem,Saudi Arabia
Escherichia coli,Meropenem,Saudi Arabia
Escherichia coli,Meropenem,Saudi Arabia
Escherichia coli,Meropenem,Saudi Arabia
Escherichia coli,Meropenem,Thailand
Escherichia coli,Meropenem,Thailand
Escherichia coli,Meropenem,Thailand
Escherichia coli,Meropenem,Thailand
Klebsiella pneumoniae,Cefepime,United Arab Emirates
Klebsiella pneumoniae,Cefepime,United Arab Emirates
Klebsiella pneumoniae,Cefepime,United Arab Emirates
Klebsiella pneumoniae,Cefepime,United Arab Emirates
Klebsiella pneumoniae,Cefepime,Argentina
Klebsiella pneumoniae,Cefepime,Argentina
Klebsiella pneumoniae,Cefepime,Argentina
Klebsiella pneumoniae,Cefepime,Argentina
Klebsiella pneumoniae,Cefepime,Bahrain
Klebsiella pneumoniae,Cefepime,Bahrain
Klebsiella pneumoniae,Cefepime,Bahrain
Klebsiella pneumoniae,Cefepime,Bahrain
Klebsiella pneumoniae,Cefepime,Egypt
Klebsiella pneumoniae,Cefepime,Egypt
Klebsiella pneumoniae,Cefepime,Egypt
Klebsiella pneumoniae,Cefepime,Egypt
Klebsiella pneumoniae,Cefepime,India
Klebsiella pneumoniae,Cefepime,India
Klebsiella pneumoniae,Cefepime,India
Klebsiella pneumoniae,Cefepime,India
Klebsiella pneumoniae,Cefepime,Japan
Klebsiella pneumoniae,Cefepime,Japan
Klebsiella pneumoniae,Cefepime,Japan
Klebsiella pneumoniae,Cefepime,Japan
Klebsiella pneumoniae,Cefepime,Republic of Korea
Klebsiella pneumoniae,Cefepime,Republic of Korea
Klebsiella pneumoniae,Cefepime,Republic of Korea
Klebsiella pneumoniae,Cefepime,Republic of Korea
Klebsiella pneumoniae,Cefepime,Malta
Klebsiella pneumoniae,Cefepime,Malta
Klebsiella pneumoniae,Cefepime,Malta
Klebsiella pneumoniae,Cefepime,Malta
Klebsiella pneumoniae,Cefepime,Malaysia
Klebsiella pneumoniae,Cefepime,Malaysia
Klebsiella pneumoniae,Cefepime,Malaysia
Klebsiella pneumoniae,Cefepime,Malaysia
Klebsiella pneumoniae,Cefepime,Oman
Klebsiella pneumoniae,Cefepime,Oman
Klebsiella pneumoniae,Cefepime,Oman
Klebsiella pneumoniae,Cefepime,Oman
Klebsiella pneumoniae,Cefepime,Pakistan
Klebsiella pneumoniae,Cefepime,Pakistan
Klebsiella pneumoniae,Cefepime,Pakistan
Klebsiella pneumoniae,Cefepime,Pakistan
Klebsiella pneumoniae,Cefepime,Philippines
Klebsiella pneumoniae,Cefepime,Philippines
Klebsiella pneumoniae,Cefepime,Philippines
Klebsiella pneumoniae,Cefepime,Philippines
Klebsiella pneumoniae,Cefepime,Saudi Arabia
Klebsiella pneumoniae,Cefepime,Saudi Arabia
Klebsiella pneumoniae,Cefepime,Saudi Arabia
Klebsiella pneumoniae,Cefepime,Saudi Arabia
Klebsiella pneumoniae,Cefepime,Tunisia
Klebsiella pneumoniae,Cefepime,Tunisia
Klebsiella pneumoniae,Cefepime,Tunisia
Klebsiella pneumoniae,Cefepime,Tunisia
Klebsiella pneumoniae,Cefotaxime,United Arab Emirates
Klebsiella pneumoniae,Cefotaxime,United Arab Emirates
Klebsiella pneumoniae,Cefotaxime,United Arab Emirates
Klebsiella pneumoniae,Cefotaxime,United Arab Emirates
Klebsiella pneumoniae,Cefotaxime,Bosnia and Herzegovina
Klebsiella pneumoniae,Cefotaxime,Bosnia and Herzegovina
Klebsiella pneumoniae,Cefotaxime,Bosnia and Herzegovina
Klebsiella pneumoniae,Cefotaxime,Bosnia and Herzegovina
Klebsiella pneumoniae,Cefotaxime,Switzerland
Klebsiella pneumoniae,Cefotaxime,Switzerland
Klebsiella pneumoniae,Cefotaxime,Switzerland
Klebsiella pneumoniae,Cefotaxime,Switzerland
Klebsiella pneumoniae,Cefotaxime,Egypt
Klebsiella pneumoniae,Cefotaxime,Egypt
Klebsiella pneumoniae,Cefotaxime,Egypt
Klebsiella pneumoniae,Cefotaxime,Egypt
Klebsiella pneumoniae,Cefotaxime,Georgia
Klebsiella pneumoniae,Cefotaxime,Georgia
Klebsiella pneumoniae,Cefotaxime,Georgia
Klebsiella pneumoniae,Cefotaxime,Georgia
Klebsiella pneumoniae,Cefotaxime,India
Klebsiella pneumoniae,Cefotaxime,India
Klebsiella pneumoniae,Cefotaxime,India
Klebsiella pneumoniae,Cefotaxime,India
Klebsiella pneumoniae,Cefotaxime,Japan
Klebsiella pneumoniae,Cefotaxime,Japan
Klebsiella pneumoniae,Cefotaxime,Japan
Klebsiella pneumoniae,Cefotaxime,Japan
Klebsiella pneumoniae,Cefotaxime,Republic of Korea
Klebsiella pneumoniae,Cefotaxime,Republic of Korea
Klebsiella pneumoniae,Cefotaxime,Republic of Korea
Klebsiella pneumoniae,Cefotaxime,Republic of Korea
Klebsiella pneumoniae,Cefotaxime,North Macedonia
Klebsiella pneumoniae,Cefotaxime,North Macedonia
Klebsiella pneumoniae,Cefotaxime,North Macedonia
Klebsiella pneumoniae,Cefotaxime,North Macedonia
Klebsiella pneumoniae,Cefotaxime,Malta
Klebsiella pneumoniae,Cefotaxime,Malta
Klebsiella pneumoniae,Cefotaxime,Malta
Klebsiella pneumoniae,Cefotaxime,Malta
Klebsiella pneumoniae,Cefotaxime,Malaysia
Klebsiella pneumoniae,Cefotaxime,Malaysia
Klebsiella pneumoniae,Cefotaxime,Malaysia
Klebsiella pneumoniae,Cefotaxime,Malaysia
Klebsiella pneumoniae,Cefotaxime,Oman
Klebsiella pneumoniae,Cefotaxime,Oman
Klebsiella pneumoniae,Cefotaxime,Oman
Klebsiella pneumoniae,Cefotaxime,Oman
Klebsiella pneumoniae,Cefotaxime,Philippines
Klebsiella pneumoniae,Cefotaxime,Philippines
Klebsiella pneumoniae,Cefotaxime,Philippines
Klebsiella pneumoniae,Cefotaxime,Philippines
Klebsiella pneumoniae,Cefotaxime,Russian Federation
Klebsiella pneumoniae,Cefotaxime,Russian Federation
Klebsiella pneumoniae,Cefotaxime,Russian Federation
Klebsiella pneumoniae,Cefotaxime,Russian Federation
Klebsiella pneumoniae,Cefotaxime,Saudi Arabia
Klebsiella pneumoniae,Cefotaxime,Saudi Arabia
Klebsiella pneumoniae,Cefotaxime,Saudi Arabia
Klebsiella pneumoniae,Cefotaxime,Saudi Arabia
Klebsiella pneumoniae,Cefotaxime,Thailand
Klebsiella pneumoniae,Cefotaxime,Thailand
Klebsiella pneumoniae,Cefotaxime,Thailand
Klebsiella pneumoniae,Cefotaxime,Thailand
Klebsiella pneumoniae,Cefotaxime,Tunisia
Klebsiella pneumoniae,Cefotaxime,Tunisia
Klebsiella pneumoniae,Cefotaxime,Tunisia
Klebsiella pneumoniae,Cefotaxime,Tunisia
Klebsiella pneumoniae,Ceftazidime,United Arab Emirates
Klebsiella pneumoniae,Ceftazidime,United Arab Emirates
Klebsiella pneumoniae,Ceftazidime,United Arab Emirates
Klebsiella pneumoniae,Ceftazidime,United Arab Emirates
Klebsiella pneumoniae,Ceftazidime,Argentina
Klebsiella pneumoniae,Ceftazidime,Argentina
Klebsiella pneumoniae,Ceftazidime,Argentina
Klebsiella pneumoniae,Ceftazidime,Argentina
Klebsiella pneumoniae,Ceftazidime,Bosnia and Herzegovina
Klebsiella pneumoniae,Ceftazidime,Bosnia and Herzegovina
Klebsiella pneumoniae,Ceftazidime,Bosnia and Herzegovina
Klebsiella pneumoniae,Ceftazidime,Bosnia and Herzegovina
Klebsiella pneumoniae,Ceftazidime,Switzerland
Klebsiella pneumoniae,Ceftazidime,Switzerland
Klebsiella pneumoniae,Ceftazidime,Switzerland
Klebsiella pneumoniae,Ceftazidime,Switzerland
Klebsiella pneumoniae,Ceftazidime,Egypt
Klebsiella pneumoniae,Ceftazidime,Egypt
Klebsiella pneumoniae,Ceftazidime,Egypt
Klebsiella pneumoniae,Ceftazidime,Egypt
Klebsiella pneumoniae,Ceftazidime,Georgia
Klebsiella pneumoniae,Ceftazidime,Georgia
Klebsiella pneumoniae,Ceftazidime,Georgia
Klebsiella pneumoniae,Ceftazidime,Georgia
Klebsiella pneumoniae,Ceftazidime,India
Klebsiella pneumoniae,Ceftazidime,India
Klebsiella pneumoniae,Ceftazidime,India
Klebsiella pneumoniae,Ceftazidime,India
Klebsiella pneumoniae,Ceftazidime,Japan
Klebsiella pneumoniae,Ceftazidime,Japan
Klebsiella pneumoniae,Ceftazidime,Japan
Klebsiella pneumoniae,Ceftazidime,Japan
Klebsiella pneumoniae,Ceftazidime,Republic of Korea
Klebsiella pneumoniae,Ceftazidime,Republic of Korea
Klebsiella pneumoniae,Ceftazidime,Republic of Korea
Klebsiella pneumoniae,Ceftazidime,Republic of Korea
Klebsiella pneumoniae,Ceftazidime,North Macedonia
Klebsiella pneumoniae,Ceftazidime,North Macedonia
Klebsiella pneumoniae,Ceftazidime,North Macedonia
Klebsiella pneumoniae,Ceftazidime,North Macedonia
Klebsiella pneumoniae,Ceftazidime,Malta
Klebsiella pneumoniae,Ceftazidime,Malta
Klebsiella pneumoniae,Ceftazidime,Malta
Klebsiella pneumoniae,Ceftazidime,Malta
Klebsiella pneumoniae,Ceftazidime,Malaysia
Klebsiella pneumoniae,Ceftazidime,Malaysia
Klebsiella pneumoniae,Ceftazidime,Malaysia
Klebsiella pneumoniae,Ceftazidime,Malaysia
Klebsiella pneumoniae,Ceftazidime,Oman
Klebsiella pneumoniae,Ceftazidime,Oman
Klebsiella pneumoniae,Ceftazidime,Oman
Klebsiella pneumoniae,Ceftazidime,Oman
Klebsiella pneumoniae,Ceftazidime,Philippines
Klebsiella pneumoniae,Ceftazidime,Philippines
Klebsiella pneumoniae,Ceftazidime,Philippines
Klebsiella pneumoniae,Ceftazidime,Philippines
Klebsiella pneumoniae,Ceftazidime,Russian Federation
Klebsiella pneumoniae,Ceftazidime,Russian Federation
Klebsiella pneumoniae,Ceftazidime,Russian Federation
Klebsiella pneumoniae,Ceftazidime,Russian Federation
Klebsiella pneumoniae,Ceftazidime,Saudi Arabia
Klebsiella pneumoniae,Ceftazidime,Saudi Arabia
Klebsiella pneumoniae,Ceftazidime,Saudi Arabia
Klebsiella pneumoniae,Ceftazidime,Saudi Arabia
Klebsiella pneumoniae,Ceftazidime,Thailand
Klebsiella pneumoniae,Ceftazidime,Thailand
Klebsiella pneumoniae,Ceftazidime,Thailand
Klebsiella pneumoniae,Ceftazidime,Thailand
Klebsiella pneumoniae,Ceftazidime,Tunisia
Klebsiella pneumoniae,Ceftazidime,Tunisia
Klebsiella pneumoniae,Ceftazidime,Tunisia
Klebsiella pneumoniae,Ceftazidime,Tunisia
Klebsiella pneumoniae,Ceftazidime,Uganda
Klebsiella pneumoniae,Ceftazidime,Uganda
Klebsiella pneumoniae,Ceftazidime,Uganda
Klebsiella pneumoniae,Ceftazidime,Uganda
Klebsiella pneumoniae,Ceftriaxone,United Arab Emirates
Klebsiella pneumoniae,Ceftriaxone,United Arab Emirates
Klebsiella pneumoniae,Ceftriaxone,United Arab Emirates
Klebsiella pneumoniae,Ceftriaxone,United Arab Emirates
Klebsiella pneumoniae,Ceftriaxone,Bahrain
Klebsiella pneumoniae,Ceftriaxone,Bahrain
Klebsiella pneumoniae,Ceftriaxone,Bahrain
Klebsiella pneumoniae,Ceftriaxone,Bahrain
Klebsiella pneumoniae,Ceftriaxone,Bosnia and Herzegovina
Klebsiella pneumoniae,Ceftriaxone,Bosnia and Herzegovina
Klebsiella pneumoniae,Ceftriaxone,Bosnia and Herzegovina
Klebsiella pneumoniae,Ceftriaxone,Bosnia and Herzegovina
Klebsiella pneumoniae,Ceftriaxone,Switzerland
Klebsiella pneumoniae,Ceftriaxone,Switzerland
Klebsiella pneumoniae,Ceftriaxone,Switzerland
Klebsiella pneumoniae,Ceftriaxone,Switzerland
Klebsiella pneumoniae,Ceftriaxone,Egypt
Klebsiella pneumoniae,Ceftriaxone,Egypt
Klebsiella pneumoniae,Ceftriaxone,Egypt
Klebsiella pneumoniae,Ceftriaxone,Egypt
Klebsiella pneumoniae,Ceftriaxone,Georgia
Klebsiella pneumoniae,Ceftriaxone,Georgia
Klebsiella pneumoniae,Ceftriaxone,Georgia
Klebsiella pneumoniae,Ceftriaxone,Georgia
Klebsiella pneumoniae,Ceftriaxone,India
Klebsiella pneumoniae,Ceftriaxone,India
Klebsiella pneumoniae,Ceftriaxone,India
Klebsiella pneumoniae,Ceftriaxone,India
Klebsiella pneumoniae,Ceftriaxone,Japan
Klebsiella pneumoniae,Ceftriaxone,Japan
Klebsiella pneumoniae,Ceftriaxone,Japan
Klebsiella pneumoniae,Ceftriaxone,Japan
Klebsiella pneumoniae,Ceftriaxone,Lao People's Democratic Republic
Klebsiella pneumoniae,Ceftriaxone,Lao People's Democratic Republic
Klebsiella pneumoniae,Ceftriaxone,Lao People's Democratic Republic
Klebsiella pneumoniae,Ceftriaxone,Lao People's Democratic Republic
Klebsiella pneumoniae,Ceftriaxone,North Macedonia
Klebsiella pneumoniae,Ceftriaxone,North Macedonia
Klebsiella pneumoniae,Ceftriaxone,North Macedonia
Klebsiella pneumoniae,Ceftriaxone,North Macedonia
Klebsiella pneumoniae,Ceftriaxone,Malaysia
Klebsiella pneumoniae,Ceftriaxone,Malaysia
Klebsiella pneumoniae,Ceftriaxone,Malaysia
Klebsiella pneumoniae,Ceftriaxone,Malaysia
Klebsiella pneumoniae,Ceftriaxone,Oman
Klebsiella pneumoniae,Ceftriaxone,Oman
Klebsiella pneumoniae,Ceftriaxone,Oman
Klebsiella pneumoniae,Ceftriaxone,Oman
Klebsiella pneumoniae,Ceftriaxone,Pakistan
Klebsiella pneumoniae,Ceftriaxone,Pakistan
Klebsiella pneumoniae,Ceftriaxone,Pakistan
Klebsiella pneumoniae,Ceftriaxone,Pakistan
Klebsiella pneumoniae,Ceftriaxone,Philippines
Klebsiella pneumoniae,Ceftriaxone,Philippines
Klebsiella pneumoniae,Ceftriaxone,Philippines
Klebsiella pneumoniae,Ceftriaxone,Philippines
Klebsiella pneumoniae,Ceftriaxone,Saudi Arabia
Klebsiella pneumoniae,Ceftriaxone,Saudi Arabia
Klebsiella pneumoniae,Ceftriaxone,Saudi Arabia
Klebsiella pneumoniae,Ceftriaxone,Saudi Arabia
Klebsiella pneumoniae,Ceftriaxone,Thailand
Klebsiella pneumoniae,Ceftriaxone,Thailand
Klebsiella pneumoniae,Ceftriaxone,Thailand
Klebsiella pneumoniae,Ceftriaxone,Thailand
Klebsiella pneumoniae,Ciprofloxacin,United Arab Emirates
Klebsiella pneumoniae,Ciprofloxacin,United Arab Emirates
Klebsiella pneumoniae,Ciprofloxacin,United Arab Emirates
Klebsiella pneumoniae,Ciprofloxacin,United Arab Emirates
Klebsiella pneumoniae,Ciprofloxacin,Argentina
Klebsiella pneumoniae,Ciprofloxacin,Argentina
Klebsiella pneumoniae,Ciprofloxacin,Argentina
Klebsiella pneumoniae,Ciprofloxacin,Argentina
Klebsiella pneumoniae,Ciprofloxacin,Bahrain
Klebsiella pneumoniae,Ciprofloxacin,Bahrain
Klebsiella pneumoniae,Ciprofloxacin,Bahrain
Klebsiella pneumoniae,Ciprofloxacin,Bahrain
Klebsiella pneumoniae,Ciprofloxacin,Bosnia and Herzegovina
Klebsiella pneumoniae,Ciprofloxacin,Bosnia and Herzegovina
Klebsiella pneumoniae,Ciprofloxacin,Bosnia and Herzegovina
Klebsiella pneumoniae,Ciprofloxacin,Bosnia and Herzegovina
Klebsiella pneumoniae,Ciprofloxacin,Switzerland
Klebsiella pneumoniae,Ciprofloxacin,Switzerland
Klebsiella pneumoniae,Ciprofloxacin,Switzerland
Klebsiella pneumoniae,Ciprofloxacin,Switzerland
Klebsiella pneumoniae,Ciprofloxacin,Egypt
Klebsiella pneumoniae,Ciprofloxacin,Egypt
Klebsiella pneumoniae,Ciprofloxacin,Egypt
Klebsiella pneumoniae,Ciprofloxacin,Egypt
Klebsiella pneumoniae,Ciprofloxacin,Georgia
Klebsiella pneumoniae,Ciprofloxacin,Georgia
Klebsiella pneumoniae,Ciprofloxacin,Georgia
Klebsiella pneumoniae,Ciprofloxacin,Georgia
Klebsiella pneumoniae,Ciprofloxacin,India
Klebsiella pneumoniae,Ciprofloxacin,India
Klebsiella pneumoniae,Ciprofloxacin,India
Klebsiella pneumoniae,Ciprofloxacin,India
Klebsiella pneumoniae,Ciprofloxacin,Japan
Klebsiella pneumoniae,Ciprofloxacin,Japan
Klebsiella pneumoniae,Ciprofloxacin,Japan
Klebsiella pneumoniae,Ciprofloxacin,Japan
Klebsiella pneumoniae,Ciprofloxacin,Republic of Korea
Klebsiella pneumoniae,Ciprofloxacin,Republic of Korea
Klebsiella pneumoniae,Ciprofloxacin,Republic of Korea
Klebsiella pneumoniae,Ciprofloxacin,Republic of Korea
Klebsiella pneumoniae,Ciprofloxacin,Lao People's Democratic Republic
Klebsiella pneumoniae,Ciprofloxacin,Lao People's Democratic Republic
Klebsiella pneumoniae,Ciprofloxacin,Lao People's Democratic Republic
Klebsiella pneumoniae,Ciprofloxacin,Lao People's Democratic Republic
Klebsiella pneumoniae,Ciprofloxacin,North Macedonia
Klebsiella pneumoniae,Ciprofloxacin,North Macedonia
Klebsiella pneumoniae,Ciprofloxacin,North Macedonia
Klebsiella pneumoniae,Ciprofloxacin,North Macedonia
Klebsiella pneumoniae,Ciprofloxacin,Malta
Klebsiella pneumoniae,Ciprofloxacin,Malta
Klebsiella pneumoniae,Ciprofloxacin,Malta
Klebsiella pneumoniae,Ciprofloxacin,Malta
Klebsiella pneumoniae,Ciprofloxacin,Malaysia
Klebsiella pneumoniae,Ciprofloxacin,Malaysia
Klebsiella pneumoniae,Ciprofloxacin,Malaysia
Klebsiella pneumoniae,Ciprofloxacin,Malaysia
Klebsiella pneumoniae,Ciprofloxacin,Oman
Klebsiella pneumoniae,Ciprofloxacin,Oman
Klebsiella pneumoniae,Ciprofloxacin,Oman
Klebsiella pneumoniae,Ciprofloxacin,Oman
Klebsiella pneumoniae,Ciprofloxacin,Pakistan
Klebsiella pneumoniae,Ciprofloxacin,Pakistan
Klebsiella pneumoniae,Ciprofloxacin,Pakistan
Klebsiella pneumoniae,Ciprofloxacin,Pakistan
Klebsiella pneumoniae,Ciprofloxacin,Philippines
Klebsiella pneumoniae,Ciprofloxacin,Philippines
Klebsiella pneumoniae,Ciprofloxacin,Philippines
Klebsiella pneumoniae,Ciprofloxacin,Philippines
Klebsiella pneumoniae,Ciprofloxacin,Russian Federation
Klebsiella pneumoniae,Ciprofloxacin,Russian Federation
Klebsiella pneumoniae,Ciprofloxacin,Russian Federation
Klebsiella pneumoniae,Ciprofloxacin,Russian Federation
Klebsiella pneumoniae,Ciprofloxacin,Saudi Arabia
Klebsiella pneumoniae,Ciprofloxacin,Saudi Arabia
Klebsiella pneumoniae,Ciprofloxacin,Saudi Arabia
Klebsiella pneumoniae,Ciprofloxacin,Saudi Arabia
Klebsiella pneumoniae,Ciprofloxacin,Thailand
Klebsiella pneumoniae,Ciprofloxacin,Thailand
Klebsiella pneumoniae,Ciprofloxacin,Thailand
Klebsiella pneumoniae,Ciprofloxacin,Thailand
Klebsiella pneumoniae,Ciprofloxacin,Tunisia
Klebsiella pneumoniae,Ciprofloxacin,Tunisia
Klebsiella pneumoniae,Ciprofloxacin,Tunisia
Klebsiella pneumoniae,Ciprofloxacin,Tunisia
Klebsiella pneumoniae,Ciprofloxacin,Uganda
Klebsiella pneumoniae,Ciprofloxacin,Uganda
Klebsiella pneumoniae,Ciprofloxacin,Uganda
Klebsiella pneumoniae,Ciprofloxacin,Uganda
Klebsiella pneumoniae,Co-trimoxazole,United Arab Emirates
Klebsiella pneumoniae,Co-trimoxazole,United Arab Emirates
Klebsiella pneumoniae,Co-trimoxazole,United Arab Emirates
Klebsiella pneumoniae,Co-trimoxazole,United Arab Emirates
Klebsiella pneumoniae,Co-trimoxazole,Argentina
Klebsiella pneumoniae,Co-trimoxazole,Argentina
Klebsiella pneumoniae,Co-trimoxazole,Argentina
Klebsiella pneumoniae,Co-trimoxazole,Argentina
Klebsiella pneumoniae,Co-trimoxazole,Bahrain
Klebsiella pneumoniae,Co-trimoxazole,Bahrain
Klebsiella pneumoniae,Co-trimoxazole,Bahrain
Klebsiella pneumoniae,Co-trimoxazole,Bahrain
Klebsiella pneumoniae,Co-trimoxazole,India
Klebsiella pneumoniae,Co-trimoxazole,India
Klebsiella pneumoniae,Co-trimoxazole,India
Klebsiella pneumoniae,Co-trimoxazole,India
Klebsiella pneumoniae,Co-trimoxazole,Republic of Korea
Klebsiella pneumoniae,Co-trimoxazole,Republic of Korea
Klebsiella pneumoniae,Co-trimoxazole,Republic of Korea
Klebsiella pneumoniae,Co-trimoxazole,Republic of Korea
Klebsiella pneumoniae,Co-trimoxazole,Lao People's Democratic Republic
Klebsiella pneumoniae,Co-trimoxazole,Lao People's Democratic Republic
Klebsiella pneumoniae,Co-trimoxazole,Lao People's Democratic Republic
Klebsiella pneumoniae,Co-trimoxazole,Lao People's Democratic Republic
Klebsiella pneumoniae,Co-trimoxazole,Malaysia
Klebsiella pneumoniae,Co-trimoxazole,Malaysia
Klebsiella pneumoniae,Co-trimoxazole,Malaysia
Klebsiella pneumoniae,Co-trimoxazole,Malaysia
Klebsiella pneumoniae,Co-trimoxazole,Oman
Klebsiella pneumoniae,Co-trimoxazole,Oman
Klebsiella pneumoniae,Co-trimoxazole,Oman
Klebsiella pneumoniae,Co-trimoxazole,Oman
Klebsiella pneumoniae,Co-trimoxazole,Pakistan
Klebsiella pneumoniae,Co-trimoxazole,Pakistan
Klebsiella pneumoniae,Co-trimoxazole,Pakistan
Klebsiella pneumoniae,Co-trimoxazole,Pakistan
Klebsiella pneumoniae,Co-trimoxazole,Philippines
Klebsiella pneumoniae,Co-trimoxazole,Philippines
Klebsiella pneumoniae,Co-trimoxazole,Philippines
Klebsiella pneumoniae,Co-trimoxazole,Philippines
Klebsiella pneumoniae,Co-trimoxazole,Saudi Arabia
Klebsiella pneumoniae,Co-trimoxazole,Saudi Arabia
Klebsiella pneumoniae,Co-trimoxazole,Saudi Arabia
Klebsiella pneumoniae,Co-trimoxazole,Saudi Arabia
Klebsiella pneumoniae,Co-trimoxazole,Thailand
Klebsiella pneumoniae,Co-trimoxazole,Thailand
Klebsiella pneumoniae,Co-trimoxazole,Thailand
Klebsiella pneumoniae,Co-trimoxazole,Thailand
Klebsiella pneumoniae,Co-trimoxazole,Uganda
Klebsiella pneumoniae,Co-trimoxazole,Uganda
Klebsiella pneumoniae,Co-trimoxazole,Uganda
Klebsiella pneumoniae,Co-trimoxazole,Uganda
Klebsiella pneumoniae,Colistin,Argentina
Klebsiella pneumoniae,Colistin,Argentina
Klebsiella pneumoniae,Colistin,Argentina
Klebsiella pneumoniae,Colistin,Argentina
Klebsiella pneumoniae,Colistin,Bahrain
Klebsiella pneumoniae,Colistin,Bahrain
Klebsiella pneumoniae,Colistin,Bahrain
Klebsiella pneumoniae,Colistin,Bahrain
Klebsiella pneumoniae,Colistin,Switzerland
Klebsiella pneumoniae,Colistin,Switzerland
Klebsiella pneumoniae,Colistin,Switzerland
Klebsiella pneumoniae,Colistin,Switzerland
Klebsiella pneumoniae,Colistin,Georgia
Klebsiella pneumoniae,Colistin,Georgia
Klebsiella pneumoniae,Colistin,Georgia
Klebsiella pneumoniae,Colistin,Georgia
Klebsiella pneumoniae,Colistin,North Macedonia
Klebsiella pneumoniae,Colistin,North Macedonia
Klebsiella pneumoniae,Colistin,North Macedonia
Klebsiella pneumoniae,Colistin,North Macedonia
Klebsiella pneumoniae,Colistin,Malta
Klebsiella pneumoniae,Colistin,Malta
Klebsiella pneumoniae,Colistin,Malta
Klebsiella pneumoniae,Colistin,Malta
Klebsiella pneumoniae,Colistin,Malaysia
Klebsiella pneumoniae,Colistin,Malaysia
Klebsiella pneumoniae,Colistin,Malaysia
Klebsiella pneumoniae,Colistin,Malaysia
Klebsiella pneumoniae,Colistin,Oman
Klebsiella pneumoniae,Colistin,Oman
Klebsiella pneumoniae,Colistin,Oman
Klebsiella pneumoniae,Colistin,Oman
Klebsiella pneumoniae,Colistin,Philippines
Klebsiella pneumoniae,Colistin,Philippines
Klebsiella pneumoniae,Colistin,Philippines
Klebsiella pneumoniae,Colistin,Philippines
Klebsiella pneumoniae,Colistin,Saudi Arabia
Klebsiella pneumoniae,Colistin,Saudi Arabia
Klebsiella pneumoniae,Colistin,Saudi Arabia
Klebsiella pneumoniae,Colistin,Saudi Arabia
Klebsiella pneumoniae,Colistin,Thailand
Klebsiella pneumoniae,Colistin,Thailand
Klebsiella pneumoniae,Colistin,Thailand
Klebsiella pneumoniae,Colistin,Thailand
Klebsiella pneumoniae,Colistin,Tunisia
Klebsiella pneumoniae,Colistin,Tunisia
Klebsiella pneumoniae,Colistin,Tunisia
Klebsiella pneumoniae,Colistin,Tunisia
Klebsiella pneumoniae,Doripenem,Malaysia
Klebsiella pneumoniae,Doripenem,Malaysia
Klebsiella pneumoniae,Doripenem,Malaysia
Klebsiella pneumoniae,Doripenem,Malaysia
Klebsiella pneumoniae,Doripenem,Philippines
Klebsiella pneumoniae,Doripenem,Philippines
Klebsiella pneumoniae,Doripenem,Philippines
Klebsiella pneumoniae,Doripenem,Philippines
Klebsiella pneumoniae,Doripenem,Thailand
Klebsiella pneumoniae,Doripenem,Thailand
Klebsiella pneumoniae,Doripenem,Thailand
Klebsiella pneumoniae,Doripenem,Thailand
Klebsiella pneumoniae,Ertapenem,United Arab Emirates
Klebsiella pneumoniae,Ertapenem,United Arab Emirates
Klebsiella pneumoniae,Ertapenem,United Arab Emirates
Klebsiella pneumoniae,Ertapenem,United Arab Emirates
Klebsiella pneumoniae,Ertapenem,Argentina
Klebsiella pneumoniae,Ertapenem,Argentina
Klebsiella pneumoniae,Ertapenem,Argentina
Klebsiella pneumoniae,Ertapenem,Argentina
Klebsiella pneumoniae,Ertapenem,Bahrain
Klebsiella pneumoniae,Ertapenem,Bahrain
Klebsiella pneumoniae,Ertapenem,Bahrain
Klebsiella pneumoniae,Ertapenem,Bahrain
Klebsiella pneumoniae,Ertapenem,Bosnia and Herzegovina
Klebsiella pneumoniae,Ertapenem,Bosnia and Herzegovina
Klebsiella pneumoniae,Ertapenem,Bosnia and Herzegovina
Klebsiella pneumoniae,Ertapenem,Bosnia and Herzegovina
Klebsiella pneumoniae,Ertapenem,Switzerland
Klebsiella pneumoniae,Ertapenem,Switzerland
Klebsiella pneumoniae,Ertapenem,Switzerland
Klebsiella pneumoniae,Ertapenem,Switzerland
Klebsiella pneumoniae,Ertapenem,Georgia
Klebsiella pneumoniae,Ertapenem,Georgia
Klebsiella pneumoniae,Ertapenem,Georgia
Klebsiella pneumoniae,Ertapenem,Georgia
Klebsiella pneumoniae,Ertapenem,India
Klebsiella pneumoniae,Ertapenem,India
Klebsiella pneumoniae,Ertapenem,India
Klebsiella pneumoniae,Ertapenem,India
Klebsiella pneumoniae,Ertapenem,Republic of Korea
Klebsiella pneumoniae,Ertapenem,Republic of Korea
Klebsiella pneumoniae,Ertapenem,Republic of Korea
Klebsiella pneumoniae,Ertapenem,Republic of Korea
Klebsiella pneumoniae,Ertapenem,Malaysia
Klebsiella pneumoniae,Ertapenem,Malaysia
Klebsiella pneumoniae,Ertapenem,Malaysia
Klebsiella pneumoniae,Ertapenem,Malaysia
Klebsiella pneumoniae,Ertapenem,Oman
Klebsiella pneumoniae,Ertapenem,Oman
Klebsiella pneumoniae,Ertapenem,Oman
Klebsiella pneumoniae,Ertapenem,Oman
Klebsiella pneumoniae,Ertapenem,Philippines
Klebsiella pneumoniae,Ertapenem,Philippines
Klebsiella pneumoniae,Ertapenem,Philippines
Klebsiella pneumoniae,Ertapenem,Philippines
Klebsiella pneumoniae,Ertapenem,Russian Federation
Klebsiella pneumoniae,Ertapenem,Russian Federation
Klebsiella pneumoniae,Ertapenem,Russian Federation
Klebsiella pneumoniae,Ertapenem,Russian Federation
Klebsiella pneumoniae,Ertapenem,Saudi Arabia
Klebsiella pneumoniae,Ertapenem,Saudi Arabia
Klebsiella pneumoniae,Ertapenem,Saudi Arabia
Klebsiella pneumoniae,Ertapenem,Saudi Arabia
Klebsiella pneumoniae,Ertapenem,Thailand
Klebsiella pneumoniae,Ertapenem,Thailand
Klebsiella pneumoniae,Ertapenem,Thailand
Klebsiella pneumoniae,Ertapenem,Thailand
Klebsiella pneumoniae,Ertapenem,Tunisia
Klebsiella pneumoniae,Ertapenem,Tunisia
Klebsiella pneumoniae,Ertapenem,Tunisia
Klebsiella pneumoniae,Ertapenem,Tunisia
Acinetobacter spp.,Gentamicin,United Arab Emirates
Acinetobacter spp.,Gentamicin,United Arab Emirates
Acinetobacter spp.,Gentamicin,United Arab Emirates
Acinetobacter spp.,Gentamicin,United Arab Emirates
Acinetobacter spp.,Gentamicin,Argentina
Acinetobacter spp.,Gentamicin,Argentina
Acinetobacter spp.,Gentamicin,Argentina
Acinetobacter spp.,Gentamicin,Argentina
Acinetobacter spp.,Gentamicin,Bosnia and Herzegovina
Acinetobacter spp.,Gentamicin,Bosnia and Herzegovina
Acinetobacter spp.,Gentamicin,Bosnia and Herzegovina
Acinetobacter spp.,Gentamicin,Bosnia and Herzegovina
Acinetobacter spp.,Gentamicin,Switzerland
Acinetobacter spp.,Gentamicin,Switzerland
Acinetobacter spp.,Gentamicin,Switzerland
Acinetobacter spp.,Gentamicin,Switzerland
Acinetobacter spp.,Gentamicin,Egypt
Acinetobacter spp.,Gentamicin,Egypt
Acinetobacter spp.,Gentamicin,Egypt
Acinetobacter spp.,Gentamicin,Egypt
Acinetobacter spp.,Gentamicin,Georgia
Acinetobacter spp.,Gentamicin,Georgia
Acinetobacter spp.,Gentamicin,Georgia
Acinetobacter spp.,Gentamicin,Georgia
Acinetobacter spp.,Gentamicin,Republic of Korea
Acinetobacter spp.,Gentamicin,Republic of Korea
Acinetobacter spp.,Gentamicin,Republic of Korea
Acinetobacter spp.,Gentamicin,Republic of Korea
Acinetobacter spp.,Gentamicin,Lao People's Democratic Republic
Acinetobacter spp.,Gentamicin,Lao People's Democratic Republic
Acinetobacter spp.,Gentamicin,Lao People's Democratic Republic
Acinetobacter spp.,Gentamicin,Lao People's Democratic Republic
Acinetobacter spp.,Gentamicin,North Macedonia
Acinetobacter spp.,Gentamicin,North Macedonia
Acinetobacter spp.,Gentamicin,North Macedonia
Acinetobacter spp.,Gentamicin,North Macedonia
Acinetobacter spp.,Gentamicin,Malaysia
Acinetobacter spp.,Gentamicin,Malaysia
Acinetobacter spp.,Gentamicin,Malaysia
Acinetobacter spp.,Gentamicin,Malaysia
Acinetobacter spp.,Gentamicin,Oman
Acinetobacter spp.,Gentamicin,Oman
Acinetobacter spp.,Gentamicin,Oman
Acinetobacter spp.,Gentamicin,Oman
Acinetobacter spp.,Gentamicin,Pakistan
Acinetobacter spp.,Gentamicin,Pakistan
Acinetobacter spp.,Gentamicin,Pakistan
Acinetobacter spp.,Gentamicin,Pakistan
Acinetobacter spp.,Gentamicin,Philippines
Acinetobacter spp.,Gentamicin,Philippines
Acinetobacter spp.,Gentamicin,Philippines
Acinetobacter spp.,Gentamicin,Philippines
Acinetobacter spp.,Gentamicin,Russian Federation
Acinetobacter spp.,Gentamicin,Russian Federation
Acinetobacter spp.,Gentamicin,Russian Federation
Acinetobacter spp.,Gentamicin,Russian Federation
Acinetobacter spp.,Gentamicin,Saudi Arabia
Acinetobacter spp.,Gentamicin,Saudi Arabia
Acinetobacter spp.,Gentamicin,Saudi Arabia
Acinetobacter spp.,Gentamicin,Saudi Arabia
Acinetobacter spp.,Gentamicin,Thailand
Acinetobacter spp.,Gentamicin,Thailand
Acinetobacter spp.,Gentamicin,Thailand
Acinetobacter spp.,Gentamicin,Thailand
Acinetobacter spp.,Gentamicin,South Africa
Acinetobacter spp.,Gentamicin,South Africa
Acinetobacter spp.,Gentamicin,South Africa
Acinetobacter spp.,Gentamicin,South Africa
Klebsiella pneumoniae,Imipenem,United Arab Emirates
Klebsiella pneumoniae,Imipenem,United Arab Emirates
Klebsiella pneumoniae,Imipenem,United Arab Emirates
Klebsiella pneumoniae,Imipenem,United Arab Emirates
Klebsiella pneumoniae,Imipenem,Argentina
Klebsiella pneumoniae,Imipenem,Argentina
Klebsiella pneumoniae,Imipenem,Argentina
Klebsiella pneumoniae,Imipenem,Argentina
Klebsiella pneumoniae,Imipenem,Bahrain
Klebsiella pneumoniae,Imipenem,Bahrain
Klebsiella pneumoniae,Imipenem,Bahrain
Klebsiella pneumoniae,Imipenem,Bahrain
Klebsiella pneumoniae,Imipenem,Bosnia and Herzegovina
Klebsiella pneumoniae,Imipenem,Bosnia and Herzegovina
Klebsiella pneumoniae,Imipenem,Bosnia and Herzegovina
Klebsiella pneumoniae,Imipenem,Bosnia and Herzegovina
Klebsiella pneumoniae,Imipenem,Switzerland
Klebsiella pneumoniae,Imipenem,Switzerland
Klebsiella pneumoniae,Imipenem,Switzerland
Klebsiella pneumoniae,Imipenem,Switzerland
Klebsiella pneumoniae,Imipenem,Egypt
Klebsiella pneumoniae,Imipenem,Egypt
Klebsiella pneumoniae,Imipenem,Egypt
Klebsiella pneumoniae,Imipenem,Egypt
Klebsiella pneumoniae,Imipenem,Georgia
Klebsiella pneumoniae,Imipenem,Georgia
Klebsiella pneumoniae,Imipenem,Georgia
Klebsiella pneumoniae,Imipenem,Georgia
Klebsiella pneumoniae,Imipenem,India
Klebsiella pneumoniae,Imipenem,India
Klebsiella pneumoniae,Imipenem,India
Klebsiella pneumoniae,Imipenem,India
Klebsiella pneumoniae,Imipenem,Japan
Klebsiella pneumoniae,Imipenem,Japan
Klebsiella pneumoniae,Imipenem,Japan
Klebsiella pneumoniae,Imipenem,Japan
Klebsiella pneumoniae,Imipenem,Republic of Korea
Klebsiella pneumoniae,Imipenem,Republic of Korea
Klebsiella pneumoniae,Imipenem,Republic of Korea
Klebsiella pneumoniae,Imipenem,Republic of Korea
Klebsiella pneumoniae,Imipenem,North Macedonia
Klebsiella pneumoniae,Imipenem,North Macedonia
Klebsiella pneumoniae,Imipenem,North Macedonia
Klebsiella pneumoniae,Imipenem,North Macedonia
Klebsiella pneumoniae,Imipenem,Malta
Klebsiella pneumoniae,Imipenem,Malta
Klebsiella pneumoniae,Imipenem,Malta
Klebsiella pneumoniae,Imipenem,Malta
Klebsiella pneumoniae,Imipenem,Malaysia
Klebsiella pneumoniae,Imipenem,Malaysia
Klebsiella pneumoniae,Imipenem,Malaysia
Klebsiella pneumoniae,Imipenem,Malaysia
Klebsiella pneumoniae,Imipenem,Oman
Klebsiella pneumoniae,Imipenem,Oman
Klebsiella pneumoniae,Imipenem,Oman
Klebsiella pneumoniae,Imipenem,Oman
Klebsiella pneumoniae,Imipenem,Pakistan
Klebsiella pneumoniae,Imipenem,Pakistan
Klebsiella pneumoniae,Imipenem,Pakistan
Klebsiella pneumoniae,Imipenem,Pakistan
Klebsiella pneumoniae,Imipenem,Philippines
Klebsiella pneumoniae,Imipenem,Philippines
Klebsiella pneumoniae,Imipenem,Philippines
Klebsiella pneumoniae,Imipenem,Philippines
Klebsiella pneumoniae,Imipenem,Russian Federation
Klebsiella pneumoniae,Imipenem,Russian Federation
Klebsiella pneumoniae,Imipenem,Russian Federation
Klebsiella pneumoniae,Imipenem,Russian Federation
Klebsiella pneumoniae,Imipenem,Saudi Arabia
Klebsiella pneumoniae,Imipenem,Saudi Arabia
Klebsiella pneumoniae,Imipenem,Saudi Arabia
Klebsiella pneumoniae,Imipenem,Saudi Arabia
Klebsiella pneumoniae,Imipenem,Thailand
Klebsiella pneumoniae,Imipenem,Thailand
Klebsiella pneumoniae,Imipenem,Thailand
Klebsiella pneumoniae,Imipenem,Thailand
Klebsiella pneumoniae,Imipenem,Tunisia
Klebsiella pneumoniae,Imipenem,Tunisia
Klebsiella pneumoniae,Imipenem,Tunisia
Klebsiella pneumoniae,Imipenem,Tunisia
Klebsiella pneumoniae,Imipenem,Uganda
Klebsiella pneumoniae,Imipenem,Uganda
Klebsiella pneumoniae,Imipenem,Uganda
Klebsiella pneumoniae,Imipenem,Uganda
Klebsiella pneumoniae,Levofloxacin,United Arab Emirates
Klebsiella pneumoniae,Levofloxacin,United Arab Emirates
Klebsiella pneumoniae,Levofloxacin,United Arab Emirates
Klebsiella pneumoniae,Levofloxacin,United Arab Emirates
Klebsiella pneumoniae,Levofloxacin,Bosnia and Herzegovina
Klebsiella pneumoniae,Levofloxacin,Bosnia and Herzegovina
Klebsiella pneumoniae,Levofloxacin,Bosnia and Herzegovina
Klebsiella pneumoniae,Levofloxacin,Bosnia and Herzegovina
Klebsiella pneumoniae,Levofloxacin,Switzerland
Klebsiella pneumoniae,Levofloxacin,Switzerland
Klebsiella pneumoniae,Levofloxacin,Switzerland
Klebsiella pneumoniae,Levofloxacin,Switzerland
Klebsiella pneumoniae,Levofloxacin,Egypt
Klebsiella pneumoniae,Levofloxacin,Egypt
Klebsiella pneumoniae,Levofloxacin,Egypt
Klebsiella pneumoniae,Levofloxacin,Egypt
Klebsiella pneumoniae,Levofloxacin,Georgia
Klebsiella pneumoniae,Levofloxacin,Georgia
Klebsiella pneumoniae,Levofloxacin,Georgia
Klebsiella pneumoniae,Levofloxacin,Georgia
Klebsiella pneumoniae,Levofloxacin,Japan
Klebsiella pneumoniae,Levofloxacin,Japan
Klebsiella pneumoniae,Levofloxacin,Japan
Klebsiella pneumoniae,Levofloxacin,Japan
Klebsiella pneumoniae,Levofloxacin,Philippines
Klebsiella pneumoniae,Levofloxacin,Philippines
Klebsiella pneumoniae,Levofloxacin,Philippines
Klebsiella pneumoniae,Levofloxacin,Philippines
Klebsiella pneumoniae,Levofloxacin,Saudi Arabia
Klebsiella pneumoniae,Levofloxacin,Saudi Arabia
Klebsiella pneumoniae,Levofloxacin,Saudi Arabia
Klebsiella pneumoniae,Levofloxacin,Saudi Arabia
Klebsiella pneumoniae,Levofloxacin,Thailand
Klebsiella pneumoniae,Levofloxacin,Thailand
Klebsiella pneumoniae,Levofloxacin,Thailand
Klebsiella pneumoniae,Levofloxacin,Thailand
Klebsiella pneumoniae,Meropenem,United Arab Emirates
Klebsiella pneumoniae,Meropenem,United Arab Emirates
Klebsiella pneumoniae,Meropenem,United Arab Emirates
Klebsiella pneumoniae,Meropenem,United Arab Emirates
Klebsiella pneumoniae,Meropenem,Argentina
Klebsiella pneumoniae,Meropenem,Argentina
Klebsiella pneumoniae,Meropenem,Argentina
Klebsiella pneumoniae,Meropenem,Argentina
Klebsiella pneumoniae,Meropenem,Bahrain
Klebsiella pneumoniae,Meropenem,Bahrain
Klebsiella pneumoniae,Meropenem,Bahrain
Klebsiella pneumoniae,Meropenem,Bahrain
Klebsiella pneumoniae,Meropenem,Bosnia and Herzegovina
Klebsiella pneumoniae,Meropenem,Bosnia and Herzegovina
Klebsiella pneumoniae,Meropenem,Bosnia and Herzegovina
Klebsiella pneumoniae,Meropenem,Bosnia and Herzegovina
Klebsiella pneumoniae,Meropenem,Switzerland
Klebsiella pneumoniae,Meropenem,Switzerland
Klebsiella pneumoniae,Meropenem,Switzerland
Klebsiella pneumoniae,Meropenem,Switzerland
Klebsiella pneumoniae,Meropenem,Egypt
Klebsiella pneumoniae,Meropenem,Egypt
Klebsiella pneumoniae,Meropenem,Egypt
Klebsiella pneumoniae,Meropenem,Egypt
Klebsiella pneumoniae,Meropenem,Georgia
Klebsiella pneumoniae,Meropenem,Georgia
Klebsiella pneumoniae,Meropenem,Georgia
Klebsiella pneumoniae,Meropenem,Georgia
Klebsiella pneumoniae,Meropenem,Japan
Klebsiella pneumoniae,Meropenem,Japan
Klebsiella pneumoniae,Meropenem,Japan
Klebsiella pneumoniae,Meropenem,Japan
Klebsiella pneumoniae,Meropenem,Republic of Korea
Klebsiella pneumoniae,Meropenem,Republic of Korea
Klebsiella pneumoniae,Meropenem,Republic of Korea
Klebsiella pneumoniae,Meropenem,Republic of Korea
Klebsiella pneumoniae,Meropenem,Lao People's Democratic Republic
Klebsiella pneumoniae,Meropenem,Lao People's Democratic Republic
Klebsiella pneumoniae,Meropenem,Lao People's Democratic Republic
Klebsiella pneumoniae,Meropenem,Lao People's Democratic Republic
Klebsiella pneumoniae,Meropenem,North Macedonia
Klebsiella pneumoniae,Meropenem,North Macedonia
Klebsiella pneumoniae,Meropenem,North Macedonia
Klebsiella pneumoniae,Meropenem,North Macedonia
Klebsiella pneumoniae,Meropenem,Malta
Klebsiella pneumoniae,Meropenem,Malta
Klebsiella pneumoniae,Meropenem,Malta
Klebsiella pneumoniae,Meropenem,Malta
Klebsiella pneumoniae,Meropenem,Malaysia
Klebsiella pneumoniae,Meropenem,Malaysia
Klebsiella pneumoniae,Meropenem,Malaysia
Klebsiella pneumoniae,Meropenem,Malaysia
Klebsiella pneumoniae,Meropenem,Russian Federation
Klebsiella pneumoniae,Meropenem,Russian Federation
Klebsiella pneumoniae,Meropenem,Russian Federation
Klebsiella pneumoniae,Meropenem,Russian Federation
Klebsiella pneumoniae,Meropenem,Saudi Arabia
Klebsiella pneumoniae,Meropenem,Saudi Arabia
Klebsiella pneumoniae,Meropenem,Saudi Arabia
Klebsiella pneumoniae,Meropenem,Saudi Arabia
Klebsiella pneumoniae,Meropenem,Thailand
Klebsiella pneumoniae,Meropenem,Thailand
Klebsiella pneumoniae,Meropenem,Thailand
Klebsiella pneumoniae,Meropenem,Thailand
Salmonella spp.,Cefotaxime,United Arab Emirates
Salmonella spp.,Cefotaxime,United Arab Emirates
Salmonella spp.,Cefotaxime,United Arab Emirates
Salmonella spp.,Cefotaxime,United Arab Emirates
Salmonella spp.,Cefotaxime,Argentina
Salmonella spp.,Cefotaxime,Argentina
Salmonella spp.,Cefotaxime,Argentina
Salmonella spp.,Cefotaxime,Argentina
Salmonella spp.,Cefotaxime,Japan
Salmonella spp.,Cefotaxime,Japan
Salmonella spp.,Cefotaxime,Japan
Salmonella spp.,Cefotaxime,Japan
Salmonella spp.,Cefotaxime,Republic of Korea
Salmonella spp.,Cefotaxime,Republic of Korea
Salmonella spp.,Cefotaxime,Republic of Korea
Salmonella spp.,Cefotaxime,Republic of Korea
Salmonella spp.,Cefotaxime,Malaysia
Salmonella spp.,Cefotaxime,Malaysia
Salmonella spp.,Cefotaxime,Malaysia
Salmonella spp.,Cefotaxime,Malaysia
Salmonella spp.,Cefotaxime,Philippines
Salmonella spp.,Cefotaxime,Philippines
Salmonella spp.,Cefotaxime,Philippines
Salmonella spp.,Cefotaxime,Philippines
Salmonella spp.,Cefotaxime,Poland
Salmonella spp.,Cefotaxime,Poland
Salmonella spp.,Cefotaxime,Poland
Salmonella spp.,Cefotaxime,Poland
Salmonella spp.,Cefotaxime,Thailand
Salmonella spp.,Cefotaxime,Thailand
Salmonella spp.,Cefotaxime,Thailand
Salmonella spp.,Cefotaxime,Thailand
Salmonella spp.,Ceftazidime,United Arab Emirates
Salmonella spp.,Ceftazidime,United Arab Emirates
Salmonella spp.,Ceftazidime,United Arab Emirates
Salmonella spp.,Ceftazidime,United Arab Emirates
Salmonella spp.,Ceftazidime,Argentina
Salmonella spp.,Ceftazidime,Argentina
Salmonella spp.,Ceftazidime,Argentina
Salmonella spp.,Ceftazidime,Argentina
Salmonella spp.,Ceftazidime,Bangladesh
Salmonella spp.,Ceftazidime,Bangladesh
Salmonella spp.,Ceftazidime,Bangladesh
Salmonella spp.,Ceftazidime,Bangladesh
Salmonella spp.,Ceftazidime,Switzerland
Salmonella spp.,Ceftazidime,Switzerland
Salmonella spp.,Ceftazidime,Switzerland
Salmonella spp.,Ceftazidime,Switzerland
Salmonella spp.,Ceftazidime,Japan
Salmonella spp.,Ceftazidime,Japan
Salmonella spp.,Ceftazidime,Japan
Salmonella spp.,Ceftazidime,Japan
Salmonella spp.,Ceftazidime,Republic of Korea
Salmonella spp.,Ceftazidime,Republic of Korea
Salmonella spp.,Ceftazidime,Republic of Korea
Salmonella spp.,Ceftazidime,Republic of Korea
Salmonella spp.,Ceftazidime,Malaysia
Salmonella spp.,Ceftazidime,Malaysia
Salmonella spp.,Ceftazidime,Malaysia
Salmonella spp.,Ceftazidime,Malaysia
Salmonella spp.,Ceftazidime,Philippines
Salmonella spp.,Ceftazidime,Philippines
Salmonella spp.,Ceftazidime,Philippines
Salmonella spp.,Ceftazidime,Philippines
Salmonella spp.,Ceftazidime,Poland
Salmonella spp.,Ceftazidime,Poland
Salmonella spp.,Ceftazidime,Poland
Salmonella spp.,Ceftazidime,Poland
Salmonella spp.,Ceftazidime,Saudi Arabia
Salmonella spp.,Ceftazidime,Saudi Arabia
Salmonella spp.,Ceftazidime,Saudi Arabia
Salmonella spp.,Ceftazidime,Saudi Arabia
Salmonella spp.,Ceftazidime,Thailand
Salmonella spp.,Ceftazidime,Thailand
Salmonella spp.,Ceftazidime,Thailand
Salmonella spp.,Ceftazidime,Thailand
Salmonella spp.,Ceftriaxone,United Arab Emirates
Salmonella spp.,Ceftriaxone,United Arab Emirates
Salmonella spp.,Ceftriaxone,United Arab Emirates
Salmonella spp.,Ceftriaxone,United Arab Emirates
Salmonella spp.,Ceftriaxone,Bangladesh
Salmonella spp.,Ceftriaxone,Bangladesh
Salmonella spp.,Ceftriaxone,Bangladesh
Salmonella spp.,Ceftriaxone,Bangladesh
Salmonella spp.,Ceftriaxone,Switzerland
Salmonella spp.,Ceftriaxone,Switzerland
Salmonella spp.,Ceftriaxone,Switzerland
Salmonella spp.,Ceftriaxone,Switzerland
Salmonella spp.,Ceftriaxone,India
Salmonella spp.,Ceftriaxone,India
Salmonella spp.,Ceftriaxone,India
Salmonella spp.,Ceftriaxone,India
Salmonella spp.,Ceftriaxone,Japan
Salmonella spp.,Ceftriaxone,Japan
Salmonella spp.,Ceftriaxone,Japan
Salmonella spp.,Ceftriaxone,Japan
Salmonella spp.,Ceftriaxone,Lao People's Democratic Republic
Salmonella spp.,Ceftriaxone,Lao People's Democratic Republic
Salmonella spp.,Ceftriaxone,Lao People's Democratic Republic
Salmonella spp.,Ceftriaxone,Lao People's Democratic Republic
Salmonella spp.,Ceftriaxone,Malaysia
Salmonella spp.,Ceftriaxone,Malaysia
Salmonella spp.,Ceftriaxone,Malaysia
Salmonella spp.,Ceftriaxone,Malaysia
Salmonella spp.,Ceftriaxone,Nepal
Salmonella spp.,Ceftriaxone,Nepal
Salmonella spp.,Ceftriaxone,Nepal
Salmonella spp.,Ceftriaxone,Nepal
Salmonella spp.,Ceftriaxone,Pakistan
Salmonella spp.,Ceftriaxone,Pakistan
Salmonella spp.,Ceftriaxone,Pakistan
Salmonella spp.,Ceftriaxone,Pakistan
Salmonella spp.,Ceftriaxone,Philippines
Salmonella spp.,Ceftriaxone,Philippines
Salmonella spp.,Ceftriaxone,Philippines
Salmonella spp.,Ceftriaxone,Philippines
Salmonella spp.,Ceftriaxone,Saudi Arabia
Salmonella spp.,Ceftriaxone,Saudi Arabia
Salmonella spp.,Ceftriaxone,Saudi Arabia
Salmonella spp.,Ceftriaxone,Saudi Arabia
Salmonella spp.,Ceftriaxone,Thailand
Salmonella spp.,Ceftriaxone,Thailand
Salmonella spp.,Ceftriaxone,Thailand
Salmonella spp.,Ceftriaxone,Thailand
Salmonella spp.,Ciprofloxacin,United Arab Emirates
Salmonella spp.,Ciprofloxacin,United Arab Emirates
Salmonella spp.,Ciprofloxacin,United Arab Emirates
Salmonella spp.,Ciprofloxacin,United Arab Emirates
Salmonella spp.,Ciprofloxacin,Argentina
Salmonella spp.,Ciprofloxacin,Argentina
Salmonella spp.,Ciprofloxacin,Argentina
Salmonella spp.,Ciprofloxacin,Argentina
Salmonella spp.,Ciprofloxacin,Bangladesh
Salmonella spp.,Ciprofloxacin,Bangladesh
Salmonella spp.,Ciprofloxacin,Bangladesh
Salmonella spp.,Ciprofloxacin,Bangladesh
Salmonella spp.,Ciprofloxacin,Switzerland
Salmonella spp.,Ciprofloxacin,Switzerland
Salmonella spp.,Ciprofloxacin,Switzerland
Salmonella spp.,Ciprofloxacin,Switzerland
Salmonella spp.,Ciprofloxacin,India
Salmonella spp.,Ciprofloxacin,India
Salmonella spp.,Ciprofloxacin,India
Salmonella spp.,Ciprofloxacin,India
Salmonella spp.,Ciprofloxacin,Japan
Salmonella spp.,Ciprofloxacin,Japan
Salmonella spp.,Ciprofloxacin,Japan
Salmonella spp.,Ciprofloxacin,Japan
Salmonella spp.,Ciprofloxacin,Republic of Korea
Salmonella spp.,Ciprofloxacin,Republic of Korea
Salmonella spp.,Ciprofloxacin,Republic of Korea
Salmonella spp.,Ciprofloxacin,Republic of Korea
Salmonella spp.,Ciprofloxacin,Malaysia
Salmonella spp.,Ciprofloxacin,Malaysia
Salmonella spp.,Ciprofloxacin,Malaysia
Salmonella spp.,Ciprofloxacin,Malaysia
Salmonella spp.,Ciprofloxacin,Nepal
Salmonella spp.,Ciprofloxacin,Nepal
Salmonella spp.,Ciprofloxacin,Nepal
Salmonella spp.,Ciprofloxacin,Nepal
Salmonella spp.,Ciprofloxacin,Pakistan
Salmonella spp.,Ciprofloxacin,Pakistan
Salmonella spp.,Ciprofloxacin,Pakistan
Salmonella spp.,Ciprofloxacin,Pakistan
Salmonella spp.,Ciprofloxacin,Philippines
Salmonella spp.,Ciprofloxacin,Philippines
Salmonella spp.,Ciprofloxacin,Philippines
Salmonella spp.,Ciprofloxacin,Philippines
Salmonella spp.,Ciprofloxacin,Poland
Salmonella spp.,Ciprofloxacin,Poland
Salmonella spp.,Ciprofloxacin,Poland
Salmonella spp.,Ciprofloxacin,Poland
Salmonella spp.,Ciprofloxacin,Saudi Arabia
Salmonella spp.,Ciprofloxacin,Saudi Arabia
Salmonella spp.,Ciprofloxacin,Saudi Arabia
Salmonella spp.,Ciprofloxacin,Saudi Arabia
Salmonella spp.,Ciprofloxacin,Thailand
Salmonella spp.,Ciprofloxacin,Thailand
Salmonella spp.,Ciprofloxacin,Thailand
Salmonella spp.,Ciprofloxacin,Thailand
Salmonella spp.,Ciprofloxacin,Uganda
Salmonella spp.,Ciprofloxacin,Uganda
Salmonella spp.,Ciprofloxacin,Uganda
Salmonella spp.,Ciprofloxacin,Uganda
Salmonella spp.,Ertapenem,United Arab Emirates
Salmonella spp.,Ertapenem,United Arab Emirates
Salmonella spp.,Ertapenem,United Arab Emirates
Salmonella spp.,Ertapenem,United Arab Emirates
Salmonella spp.,Ertapenem,Switzerland
Salmonella spp.,Ertapenem,Switzerland
Salmonella spp.,Ertapenem,Switzerland
Salmonella spp.,Ertapenem,Switzerland
Salmonella spp.,Ertapenem,Malaysia
Salmonella spp.,Ertapenem,Malaysia
Salmonella spp.,Ertapenem,Malaysia
Salmonella spp.,Ertapenem,Malaysia
Salmonella spp.,Ertapenem,Thailand
Salmonella spp.,Ertapenem,Thailand
Salmonella spp.,Ertapenem,Thailand
Salmonella spp.,Ertapenem,Thailand
Salmonella spp.,Imipenem,United Arab Emirates
Salmonella spp.,Imipenem,United Arab Emirates
Salmonella spp.,Imipenem,United Arab Emirates
Salmonella spp.,Imipenem,United Arab Emirates
Salmonella spp.,Imipenem,Argentina
Salmonella spp.,Imipenem,Argentina
Salmonella spp.,Imipenem,Argentina
Salmonella spp.,Imipenem,Argentina
Salmonella spp.,Imipenem,Bangladesh
Salmonella spp.,Imipenem,Bangladesh
Salmonella spp.,Imipenem,Bangladesh
Salmonella spp.,Imipenem,Bangladesh
Salmonella spp.,Imipenem,Japan
Salmonella spp.,Imipenem,Japan
Salmonella spp.,Imipenem,Japan
Salmonella spp.,Imipenem,Japan
Salmonella spp.,Imipenem,Republic of Korea
Salmonella spp.,Imipenem,Republic of Korea
Salmonella spp.,Imipenem,Republic of Korea
Salmonella spp.,Imipenem,Republic of Korea
Salmonella spp.,Imipenem,Malaysia
Salmonella spp.,Imipenem,Malaysia
Salmonella spp.,Imipenem,Malaysia
Salmonella spp.,Imipenem,Malaysia
Salmonella spp.,Imipenem,Pakistan
Salmonella spp.,Imipenem,Pakistan
Salmonella spp.,Imipenem,Pakistan
Salmonella spp.,Imipenem,Pakistan
Salmonella spp.,Imipenem,Philippines
Salmonella spp.,Imipenem,Philippines
Salmonella spp.,Imipenem,Philippines
Salmonella spp.,Imipenem,Philippines
Salmonella spp.,Imipenem,Poland
Salmonella spp.,Imipenem,Poland
Salmonella spp.,Imipenem,Poland
Salmonella spp.,Imipenem,Poland
Salmonella spp.,Imipenem,Saudi Arabia
Salmonella spp.,Imipenem,Saudi Arabia
Salmonella spp.,Imipenem,Saudi Arabia
Salmonella spp.,Imipenem,Saudi Arabia
Salmonella spp.,Imipenem,Thailand
Salmonella spp.,Imipenem,Thailand
Salmonella spp.,Imipenem,Thailand
Salmonella spp.,Imipenem,Thailand
Salmonella spp.,Levofloxacin,United Arab Emirates
Salmonella spp.,Levofloxacin,United Arab Emirates
Salmonella spp.,Levofloxacin,United Arab Emirates
Salmonella spp.,Levofloxacin,United Arab Emirates
Salmonella spp.,Levofloxacin,Switzerland
Salmonella spp.,Levofloxacin,Switzerland
Salmonella spp.,Levofloxacin,Switzerland
Salmonella spp.,Levofloxacin,Switzerland
Salmonella spp.,Levofloxacin,Japan
Salmonella spp.,Levofloxacin,Japan
Salmonella spp.,Levofloxacin,Japan
Salmonella spp.,Levofloxacin,Japan
Salmonella spp.,Levofloxacin,Philippines
Salmonella spp.,Levofloxacin,Philippines
Salmonella spp.,Levofloxacin,Philippines
Salmonella spp.,Levofloxacin,Philippines
Salmonella spp.,Levofloxacin,Thailand
Salmonella spp.,Levofloxacin,Thailand
Salmonella spp.,Levofloxacin,Thailand
Salmonella spp.,Levofloxacin,Thailand
Acinetobacter spp.,Imipenem,United Arab Emirates
Acinetobacter spp.,Imipenem,United Arab Emirates
Acinetobacter spp.,Imipenem,United Arab Emirates
Acinetobacter spp.,Imipenem,United Arab Emirates
Acinetobacter spp.,Imipenem,Argentina
Acinetobacter spp.,Imipenem,Argentina
Acinetobacter spp.,Imipenem,Argentina
Acinetobacter spp.,Imipenem,Argentina
Acinetobacter spp.,Imipenem,Bosnia and Herzegovina
Acinetobacter spp.,Imipenem,Bosnia and Herzegovina
Acinetobacter spp.,Imipenem,Bosnia and Herzegovina
Acinetobacter spp.,Imipenem,Bosnia and Herzegovina
Acinetobacter spp.,Imipenem,Switzerland
Acinetobacter spp.,Imipenem,Switzerland
Acinetobacter spp.,Imipenem,Switzerland
Acinetobacter spp.,Imipenem,Switzerland
Acinetobacter spp.,Imipenem,Egypt
Acinetobacter spp.,Imipenem,Egypt
Acinetobacter spp.,Imipenem,Egypt
Acinetobacter spp.,Imipenem,Egypt
Acinetobacter spp.,Imipenem,Georgia
Acinetobacter spp.,Imipenem,Georgia
Acinetobacter spp.,Imipenem,Georgia
Acinetobacter spp.,Imipenem,Georgia
Acinetobacter spp.,Imipenem,India
Acinetobacter spp.,Imipenem,India
Acinetobacter spp.,Imipenem,India
Acinetobacter spp.,Imipenem,India
Acinetobacter spp.,Imipenem,Japan
Acinetobacter spp.,Imipenem,Japan
Acinetobacter spp.,Imipenem,Japan
Acinetobacter spp.,Imipenem,Japan
Acinetobacter spp.,Imipenem,Republic of Korea
Acinetobacter spp.,Imipenem,Republic of Korea
Acinetobacter spp.,Imipenem,Republic of Korea
Acinetobacter spp.,Imipenem,Republic of Korea
Acinetobacter spp.,Imipenem,North Macedonia
Acinetobacter spp.,Imipenem,North Macedonia
Acinetobacter spp.,Imipenem,North Macedonia
Acinetobacter spp.,Imipenem,North Macedonia
Acinetobacter spp.,Imipenem,Malaysia
Acinetobacter spp.,Imipenem,Malaysia
Acinetobacter spp.,Imipenem,Malaysia
Acinetobacter spp.,Imipenem,Malaysia
Acinetobacter spp.,Imipenem,Oman
Acinetobacter spp.,Imipenem,Oman
Acinetobacter spp.,Imipenem,Oman
Acinetobacter spp.,Imipenem,Oman
Acinetobacter spp.,Imipenem,Pakistan
Acinetobacter spp.,Imipenem,Pakistan
Acinetobacter spp.,Imipenem,Pakistan
Acinetobacter spp.,Imipenem,Pakistan
Acinetobacter spp.,Imipenem,Philippines
Acinetobacter spp.,Imipenem,Philippines
Acinetobacter spp.,Imipenem,Philippines
Acinetobacter spp.,Imipenem,Philippines
Acinetobacter spp.,Imipenem,Russian Federation
Acinetobacter spp.,Imipenem,Russian Federation
Acinetobacter spp.,Imipenem,Russian Federation
Acinetobacter spp.,Imipenem,Russian Federation
Acinetobacter spp.,Imipenem,Saudi Arabia
Acinetobacter spp.,Imipenem,Saudi Arabia
Acinetobacter spp.,Imipenem,Saudi Arabia
Acinetobacter spp.,Imipenem,Saudi Arabia
Acinetobacter spp.,Imipenem,Thailand
Acinetobacter spp.,Imipenem,Thailand
Acinetobacter spp.,Imipenem,Thailand
Acinetobacter spp.,Imipenem,Thailand
Acinetobacter spp.,Imipenem,Tunisia
Acinetobacter spp.,Imipenem,Tunisia
Acinetobacter spp.,Imipenem,Tunisia
Acinetobacter spp.,Imipenem,Tunisia
Acinetobacter spp.,Imipenem,South Africa
Acinetobacter spp.,Imipenem,South Africa
Acinetobacter spp.,Imipenem,South Africa
Acinetobacter spp.,Imipenem,South Africa
Salmonella spp.,Meropenem,United Arab Emirates
Salmonella spp.,Meropenem,United Arab Emirates
Salmonella spp.,Meropenem,United Arab Emirates
Salmonella spp.,Meropenem,United Arab Emirates
Salmonella spp.,Meropenem,Argentina
Salmonella spp.,Meropenem,Argentina
Salmonella spp.,Meropenem,Argentina
Salmonella spp.,Meropenem,Argentina
Salmonella spp.,Meropenem,Switzerland
Salmonella spp.,Meropenem,Switzerland
Salmonella spp.,Meropenem,Switzerland
Salmonella spp.,Meropenem,Switzerland
Salmonella spp.,Meropenem,Japan
Salmonella spp.,Meropenem,Japan
Salmonella spp.,Meropenem,Japan
Salmonella spp.,Meropenem,Japan
Salmonella spp.,Meropenem,Malaysia
Salmonella spp.,Meropenem,Malaysia
Salmonella spp.,Meropenem,Malaysia
Salmonella spp.,Meropenem,Malaysia
Salmonella spp.,Meropenem,Pakistan
Salmonella spp.,Meropenem,Pakistan
Salmonella spp.,Meropenem,Pakistan
Salmonella spp.,Meropenem,Pakistan
Salmonella spp.,Meropenem,Poland
Salmonella spp.,Meropenem,Poland
Salmonella spp.,Meropenem,Poland
Salmonella spp.,Meropenem,Poland
Salmonella spp.,Meropenem,Saudi Arabia
Salmonella spp.,Meropenem,Saudi Arabia
Salmonella spp.,Meropenem,Saudi Arabia
Salmonella spp.,Meropenem,Saudi Arabia
Salmonella spp.,Meropenem,Thailand
Salmonella spp.,Meropenem,Thailand
Salmonella spp.,Meropenem,Thailand
Salmonella spp.,Meropenem,Thailand
Streptococcus pneumoniae,Cefotaxime,United Arab Emirates
Streptococcus pneumoniae,Cefotaxime,United Arab Emirates
Streptococcus pneumoniae,Cefotaxime,United Arab Emirates
Streptococcus pneumoniae,Cefotaxime,United Arab Emirates
Streptococcus pneumoniae,Cefotaxime,Argentina
Streptococcus pneumoniae,Cefotaxime,Argentina
Streptococcus pneumoniae,Cefotaxime,Argentina
Streptococcus pneumoniae,Cefotaxime,Argentina
Streptococcus pneumoniae,Cefotaxime,Bosnia and Herzegovina
Streptococcus pneumoniae,Cefotaxime,Bosnia and Herzegovina
Streptococcus pneumoniae,Cefotaxime,Bosnia and Herzegovina
Streptococcus pneumoniae,Cefotaxime,Bosnia and Herzegovina
Streptococcus pneumoniae,Cefotaxime,Switzerland
Streptococcus pneumoniae,Cefotaxime,Switzerland
Streptococcus pneumoniae,Cefotaxime,Switzerland
Streptococcus pneumoniae,Cefotaxime,Switzerland
Streptococcus pneumoniae,Cefotaxime,Japan
Streptococcus pneumoniae,Cefotaxime,Japan
Streptococcus pneumoniae,Cefotaxime,Japan
Streptococcus pneumoniae,Cefotaxime,Japan
Streptococcus pneumoniae,Cefotaxime,Republic of Korea
Streptococcus pneumoniae,Cefotaxime,Republic of Korea
Streptococcus pneumoniae,Cefotaxime,Republic of Korea
Streptococcus pneumoniae,Cefotaxime,Republic of Korea
Streptococcus pneumoniae,Cefotaxime,Malaysia
Streptococcus pneumoniae,Cefotaxime,Malaysia
Streptococcus pneumoniae,Cefotaxime,Malaysia
Streptococcus pneumoniae,Cefotaxime,Malaysia
Streptococcus pneumoniae,Cefotaxime,Saudi Arabia
Streptococcus pneumoniae,Cefotaxime,Saudi Arabia
Streptococcus pneumoniae,Cefotaxime,Saudi Arabia
Streptococcus pneumoniae,Cefotaxime,Saudi Arabia
Streptococcus pneumoniae,Cefotaxime,Thailand
Streptococcus pneumoniae,Cefotaxime,Thailand
Streptococcus pneumoniae,Cefotaxime,Thailand
Streptococcus pneumoniae,Cefotaxime,Thailand
Streptococcus pneumoniae,Ceftriaxone,United Arab Emirates
Streptococcus pneumoniae,Ceftriaxone,United Arab Emirates
Streptococcus pneumoniae,Ceftriaxone,United Arab Emirates
Streptococcus pneumoniae,Ceftriaxone,United Arab Emirates
Streptococcus pneumoniae,Ceftriaxone,Bosnia and Herzegovina
Streptococcus pneumoniae,Ceftriaxone,Bosnia and Herzegovina
Streptococcus pneumoniae,Ceftriaxone,Bosnia and Herzegovina
Streptococcus pneumoniae,Ceftriaxone,Bosnia and Herzegovina
Streptococcus pneumoniae,Ceftriaxone,Switzerland
Streptococcus pneumoniae,Ceftriaxone,Switzerland
Streptococcus pneumoniae,Ceftriaxone,Switzerland
Streptococcus pneumoniae,Ceftriaxone,Switzerland
Streptococcus pneumoniae,Ceftriaxone,Japan
Streptococcus pneumoniae,Ceftriaxone,Japan
Streptococcus pneumoniae,Ceftriaxone,Japan
Streptococcus pneumoniae,Ceftriaxone,Japan
Streptococcus pneumoniae,Ceftriaxone,Republic of Korea
Streptococcus pneumoniae,Ceftriaxone,Republic of Korea
Streptococcus pneumoniae,Ceftriaxone,Republic of Korea
Streptococcus pneumoniae,Ceftriaxone,Republic of Korea
Streptococcus pneumoniae,Ceftriaxone,Malta
Streptococcus pneumoniae,Ceftriaxone,Malta
Streptococcus pneumoniae,Ceftriaxone,Malta
Streptococcus pneumoniae,Ceftriaxone,Malta
Streptococcus pneumoniae,Ceftriaxone,Malaysia
Streptococcus pneumoniae,Ceftriaxone,Malaysia
Streptococcus pneumoniae,Ceftriaxone,Malaysia
Streptococcus pneumoniae,Ceftriaxone,Malaysia
Streptococcus pneumoniae,Ceftriaxone,Saudi Arabia
Streptococcus pneumoniae,Ceftriaxone,Saudi Arabia
Streptococcus pneumoniae,Ceftriaxone,Saudi Arabia
Streptococcus pneumoniae,Ceftriaxone,Saudi Arabia
Streptococcus pneumoniae,Co-trimoxazole,United Arab Emirates
Streptococcus pneumoniae,Co-trimoxazole,United Arab Emirates
Streptococcus pneumoniae,Co-trimoxazole,United Arab Emirates
Streptococcus pneumoniae,Co-trimoxazole,United Arab Emirates
Streptococcus pneumoniae,Co-trimoxazole,Argentina
Streptococcus pneumoniae,Co-trimoxazole,Argentina
Streptococcus pneumoniae,Co-trimoxazole,Argentina
Streptococcus pneumoniae,Co-trimoxazole,Argentina
Streptococcus pneumoniae,Co-trimoxazole,Republic of Korea
Streptococcus pneumoniae,Co-trimoxazole,Republic of Korea
Streptococcus pneumoniae,Co-trimoxazole,Republic of Korea
Streptococcus pneumoniae,Co-trimoxazole,Republic of Korea
Streptococcus pneumoniae,Co-trimoxazole,Malaysia
Streptococcus pneumoniae,Co-trimoxazole,Malaysia
Streptococcus pneumoniae,Co-trimoxazole,Malaysia
Streptococcus pneumoniae,Co-trimoxazole,Malaysia
Streptococcus pneumoniae,Co-trimoxazole,Philippines
Streptococcus pneumoniae,Co-trimoxazole,Philippines
Streptococcus pneumoniae,Co-trimoxazole,Philippines
Streptococcus pneumoniae,Co-trimoxazole,Philippines
Streptococcus pneumoniae,Co-trimoxazole,Saudi Arabia
Streptococcus pneumoniae,Co-trimoxazole,Saudi Arabia
Streptococcus pneumoniae,Co-trimoxazole,Saudi Arabia
Streptococcus pneumoniae,Co-trimoxazole,Saudi Arabia
Streptococcus pneumoniae,Co-trimoxazole,Thailand
Streptococcus pneumoniae,Co-trimoxazole,Thailand
Streptococcus pneumoniae,Co-trimoxazole,Thailand
Streptococcus pneumoniae,Co-trimoxazole,Thailand
Streptococcus pneumoniae,Co-trimoxazole,South Africa
Streptococcus pneumoniae,Co-trimoxazole,South Africa
Streptococcus pneumoniae,Co-trimoxazole,South Africa
Streptococcus pneumoniae,Co-trimoxazole,South Africa
Streptococcus pneumoniae,Oxacillin,Switzerland
Streptococcus pneumoniae,Oxacillin,Switzerland
Streptococcus pneumoniae,Oxacillin,Switzerland
Streptococcus pneumoniae,Oxacillin,Switzerland
Streptococcus pneumoniae,Oxacillin,Republic of Korea
Streptococcus pneumoniae,Oxacillin,Republic of Korea
Streptococcus pneumoniae,Oxacillin,Republic of Korea
Streptococcus pneumoniae,Oxacillin,Republic of Korea
Streptococcus pneumoniae,Oxacillin,Malaysia
Streptococcus pneumoniae,Oxacillin,Malaysia
Streptococcus pneumoniae,Oxacillin,Malaysia
Streptococcus pneumoniae,Oxacillin,Malaysia
Streptococcus pneumoniae,Oxacillin,Saudi Arabia
Streptococcus pneumoniae,Oxacillin,Saudi Arabia
Streptococcus pneumoniae,Oxacillin,Saudi Arabia
Streptococcus pneumoniae,Oxacillin,Saudi Arabia
Streptococcus pneumoniae,Penicillin G,United Arab Emirates
Streptococcus pneumoniae,Penicillin G,United Arab Emirates
Streptococcus pneumoniae,Penicillin G,United Arab Emirates
Streptococcus pneumoniae,Penicillin G,United Arab Emirates
Streptococcus pneumoniae,Penicillin G,Argentina
Streptococcus pneumoniae,Penicillin G,Argentina
Streptococcus pneumoniae,Penicillin G,Argentina
Streptococcus pneumoniae,Penicillin G,Argentina
Streptococcus pneumoniae,Penicillin G,Bosnia and Herzegovina
Streptococcus pneumoniae,Penicillin G,Bosnia and Herzegovina
Streptococcus pneumoniae,Penicillin G,Bosnia and Herzegovina
Streptococcus pneumoniae,Penicillin G,Bosnia and Herzegovina
Streptococcus pneumoniae,Penicillin G,Switzerland
Streptococcus pneumoniae,Penicillin G,Switzerland
Streptococcus pneumoniae,Penicillin G,Switzerland
Streptococcus pneumoniae,Penicillin G,Switzerland
Streptococcus pneumoniae,Penicillin G,Japan
Streptococcus pneumoniae,Penicillin G,Japan
Streptococcus pneumoniae,Penicillin G,Japan
Streptococcus pneumoniae,Penicillin G,Japan
Streptococcus pneumoniae,Penicillin G,Republic of Korea
Streptococcus pneumoniae,Penicillin G,Republic of Korea
Streptococcus pneumoniae,Penicillin G,Republic of Korea
Streptococcus pneumoniae,Penicillin G,Republic of Korea
Streptococcus pneumoniae,Penicillin G,Malta
Streptococcus pneumoniae,Penicillin G,Malta
Streptococcus pneumoniae,Penicillin G,Malta
Streptococcus pneumoniae,Penicillin G,Malta
Streptococcus pneumoniae,Penicillin G,Malaysia
Streptococcus pneumoniae,Penicillin G,Malaysia
Streptococcus pneumoniae,Penicillin G,Malaysia
Streptococcus pneumoniae,Penicillin G,Malaysia
Streptococcus pneumoniae,Penicillin G,Philippines
Streptococcus pneumoniae,Penicillin G,Philippines
Streptococcus pneumoniae,Penicillin G,Philippines
Streptococcus pneumoniae,Penicillin G,Philippines
Streptococcus pneumoniae,Penicillin G,Thailand
Streptococcus pneumoniae,Penicillin G,Thailand
Streptococcus pneumoniae,Penicillin G,Thailand
Streptococcus pneumoniae,Penicillin G,Thailand
Streptococcus pneumoniae,Penicillin G,South Africa
Streptococcus pneumoniae,Penicillin G,South Africa
Streptococcus pneumoniae,Penicillin G,South Africa
Streptococcus pneumoniae,Penicillin G,South Africa
Acinetobacter spp.,Meropenem,United Arab Emirates
Acinetobacter spp.,Meropenem,United Arab Emirates
Acinetobacter spp.,Meropenem,United Arab Emirates
Acinetobacter spp.,Meropenem,United Arab Emirates
Acinetobacter spp.,Meropenem,Argentina
Acinetobacter spp.,Meropenem,Argentina
Acinetobacter spp.,Meropenem,Argentina
Acinetobacter spp.,Meropenem,Argentina
Acinetobacter spp.,Meropenem,Bosnia and Herzegovina
Acinetobacter spp.,Meropenem,Bosnia and Herzegovina
Acinetobacter spp.,Meropenem,Bosnia and Herzegovina
Acinetobacter spp.,Meropenem,Bosnia and Herzegovina
Acinetobacter spp.,Meropenem,Switzerland
Acinetobacter spp.,Meropenem,Switzerland
Acinetobacter spp.,Meropenem,Switzerland
Acinetobacter spp.,Meropenem,Switzerland
Acinetobacter spp.,Meropenem,Georgia
Acinetobacter spp.,Meropenem,Georgia
Acinetobacter spp.,Meropenem,Georgia
Acinetobacter spp.,Meropenem,Georgia
Acinetobacter spp.,Meropenem,India
Acinetobacter spp.,Meropenem,India
Acinetobacter spp.,Meropenem,India
Acinetobacter spp.,Meropenem,India
Acinetobacter spp.,Meropenem,Japan
Acinetobacter spp.,Meropenem,Japan
Acinetobacter spp.,Meropenem,Japan
Acinetobacter spp.,Meropenem,Japan
Acinetobacter spp.,Meropenem,Republic of Korea
Acinetobacter spp.,Meropenem,Republic of Korea
Acinetobacter spp.,Meropenem,Republic of Korea
Acinetobacter spp.,Meropenem,Republic of Korea
Acinetobacter spp.,Meropenem,North Macedonia
Acinetobacter spp.,Meropenem,North Macedonia
Acinetobacter spp.,Meropenem,North Macedonia
Acinetobacter spp.,Meropenem,North Macedonia
Acinetobacter spp.,Meropenem,Malaysia
Acinetobacter spp.,Meropenem,Malaysia
Acinetobacter spp.,Meropenem,Malaysia
Acinetobacter spp.,Meropenem,Malaysia
Acinetobacter spp.,Meropenem,Oman
Acinetobacter spp.,Meropenem,Oman
Acinetobacter spp.,Meropenem,Oman
Acinetobacter spp.,Meropenem,Oman
Acinetobacter spp.,Meropenem,Pakistan
Acinetobacter spp.,Meropenem,Pakistan
Acinetobacter spp.,Meropenem,Pakistan
Acinetobacter spp.,Meropenem,Pakistan
Acinetobacter spp.,Meropenem,Philippines
Acinetobacter spp.,Meropenem,Philippines
Acinetobacter spp.,Meropenem,Philippines
Acinetobacter spp.,Meropenem,Philippines
Acinetobacter spp.,Meropenem,Russian Federation
Acinetobacter spp.,Meropenem,Russian Federation
Acinetobacter spp.,Meropenem,Russian Federation
Acinetobacter spp.,Meropenem,Russian Federation
Acinetobacter spp.,Meropenem,Saudi Arabia
Acinetobacter spp.,Meropenem,Saudi Arabia
Acinetobacter spp.,Meropenem,Saudi Arabia
Acinetobacter spp.,Meropenem,Saudi Arabia
Acinetobacter spp.,Meropenem,Thailand
Acinetobacter spp.,Meropenem,Thailand
Acinetobacter spp.,Meropenem,Thailand
Acinetobacter spp.,Meropenem,Thailand
Acinetobacter spp.,Meropenem,Tunisia
Acinetobacter spp.,Meropenem,Tunisia
Acinetobacter spp.,Meropenem,Tunisia
Acinetobacter spp.,Meropenem,Tunisia
Acinetobacter spp.,Meropenem,South Africa
Acinetobacter spp.,Meropenem,South Africa
Acinetobacter spp.,Meropenem,South Africa
Acinetobacter spp.,Meropenem,South Africa
Acinetobacter spp.,Minocycline,United Arab Emirates
Acinetobacter spp.,Minocycline,United Arab Emirates
Acinetobacter spp.,Minocycline,United Arab Emirates
Acinetobacter spp.,Minocycline,United Arab Emirates
Acinetobacter spp.,Minocycline,Argentina
Acinetobacter spp.,Minocycline,Argentina
Acinetobacter spp.,Minocycline,Argentina
Acinetobacter spp.,Minocycline,Argentina
Acinetobacter spp.,Minocycline,India
Acinetobacter spp.,Minocycline,India
Acinetobacter spp.,Minocycline,India
Acinetobacter spp.,Minocycline,India
Acinetobacter spp.,Minocycline,Japan
Acinetobacter spp.,Minocycline,Japan
Acinetobacter spp.,Minocycline,Japan
Acinetobacter spp.,Minocycline,Japan
Acinetobacter spp.,Minocycline,Republic of Korea
Acinetobacter spp.,Minocycline,Republic of Korea
Acinetobacter spp.,Minocycline,Republic of Korea
Acinetobacter spp.,Minocycline,Republic of Korea
Acinetobacter spp.,Minocycline,Philippines
Acinetobacter spp.,Minocycline,Philippines
Acinetobacter spp.,Minocycline,Philippines
Acinetobacter spp.,Minocycline,Philippines
Acinetobacter spp.,Minocycline,Saudi Arabia
Acinetobacter spp.,Minocycline,Saudi Arabia
Acinetobacter spp.,Minocycline,Saudi Arabia
Acinetobacter spp.,Minocycline,Saudi Arabia
Acinetobacter spp.,Tigecycline,Republic of Korea
Acinetobacter spp.,Tigecycline,Republic of Korea
Acinetobacter spp.,Tigecycline,Republic of Korea
Acinetobacter spp.,Tigecycline,Republic of Korea
Acinetobacter spp.,Tigecycline,Malaysia
Acinetobacter spp.,Tigecycline,Malaysia
Acinetobacter spp.,Tigecycline,Malaysia
Acinetobacter spp.,Tigecycline,Malaysia
Acinetobacter spp.,Tigecycline,Pakistan
Acinetobacter spp.,Tigecycline,Pakistan
Acinetobacter spp.,Tigecycline,Pakistan
Acinetobacter spp.,Tigecycline,Pakistan
Acinetobacter spp.,Tigecycline,Saudi Arabia
Acinetobacter spp.,Tigecycline,Saudi Arabia
Acinetobacter spp.,Tigecycline,Saudi Arabia
Acinetobacter spp.,Tigecycline,Saudi Arabia
Escherichia coli,Ampicillin,United Arab Emirates
Escherichia coli,Ampicillin,United Arab Emirates
Escherichia coli,Ampicillin,United Arab Emirates
Escherichia coli,Ampicillin,United Arab Emirates
Escherichia coli,Ampicillin,Argentina
Escherichia coli,Ampicillin,Argentina
Escherichia coli,Ampicillin,Argentina
Escherichia coli,Ampicillin,Argentina
Escherichia coli,Ampicillin,Bosnia and Herzegovina
Escherichia coli,Ampicillin,Bosnia and Herzegovina
Escherichia coli,Ampicillin,Bosnia and Herzegovina
Escherichia coli,Ampicillin,Bosnia and Herzegovina
Escherichia coli,Ampicillin,Switzerland
Escherichia coli,Ampicillin,Switzerland
Escherichia coli,Ampicillin,Switzerland
Escherichia coli,Ampicillin,Switzerland
Escherichia coli,Ampicillin,Japan
Escherichia coli,Ampicillin,Japan
Escherichia coli,Ampicillin,Japan
Escherichia coli,Ampicillin,Japan
Escherichia coli,Ampicillin,Republic of Korea
Escherichia coli,Ampicillin,Republic of Korea
Escherichia coli,Ampicillin,Republic of Korea
Escherichia coli,Ampicillin,Republic of Korea
Escherichia coli,Ampicillin,Lao People's Democratic Republic
Escherichia coli,Ampicillin,Lao People's Democratic Republic
Escherichia coli,Ampicillin,Lao People's Democratic Republic
Escherichia coli,Ampicillin,Lao People's Democratic Republic
Escherichia coli,Ampicillin,North Macedonia
Escherichia coli,Ampicillin,North Macedonia
Escherichia coli,Ampicillin,North Macedonia
Escherichia coli,Ampicillin,North Macedonia
Escherichia coli,Ampicillin,Malaysia
Escherichia coli,Ampicillin,Malaysia
Escherichia coli,Ampicillin,Malaysia
Escherichia coli,Ampicillin,Malaysia
Escherichia coli,Ampicillin,Oman
Escherichia coli,Ampicillin,Oman
Escherichia coli,Ampicillin,Oman
Escherichia coli,Ampicillin,Oman
Escherichia coli,Ampicillin,Pakistan
Escherichia coli,Ampicillin,Pakistan
Escherichia coli,Ampicillin,Pakistan
Escherichia coli,Ampicillin,Pakistan
Escherichia coli,Ampicillin,Philippines
Escherichia coli,Ampicillin,Philippines
Escherichia coli,Ampicillin,Philippines
Escherichia coli,Ampicillin,Philippines
Escherichia coli,Ampicillin,Russian Federation
Escherichia coli,Ampicillin,Russian Federation
Escherichia coli,Ampicillin,Russian Federation
Escherichia coli,Ampicillin,Russian Federation
Escherichia coli,Ampicillin,Saudi Arabia
Escherichia coli,Ampicillin,Saudi Arabia
Escherichia coli,Ampicillin,Saudi Arabia
Escherichia coli,Ampicillin,Saudi Arabia
Escherichia coli,Ampicillin,Thailand
Escherichia coli,Ampicillin,Thailand
Escherichia coli,Ampicillin,Thailand
Escherichia coli,Ampicillin,Thailand
Escherichia coli,Ampicillin,Tunisia
Escherichia coli,Ampicillin,Tunisia
Escherichia coli,Ampicillin,Tunisia
Escherichia coli,Ampicillin,Tunisia
Escherichia coli,Cefepime,United Arab Emirates
Escherichia coli,Cefepime,United Arab Emirates
Escherichia coli,Cefepime,United Arab Emirates
Escherichia coli,Cefepime,United Arab Emirates
Escherichia coli,Cefepime,Argentina
Escherichia coli,Cefepime,Argentina
Escherichia coli,Cefepime,Argentina
Escherichia coli,Cefepime,Argentina
Escherichia coli,Cefepime,India
Escherichia coli,Cefepime,India
Escherichia coli,Cefepime,India
Escherichia coli,Cefepime,India
Escherichia coli,Cefepime,Japan
Escherichia coli,Cefepime,Japan
Escherichia coli,Cefepime,Japan
Escherichia coli,Cefepime,Japan
Escherichia coli,Cefepime,Republic of Korea
Escherichia coli,Cefepime,Republic of Korea
Escherichia coli,Cefepime,Republic of Korea
Escherichia coli,Cefepime,Republic of Korea
Escherichia coli,Cefepime,Malta
Escherichia coli,Cefepime,Malta
Escherichia coli,Cefepime,Malta
Escherichia coli,Cefepime,Malta
Escherichia coli,Cefepime,Malaysia
Escherichia coli,Cefepime,Malaysia
Escherichia coli,Cefepime,Malaysia
Escherichia coli,Cefepime,Malaysia
Escherichia coli,Cefepime,Oman
Escherichia coli,Cefepime,Oman
Escherichia coli,Cefepime,Oman
Escherichia coli,Cefepime,Oman
Escherichia coli,Cefepime,Pakistan
Escherichia coli,Cefepime,Pakistan
Escherichia coli,Cefepime,Pakistan
Escherichia coli,Cefepime,Pakistan
Escherichia coli,Cefepime,Philippines
Escherichia coli,Cefepime,Philippines
Escherichia coli,Cefepime,Philippines
Escherichia coli,Cefepime,Philippines
Escherichia coli,Cefepime,Saudi Arabia
Escherichia coli,Cefepime,Saudi Arabia
Escherichia coli,Cefepime,Saudi Arabia
Escherichia coli,Cefepime,Saudi Arabia
Escherichia coli,Cefepime,Tunisia
Escherichia coli,Cefepime,Tunisia
Escherichia coli,Cefepime,Tunisia
Escherichia coli,Cefepime,Tunisia
Acinetobacter spp.,Amikacin,United Arab Emirates
Acinetobacter spp.,Amikacin,United Arab Emirates
Acinetobacter spp.,Amikacin,United Arab Emirates
Acinetobacter spp.,Amikacin,United Arab Emirates
Acinetobacter spp.,Amikacin,Argentina
Acinetobacter spp.,Amikacin,Argentina
Acinetobacter spp.,Amikacin,Argentina
Acinetobacter spp.,Amikacin,Argentina
Acinetobacter spp.,Amikacin,Bosnia and Herzegovina
Acinetobacter spp.,Amikacin,Bosnia and Herzegovina
Acinetobacter spp.,Amikacin,Bosnia and Herzegovina
Acinetobacter spp.,Amikacin,Bosnia and Herzegovina
Acinetobacter spp.,Amikacin,Switzerland
Acinetobacter spp.,Amikacin,Switzerland
Acinetobacter spp.,Amikacin,Switzerland
Acinetobacter spp.,Amikacin,Switzerland
Acinetobacter spp.,Amikacin,Egypt
Acinetobacter spp.,Amikacin,Egypt
Acinetobacter spp.,Amikacin,Egypt
Acinetobacter spp.,Amikacin,Egypt
Acinetobacter spp.,Amikacin,Georgia
Acinetobacter spp.,Amikacin,Georgia
Acinetobacter spp.,Amikacin,Georgia
Acinetobacter spp.,Amikacin,Georgia
Acinetobacter spp.,Amikacin,India
Acinetobacter spp.,Amikacin,India
Acinetobacter spp.,Amikacin,India
Acinetobacter spp.,Amikacin,India
Acinetobacter spp.,Amikacin,Japan
Acinetobacter spp.,Amikacin,Japan
Acinetobacter spp.,Amikacin,Japan
Acinetobacter spp.,Amikacin,Japan
Acinetobacter spp.,Amikacin,Republic of Korea
Acinetobacter spp.,Amikacin,Republic of Korea
Acinetobacter spp.,Amikacin,Republic of Korea
Acinetobacter spp.,Amikacin,Republic of Korea
Acinetobacter spp.,Amikacin,North Macedonia
Acinetobacter spp.,Amikacin,North Macedonia
Acinetobacter spp.,Amikacin,North Macedonia
Acinetobacter spp.,Amikacin,North Macedonia
Acinetobacter spp.,Amikacin,Malaysia
Acinetobacter spp.,Amikacin,Malaysia
Acinetobacter spp.,Amikacin,Malaysia
Acinetobacter spp.,Amikacin,Malaysia
Acinetobacter spp.,Amikacin,Oman
Acinetobacter spp.,Amikacin,Oman
Acinetobacter spp.,Amikacin,Oman
Acinetobacter spp.,Amikacin,Oman
Acinetobacter spp.,Amikacin,Pakistan
Acinetobacter spp.,Amikacin,Pakistan
Acinetobacter spp.,Amikacin,Pakistan
Acinetobacter spp.,Amikacin,Pakistan
Acinetobacter spp.,Amikacin,Philippines
Acinetobacter spp.,Amikacin,Philippines
Acinetobacter spp.,Amikacin,Philippines
Acinetobacter spp.,Amikacin,Philippines
Acinetobacter spp.,Amikacin,Russian Federation
Acinetobacter spp.,Amikacin,Russian Federation
Acinetobacter spp.,Amikacin,Russian Federation
Acinetobacter spp.,Amikacin,Russian Federation
Acinetobacter spp.,Amikacin,Saudi Arabia
Acinetobacter spp.,Amikacin,Saudi Arabia
Acinetobacter spp.,Amikacin,Saudi Arabia
Acinetobacter spp.,Amikacin,Saudi Arabia
Acinetobacter spp.,Amikacin,Thailand
Acinetobacter spp.,Amikacin,Thailand
Acinetobacter spp.,Amikacin,Thailand
Acinetobacter spp.,Amikacin,Thailand
Acinetobacter spp.,Amikacin,South Africa
Acinetobacter spp.,Amikacin,South Africa
Acinetobacter spp.,Amikacin,South Africa
Acinetobacter spp.,Amikacin,South Africa
Neisseria gonorrhoeae,Cefixime,Switzerland
Neisseria gonorrhoeae,Cefixime,Switzerland
Neisseria gonorrhoeae,Cefixime,Switzerland
Neisseria gonorrhoeae,Cefixime,Switzerland
Neisseria gonorrhoeae,Cefixime,Japan
Neisseria gonorrhoeae,Cefixime,Japan
Neisseria gonorrhoeae,Cefixime,Japan
Neisseria gonorrhoeae,Cefixime,Japan
Neisseria gonorrhoeae,Cefixime,Norway
Neisseria gonorrhoeae,Cefixime,Norway
Neisseria gonorrhoeae,Cefixime,Norway
Neisseria gonorrhoeae,Cefixime,Norway
Neisseria gonorrhoeae,Cefixime,Philippines
Neisseria gonorrhoeae,Cefixime,Philippines
Neisseria gonorrhoeae,Cefixime,Philippines
Neisseria gonorrhoeae,Cefixime,Philippines
Neisseria gonorrhoeae,Cefixime,Uganda
Neisseria gonorrhoeae,Cefixime,Uganda
Neisseria gonorrhoeae,Cefixime,Uganda
Neisseria gonorrhoeae,Cefixime,Uganda
Neisseria gonorrhoeae,Ceftriaxone,Switzerland
Neisseria gonorrhoeae,Ceftriaxone,Switzerland
Neisseria gonorrhoeae,Ceftriaxone,Switzerland
Neisseria gonorrhoeae,Ceftriaxone,Switzerland
Neisseria gonorrhoeae,Ceftriaxone,Finland
Neisseria gonorrhoeae,Ceftriaxone,Finland
Neisseria gonorrhoeae,Ceftriaxone,Finland
Neisseria gonorrhoeae,Ceftriaxone,Finland
Neisseria gonorrhoeae,Ceftriaxone,Japan
Neisseria gonorrhoeae,Ceftriaxone,Japan
Neisseria gonorrhoeae,Ceftriaxone,Japan
Neisseria gonorrhoeae,Ceftriaxone,Japan
Neisseria gonorrhoeae,Ceftriaxone,Malaysia
Neisseria gonorrhoeae,Ceftriaxone,Malaysia
Neisseria gonorrhoeae,Ceftriaxone,Malaysia
Neisseria gonorrhoeae,Ceftriaxone,Malaysia
Neisseria gonorrhoeae,Ceftriaxone,Norway
Neisseria gonorrhoeae,Ceftriaxone,Norway
Neisseria gonorrhoeae,Ceftriaxone,Norway
Neisseria gonorrhoeae,Ceftriaxone,Norway
Neisseria gonorrhoeae,Ceftriaxone,Oman
Neisseria gonorrhoeae,Ceftriaxone,Oman
Neisseria gonorrhoeae,Ceftriaxone,Oman
Neisseria gonorrhoeae,Ceftriaxone,Oman
Neisseria gonorrhoeae,Ceftriaxone,Philippines
Neisseria gonorrhoeae,Ceftriaxone,Philippines
Neisseria gonorrhoeae,Ceftriaxone,Philippines
Neisseria gonorrhoeae,Ceftriaxone,Philippines
Neisseria gonorrhoeae,Ceftriaxone,Thailand
Neisseria gonorrhoeae,Ceftriaxone,Thailand
Neisseria gonorrhoeae,Ceftriaxone,Thailand
Neisseria gonorrhoeae,Ceftriaxone,Thailand
Neisseria gonorrhoeae,Ceftriaxone,Uganda
Neisseria gonorrhoeae,Ceftriaxone,Uganda
Neisseria gonorrhoeae,Ceftriaxone,Uganda
Neisseria gonorrhoeae,Ceftriaxone,Uganda
Neisseria gonorrhoeae,Ceftriaxone,South Africa
Neisseria gonorrhoeae,Ceftriaxone,South Africa
Neisseria gonorrhoeae,Ceftriaxone,South Africa
Neisseria gonorrhoeae,Ceftriaxone,South Africa
Neisseria gonorrhoeae,Ciprofloxacin,Switzerland
Neisseria gonorrhoeae,Ciprofloxacin,Switzerland
Neisseria gonorrhoeae,Ciprofloxacin,Switzerland
Neisseria gonorrhoeae,Ciprofloxacin,Switzerland
Neisseria gonorrhoeae,Ciprofloxacin,Japan
Neisseria gonorrhoeae,Ciprofloxacin,Japan
Neisseria gonorrhoeae,Ciprofloxacin,Japan
Neisseria gonorrhoeae,Ciprofloxacin,Japan
Neisseria gonorrhoeae,Ciprofloxacin,Malaysia
Neisseria gonorrhoeae,Ciprofloxacin,Malaysia
Neisseria gonorrhoeae,Ciprofloxacin,Malaysia
Neisseria gonorrhoeae,Ciprofloxacin,Malaysia
Neisseria gonorrhoeae,Ciprofloxacin,Norway
Neisseria gonorrhoeae,Ciprofloxacin,Norway
Neisseria gonorrhoeae,Ciprofloxacin,Norway
Neisseria gonorrhoeae,Ciprofloxacin,Norway
Neisseria gonorrhoeae,Ciprofloxacin,Oman
Neisseria gonorrhoeae,Ciprofloxacin,Oman
Neisseria gonorrhoeae,Ciprofloxacin,Oman
Neisseria gonorrhoeae,Ciprofloxacin,Oman
Neisseria gonorrhoeae,Ciprofloxacin,Philippines
Neisseria gonorrhoeae,Ciprofloxacin,Philippines
Neisseria gonorrhoeae,Ciprofloxacin,Philippines
Neisseria gonorrhoeae,Ciprofloxacin,Philippines
Neisseria gonorrhoeae,Ciprofloxacin,Thailand
Neisseria gonorrhoeae,Ciprofloxacin,Thailand
Neisseria gonorrhoeae,Ciprofloxacin,Thailand
Neisseria gonorrhoeae,Ciprofloxacin,Thailand
Neisseria gonorrhoeae,Ciprofloxacin,Uganda
Neisseria gonorrhoeae,Ciprofloxacin,Uganda
Neisseria gonorrhoeae,Ciprofloxacin,Uganda
Neisseria gonorrhoeae,Ciprofloxacin,Uganda
Neisseria gonorrhoeae,Spectinomycin,Japan
Neisseria gonorrhoeae,Spectinomycin,Japan
Neisseria gonorrhoeae,Spectinomycin,Japan
Neisseria gonorrhoeae,Spectinomycin,Japan
Neisseria gonorrhoeae,Spectinomycin,Malaysia
Neisseria gonorrhoeae,Spectinomycin,Malaysia
Neisseria gonorrhoeae,Spectinomycin,Malaysia
Neisseria gonorrhoeae,Spectinomycin,Malaysia
Neisseria gonorrhoeae,Spectinomycin,Philippines
Neisseria gonorrhoeae,Spectinomycin,Philippines
Neisseria gonorrhoeae,Spectinomycin,Philippines
Neisseria gonorrhoeae,Spectinomycin,Philippines
Neisseria gonorrhoeae,Spectinomycin,South Africa
Neisseria gonorrhoeae,Spectinomycin,South Africa
Neisseria gonorrhoeae,Spectinomycin,South Africa
Neisseria gonorrhoeae,Spectinomycin,South Africa
Neisseria gonorrhoeae,Azithromycin,Switzerland
Neisseria gonorrhoeae,Azithromycin,Switzerland
Neisseria gonorrhoeae,Azithromycin,Switzerland
Neisseria gonorrhoeae,Azithromycin,Switzerland
Neisseria gonorrhoeae,Azithromycin,Japan
Neisseria gonorrhoeae,Azithromycin,Japan
Neisseria gonorrhoeae,Azithromycin,Japan
Neisseria gonorrhoeae,Azithromycin,Japan
Neisseria gonorrhoeae,Azithromycin,Norway
Neisseria gonorrhoeae,Azithromycin,Norway
Neisseria gonorrhoeae,Azithromycin,Norway
Neisseria gonorrhoeae,Azithromycin,Norway
Neisseria gonorrhoeae,Azithromycin,Philippines
Neisseria gonorrhoeae,Azithromycin,Philippines
Neisseria gonorrhoeae,Azithromycin,Philippines
Neisseria gonorrhoeae,Azithromycin,Philippines
Neisseria gonorrhoeae,Azithromycin,South Africa
Neisseria gonorrhoeae,Azithromycin,South Africa
Neisseria gonorrhoeae,Azithromycin,South Africa
Neisseria gonorrhoeae,Azithromycin,South Africa
Staphylococcus aureus,Methicillin resistance,United Arab Emirates
Staphylococcus aureus,Methicillin resistance,United Arab Emirates
Staphylococcus aureus,Methicillin resistance,United Arab Emirates
Staphylococcus aureus,Methicillin resistance,United Arab Emirates
Staphylococcus aureus,Methicillin resistance,Argentina
Staphylococcus aureus,Methicillin resistance,Argentina
Staphylococcus aureus,Methicillin resistance,Argentina
Staphylococcus aureus,Methicillin resistance,Argentina
Staphylococcus aureus,Methicillin resistance,Austria
Staphylococcus aureus,Methicillin resistance,Austria
Staphylococcus aureus,Methicillin resistance,Austria
Staphylococcus aureus,Methicillin resistance,Austria
Staphylococcus aureus,Methicillin resistance,Bosnia and Herzegovina
Staphylococcus aureus,Methicillin resistance,Bosnia and Herzegovina
Staphylococcus aureus,Methicillin resistance,Bosnia and Herzegovina
Staphylococcus aureus,Methicillin resistance,Bosnia and Herzegovina
Staphylococcus aureus,Methicillin resistance,Switzerland
Staphylococcus aureus,Methicillin resistance,Switzerland
Staphylococcus aureus,Methicillin resistance,Switzerland
Staphylococcus aureus,Methicillin resistance,Switzerland
Staphylococcus aureus,Methicillin resistance,Cyprus
Staphylococcus aureus,Methicillin resistance,Cyprus
Staphylococcus aureus,Methicillin resistance,Cyprus
Staphylococcus aureus,Methicillin resistance,Cyprus
Staphylococcus aureus,Methicillin resistance,Czechia
Staphylococcus aureus,Methicillin resistance,Czechia
Staphylococcus aureus,Methicillin resistance,Czechia
Staphylococcus aureus,Methicillin resistance,Czechia
Staphylococcus aureus,Methicillin resistance,Germany
Staphylococcus aureus,Methicillin resistance,Germany
Staphylococcus aureus,Methicillin resistance,Germany
Staphylococcus aureus,Methicillin resistance,Germany
Staphylococcus aureus,Methicillin resistance,Finland
Staphylococcus aureus,Methicillin resistance,Finland
Staphylococcus aureus,Methicillin resistance,Finland
Staphylococcus aureus,Methicillin resistance,Finland
Staphylococcus aureus,Methicillin resistance,France
Staphylococcus aureus,Methicillin resistance,France
Staphylococcus aureus,Methicillin resistance,France
Staphylococcus aureus,Methicillin resistance,France
Staphylococcus aureus,Methicillin resistance,United Kingdom of Great Britain and Northern Ireland
Staphylococcus aureus,Methicillin resistance,United Kingdom of Great Britain and Northern Ireland
Staphylococcus aureus,Methicillin resistance,United Kingdom of Great Britain and Northern Ireland
Staphylococcus aureus,Methicillin resistance,United Kingdom of Great Britain and Northern Ireland
Staphylococcus aureus,Methicillin resistance,Georgia
Staphylococcus aureus,Methicillin resistance,Georgia
Staphylococcus aureus,Methicillin resistance,Georgia
Staphylococcus aureus,Methicillin resistance,Georgia
Staphylococcus aureus,Methicillin resistance,Greece
Staphylococcus aureus,Methicillin resistance,Greece
Staphylococcus aureus,Methicillin resistance,Greece
Staphylococcus aureus,Methicillin resistance,Greece
Staphylococcus aureus,Methicillin resistance,Croatia
Staphylococcus aureus,Methicillin resistance,Croatia
Staphylococcus aureus,Methicillin resistance,Croatia
Staphylococcus aureus,Methicillin resistance,Croatia
Staphylococcus aureus,Methicillin resistance,India
Staphylococcus aureus,Methicillin resistance,India
Staphylococcus aureus,Methicillin resistance,India
Staphylococcus aureus,Methicillin resistance,India
Staphylococcus aureus,Methicillin resistance,Ireland
Staphylococcus aureus,Methicillin resistance,Ireland
Staphylococcus aureus,Methicillin resistance,Ireland
Staphylococcus aureus,Methicillin resistance,Ireland
Staphylococcus aureus,Methicillin resistance,Japan
Staphylococcus aureus,Methicillin resistance,Japan
Staphylococcus aureus,Methicillin resistance,Japan
Staphylococcus aureus,Methicillin resistance,Japan
Staphylococcus aureus,Methicillin resistance,Republic of Korea
Staphylococcus aureus,Methicillin resistance,Republic of Korea
Staphylococcus aureus,Methicillin resistance,Republic of Korea
Staphylococcus aureus,Methicillin resistance,Republic of Korea
Staphylococcus aureus,Methicillin resistance,Lao People's Democratic Republic
Staphylococcus aureus,Methicillin resistance,Lao People's Democratic Republic
Staphylococcus aureus,Methicillin resistance,Lao People's Democratic Republic
Staphylococcus aureus,Methicillin resistance,Lao People's Democratic Republic
Staphylococcus aureus,Methicillin resistance,Lithuania
Staphylococcus aureus,Methicillin resistance,Lithuania
Staphylococcus aureus,Methicillin resistance,Lithuania
Staphylococcus aureus,Methicillin resistance,Lithuania
Staphylococcus aureus,Methicillin resistance,Luxembourg
Staphylococcus aureus,Methicillin resistance,Luxembourg
Staphylococcus aureus,Methicillin resistance,Luxembourg
Staphylococcus aureus,Methicillin resistance,Luxembourg
Staphylococcus aureus,Methicillin resistance,Latvia
Staphylococcus aureus,Methicillin resistance,Latvia
Staphylococcus aureus,Methicillin resistance,Latvia
Staphylococcus aureus,Methicillin resistance,Latvia
Staphylococcus aureus,Methicillin resistance,North Macedonia
Staphylococcus aureus,Methicillin resistance,North Macedonia
Staphylococcus aureus,Methicillin resistance,North Macedonia
Staphylococcus aureus,Methicillin resistance,North Macedonia
Staphylococcus aureus,Methicillin resistance,Malta
Staphylococcus aureus,Methicillin resistance,Malta
Staphylococcus aureus,Methicillin resistance,Malta
Staphylococcus aureus,Methicillin resistance,Malta
Staphylococcus aureus,Methicillin resistance,Malaysia
Staphylococcus aureus,Methicillin resistance,Malaysia
Staphylococcus aureus,Methicillin resistance,Malaysia
Staphylococcus aureus,Methicillin resistance,Malaysia
Staphylococcus aureus,Methicillin resistance,Netherlands
Staphylococcus aureus,Methicillin resistance,Netherlands
Staphylococcus aureus,Methicillin resistance,Netherlands
Staphylococcus aureus,Methicillin resistance,Netherlands
Staphylococcus aureus,Methicillin resistance,Norway
Staphylococcus aureus,Methicillin resistance,Norway
Staphylococcus aureus,Methicillin resistance,Norway
Staphylococcus aureus,Methicillin resistance,Norway
Staphylococcus aureus,Methicillin resistance,Pakistan
Staphylococcus aureus,Methicillin resistance,Pakistan
Staphylococcus aureus,Methicillin resistance,Pakistan
Staphylococcus aureus,Methicillin resistance,Pakistan
Staphylococcus aureus,Methicillin resistance,Philippines
Staphylococcus aureus,Methicillin resistance,Philippines
Staphylococcus aureus,Methicillin resistance,Philippines
Staphylococcus aureus,Methicillin resistance,Philippines
Staphylococcus aureus,Methicillin resistance,Poland
Staphylococcus aureus,Methicillin resistance,Poland
Staphylococcus aureus,Methicillin resistance,Poland
Staphylococcus aureus,Methicillin resistance,Poland
Staphylococcus aureus,Methicillin resistance,Russian Federation
Staphylococcus aureus,Methicillin resistance,Russian Federation
Staphylococcus aureus,Methicillin resistance,Russian Federation
Staphylococcus aureus,Methicillin resistance,Russian Federation
Staphylococcus aureus,Methicillin resistance,Saudi Arabia
Staphylococcus aureus,Methicillin resistance,Saudi Arabia
Staphylococcus aureus,Methicillin resistance,Saudi Arabia
Staphylococcus aureus,Methicillin resistance,Saudi Arabia
Staphylococcus aureus,Methicillin resistance,Sweden
Staphylococcus aureus,Methicillin resistance,Sweden
Staphylococcus aureus,Methicillin resistance,Sweden
Staphylococcus aureus,Methicillin resistance,Sweden
Staphylococcus aureus,Methicillin resistance,Thailand
Staphylococcus aureus,Methicillin resistance,Thailand
Staphylococcus aureus,Methicillin resistance,Thailand
Staphylococcus aureus,Methicillin resistance,Thailand
Staphylococcus aureus,Methicillin resistance,Tunisia
Staphylococcus aureus,Methicillin resistance,Tunisia
Staphylococcus aureus,Methicillin resistance,Tunisia
Staphylococcus aureus,Methicillin resistance,Tunisia
Staphylococcus aureus,Methicillin resistance,South Africa
Staphylococcus aureus,Methicillin resistance,South Africa
Staphylococcus aureus,Methicillin resistance,South Africa
Staphylococcus aureus,Methicillin resistance,South Africa
Escherichia coli,Third-generation cephalosporins,United Arab Emirates
Escherichia coli,Third-generation cephalosporins,United Arab Emirates
Escherichia coli,Third-generation cephalosporins,United Arab Emirates
Escherichia coli,Third-generation cephalosporins,United Arab Emirates
Escherichia coli,Third-generation cephalosporins,Argentina
Escherichia coli,Third-generation cephalosporins,Argentina
Escherichia coli,Third-generation cephalosporins,Argentina
Escherichia coli,Third-generation cephalosporins,Argentina
Escherichia coli,Third-generation cephalosporins,Austria
Escherichia coli,Third-generation cephalosporins,Austria
Escherichia coli,Third-generation cephalosporins,Austria
Escherichia coli,Third-generation cephalosporins,Austria
Escherichia coli,Third-generation cephalosporins,Bosnia and Herzegovina
Escherichia coli,Third-generation cephalosporins,Bosnia and Herzegovina
Escherichia coli,Third-generation cephalosporins,Bosnia and Herzegovina
Escherichia coli,Third-generation cephalosporins,Bosnia and Herzegovina
Escherichia coli,Third-generation cephalosporins,Switzerland
Escherichia coli,Third-generation cephalosporins,Switzerland
Escherichia coli,Third-generation cephalosporins,Switzerland
Escherichia coli,Third-generation cephalosporins,Switzerland
Escherichia coli,Third-generation cephalosporins,Cyprus
Escherichia coli,Third-generation cephalosporins,Cyprus
Escherichia coli,Third-generation cephalosporins,Cyprus
Escherichia coli,Third-generation cephalosporins,Cyprus
Escherichia coli,Third-generation cephalosporins,Czechia
Escherichia coli,Third-generation cephalosporins,Czechia
Escherichia coli,Third-generation cephalosporins,Czechia
Escherichia coli,Third-generation cephalosporins,Czechia
Escherichia coli,Third-generation cephalosporins,Germany
Escherichia coli,Third-generation cephalosporins,Germany
Escherichia coli,Third-generation cephalosporins,Germany
Escherichia coli,Third-generation cephalosporins,Germany
Escherichia coli,Third-generation cephalosporins,Finland
Escherichia coli,Third-generation cephalosporins,Finland
Escherichia coli,Third-generation cephalosporins,Finland
Escherichia coli,Third-generation cephalosporins,Finland
Escherichia coli,Third-generation cephalosporins,France
Escherichia coli,Third-generation cephalosporins,France
Escherichia coli,Third-generation cephalosporins,France
Escherichia coli,Third-generation cephalosporins,France
Escherichia coli,Third-generation cephalosporins,United Kingdom of Great Britain and Northern Ireland
Escherichia coli,Third-generation cephalosporins,United Kingdom of Great Britain and Northern Ireland
Escherichia coli,Third-generation cephalosporins,United Kingdom of Great Britain and Northern Ireland
Escherichia coli,Third-generation cephalosporins,United Kingdom of Great Britain and Northern Ireland
Escherichia coli,Third-generation cephalosporins,Georgia
Escherichia coli,Third-generation cephalosporins,Georgia
Escherichia coli,Third-generation cephalosporins,Georgia
Escherichia coli,Third-generation cephalosporins,Georgia
Escherichia coli,Third-generation cephalosporins,Greece
Escherichia coli,Third-generation cephalosporins,Greece
Escherichia coli,Third-generation cephalosporins,Greece
Escherichia coli,Third-generation cephalosporins,Greece
Escherichia coli,Third-generation cephalosporins,Croatia
Escherichia coli,Third-generation cephalosporins,Croatia
Escherichia coli,Third-generation cephalosporins,Croatia
Escherichia coli,Third-generation cephalosporins,Croatia
Escherichia coli,Third-generation cephalosporins,India
Escherichia coli,Third-generation cephalosporins,India
Escherichia coli,Third-generation cephalosporins,India
Escherichia coli,Third-generation cephalosporins,India
Escherichia coli,Third-generation cephalosporins,Ireland
Escherichia coli,Third-generation cephalosporins,Ireland
Escherichia coli,Third-generation cephalosporins,Ireland
Escherichia coli,Third-generation cephalosporins,Ireland
Escherichia coli,Third-generation cephalosporins,Iran (Islamic Republic of)
Escherichia coli,Third-generation cephalosporins,Iran (Islamic Republic of)
Escherichia coli,Third-generation cephalosporins,Iran (Islamic Republic of)
Escherichia coli,Third-generation cephalosporins,Iran (Islamic Republic of)
Escherichia coli,Third-generation cephalosporins,Japan
Escherichia coli,Third-generation cephalosporins,Japan
Escherichia coli,Third-generation cephalosporins,Japan
Escherichia coli,Third-generation cephalosporins,Japan
Escherichia coli,Third-generation cephalosporins,Republic of Korea
Escherichia coli,Third-generation cephalosporins,Republic of Korea
Escherichia coli,Third-generation cephalosporins,Republic of Korea
Escherichia coli,Third-generation cephalosporins,Republic of Korea
Escherichia coli,Third-generation cephalosporins,Lao People's Democratic Republic
Escherichia coli,Third-generation cephalosporins,Lao People's Democratic Republic
Escherichia coli,Third-generation cephalosporins,Lao People's Democratic Republic
Escherichia coli,Third-generation cephalosporins,Lao People's Democratic Republic
Escherichia coli,Third-generation cephalosporins,Lebanon
Escherichia coli,Third-generation cephalosporins,Lebanon
Escherichia coli,Third-generation cephalosporins,Lebanon
Escherichia coli,Third-generation cephalosporins,Lebanon
Escherichia coli,Third-generation cephalosporins,Lithuania
Escherichia coli,Third-generation cephalosporins,Lithuania
Escherichia coli,Third-generation cephalosporins,Lithuania
Escherichia coli,Third-generation cephalosporins,Lithuania
Escherichia coli,Third-generation cephalosporins,Luxembourg
Escherichia coli,Third-generation cephalosporins,Luxembourg
Escherichia coli,Third-generation cephalosporins,Luxembourg
Escherichia coli,Third-generation cephalosporins,Luxembourg
Escherichia coli,Third-generation cephalosporins,Latvia
Escherichia coli,Third-generation cephalosporins,Latvia
Escherichia coli,Third-generation cephalosporins,Latvia
Escherichia coli,Third-generation cephalosporins,Latvia
Escherichia coli,Third-generation cephalosporins,North Macedonia
Escherichia coli,Third-generation cephalosporins,North Macedonia
Escherichia coli,Third-generation cephalosporins,North Macedonia
Escherichia coli,Third-generation cephalosporins,North Macedonia
Escherichia coli,Third-generation cephalosporins,Malta
Escherichia coli,Third-generation cephalosporins,Malta
Escherichia coli,Third-generation cephalosporins,Malta
Escherichia coli,Third-generation cephalosporins,Malta
Escherichia coli,Third-generation cephalosporins,Malaysia
Escherichia coli,Third-generation cephalosporins,Malaysia
Escherichia coli,Third-generation cephalosporins,Malaysia
Escherichia coli,Third-generation cephalosporins,Malaysia
Escherichia coli,Third-generation cephalosporins,Netherlands
Escherichia coli,Third-generation cephalosporins,Netherlands
Escherichia coli,Third-generation cephalosporins,Netherlands
Escherichia coli,Third-generation cephalosporins,Netherlands
Escherichia coli,Third-generation cephalosporins,Norway
Escherichia coli,Third-generation cephalosporins,Norway
Escherichia coli,Third-generation cephalosporins,Norway
Escherichia coli,Third-generation cephalosporins,Norway
Escherichia coli,Third-generation cephalosporins,Oman
Escherichia coli,Third-generation cephalosporins,Oman
Escherichia coli,Third-generation cephalosporins,Oman
Escherichia coli,Third-generation cephalosporins,Oman
Escherichia coli,Third-generation cephalosporins,Pakistan
Escherichia coli,Third-generation cephalosporins,Pakistan
Escherichia coli,Third-generation cephalosporins,Pakistan
Escherichia coli,Third-generation cephalosporins,Pakistan
Escherichia coli,Third-generation cephalosporins,Philippines
Escherichia coli,Third-generation cephalosporins,Philippines
Escherichia coli,Third-generation cephalosporins,Philippines
Escherichia coli,Third-generation cephalosporins,Philippines
Escherichia coli,Third-generation cephalosporins,Poland
Escherichia coli,Third-generation cephalosporins,Poland
Escherichia coli,Third-generation cephalosporins,Poland
Escherichia coli,Third-generation cephalosporins,Poland
Escherichia coli,Third-generation cephalosporins,Russian Federation
Escherichia coli,Third-generation cephalosporins,Russian Federation
Escherichia coli,Third-generation cephalosporins,Russian Federation
Escherichia coli,Third-generation cephalosporins,Russian Federation
Escherichia coli,Third-generation cephalosporins,Saudi Arabia
Escherichia coli,Third-generation cephalosporins,Saudi Arabia
Escherichia coli,Third-generation cephalosporins,Saudi Arabia
Escherichia coli,Third-generation cephalosporins,Saudi Arabia
Escherichia coli,Third-generation cephalosporins,Sweden
Escherichia coli,Third-generation cephalosporins,Sweden
Escherichia coli,Third-generation cephalosporins,Sweden
Escherichia coli,Third-generation cephalosporins,Sweden
Escherichia coli,Third-generation cephalosporins,Thailand
Escherichia coli,Third-generation cephalosporins,Thailand
Escherichia coli,Third-generation cephalosporins,Thailand
Escherichia coli,Third-generation cephalosporins,Thailand
Escherichia coli,Third-generation cephalosporins,Tunisia
Escherichia coli,Third-generation cephalosporins,Tunisia
Escherichia coli,Third-generation cephalosporins,Tunisia
Escherichia coli,Third-generation cephalosporins,Tunisia
Salmonella spp.,Ceftazidime,United Arab Emirates
Salmonella spp.,Ceftazidime,United Arab Emirates
Salmonella spp.,Ceftazidime,United Arab Emirates
Salmonella spp.,Ceftazidime,United Arab Emirates
Salmonella spp.,Ceftazidime,Argentina
Salmonella spp.,Ceftazidime,Argentina
Salmonella spp.,Ceftazidime,Argentina
Salmonella spp.,Ceftazidime,Argentina
Salmonella spp.,Ceftazidime,Switzerland
Salmonella spp.,Ceftazidime,Switzerland
Salmonella spp.,Ceftazidime,Switzerland
Salmonella spp.,Ceftazidime,Switzerland
Salmonella spp.,Ceftazidime,Japan
Salmonella spp.,Ceftazidime,Japan
Salmonella spp.,Ceftazidime,Japan
Salmonella spp.,Ceftazidime,Japan
Salmonella spp.,Ceftazidime,Republic of Korea
Salmonella spp.,Ceftazidime,Republic of Korea
Salmonella spp.,Ceftazidime,Republic of Korea
Salmonella spp.,Ceftazidime,Republic of Korea
Salmonella spp.,Ceftazidime,Malta
Salmonella spp.,Ceftazidime,Malta
Salmonella spp.,Ceftazidime,Malta
Salmonella spp.,Ceftazidime,Malta
Salmonella spp.,Ceftazidime,Malaysia
Salmonella spp.,Ceftazidime,Malaysia
Salmonella spp.,Ceftazidime,Malaysia
Salmonella spp.,Ceftazidime,Malaysia
Salmonella spp.,Ceftazidime,Poland
Salmonella spp.,Ceftazidime,Poland
Salmonella spp.,Ceftazidime,Poland
Salmonella spp.,Ceftazidime,Poland
Salmonella spp.,Ceftazidime,Saudi Arabia
Salmonella spp.,Ceftazidime,Saudi Arabia
Salmonella spp.,Ceftazidime,Saudi Arabia
Salmonella spp.,Ceftazidime,Saudi Arabia
Salmonella spp.,Ceftazidime,South Africa
Salmonella spp.,Ceftazidime,South Africa
Salmonella spp.,Ceftazidime,South Africa
Salmonella spp.,Ceftazidime,South Africa
Shigella spp.,Ceftazidime,United Arab Emirates
Shigella spp.,Ceftazidime,United Arab Emirates
Shigella spp.,Ceftazidime,United Arab Emirates
Shigella spp.,Ceftazidime,United Arab Emirates
Shigella spp.,Ceftazidime,Argentina
Shigella spp.,Ceftazidime,Argentina
Shigella spp.,Ceftazidime,Argentina
Shigella spp.,Ceftazidime,Argentina
Shigella spp.,Ceftazidime,Switzerland
Shigella spp.,Ceftazidime,Switzerland
Shigella spp.,Ceftazidime,Switzerland
Shigella spp.,Ceftazidime,Switzerland
Shigella spp.,Ceftazidime,South Africa
Shigella spp.,Ceftazidime,South Africa
Shigella spp.,Ceftazidime,South Africa
Shigella spp.,Ceftazidime,South Africa
Shigella spp.,Ceftriaxone,United Arab Emirates
Shigella spp.,Ceftriaxone,United Arab Emirates
Shigella spp.,Ceftriaxone,United Arab Emirates
Shigella spp.,Ceftriaxone,United Arab Emirates
Shigella spp.,Ceftriaxone,Switzerland
Shigella spp.,Ceftriaxone,Switzerland
Shigella spp.,Ceftriaxone,Switzerland
Shigella spp.,Ceftriaxone,Switzerland
Shigella spp.,Ceftriaxone,Oman
Shigella spp.,Ceftriaxone,Oman
Shigella spp.,Ceftriaxone,Oman
Shigella spp.,Ceftriaxone,Oman
Shigella spp.,Ceftriaxone,South Africa
Shigella spp.,Ceftriaxone,South Africa
Shigella spp.,Ceftriaxone,South Africa
Shigella spp.,Ceftriaxone,South Africa
Shigella spp.,Ciprofloxacin,United Arab Emirates
Shigella spp.,Ciprofloxacin,United Arab Emirates
Shigella spp.,Ciprofloxacin,United Arab Emirates
Shigella spp.,Ciprofloxacin,United Arab Emirates
Shigella spp.,Ciprofloxacin,Argentina
Shigella spp.,Ciprofloxacin,Argentina
Shigella spp.,Ciprofloxacin,Argentina
Shigella spp.,Ciprofloxacin,Argentina
Shigella spp.,Ciprofloxacin,Switzerland
Shigella spp.,Ciprofloxacin,Switzerland
Shigella spp.,Ciprofloxacin,Switzerland
Shigella spp.,Ciprofloxacin,Switzerland
Shigella spp.,Ciprofloxacin,Japan
Shigella spp.,Ciprofloxacin,Japan
Shigella spp.,Ciprofloxacin,Japan
Shigella spp.,Ciprofloxacin,Japan
Shigella spp.,Ciprofloxacin,Oman
Shigella spp.,Ciprofloxacin,Oman
Shigella spp.,Ciprofloxacin,Oman
Shigella spp.,Ciprofloxacin,Oman
Shigella spp.,Ciprofloxacin,Pakistan
Shigella spp.,Ciprofloxacin,Pakistan
Shigella spp.,Ciprofloxacin,Pakistan
Shigella spp.,Ciprofloxacin,Pakistan
Shigella spp.,Ciprofloxacin,Philippines
Shigella spp.,Ciprofloxacin,Philippines
Shigella spp.,Ciprofloxacin,Philippines
Shigella spp.,Ciprofloxacin,Philippines
Shigella spp.,Ciprofloxacin,South Africa
Shigella spp.,Ciprofloxacin,South Africa
Shigella spp.,Ciprofloxacin,South Africa
Shigella spp.,Ciprofloxacin,South Africa
Salmonella spp.,Ceftriaxone,United Arab Emirates
Salmonella spp.,Ceftriaxone,United Arab Emirates
Salmonella spp.,Ceftriaxone,United Arab Emirates
Salmonella spp.,Ceftriaxone,United Arab Emirates
Salmonella spp.,Ceftriaxone,Bahrain
Salmonella spp.,Ceftriaxone,Bahrain
Salmonella spp.,Ceftriaxone,Bahrain
Salmonella spp.,Ceftriaxone,Bahrain
Salmonella spp.,Ceftriaxone,Switzerland
Salmonella spp.,Ceftriaxone,Switzerland
Salmonella spp.,Ceftriaxone,Switzerland
Salmonella spp.,Ceftriaxone,Switzerland
Salmonella spp.,Ceftriaxone,Finland
Salmonella spp.,Ceftriaxone,Finland
Salmonella spp.,Ceftriaxone,Finland
Salmonella spp.,Ceftriaxone,Finland
Salmonella spp.,Ceftriaxone,Lao People's Democratic Republic
Salmonella spp.,Ceftriaxone,Lao People's Democratic Republic
Salmonella spp.,Ceftriaxone,Lao People's Democratic Republic
Salmonella spp.,Ceftriaxone,Lao People's Democratic Republic
Salmonella spp.,Ceftriaxone,Malaysia
Salmonella spp.,Ceftriaxone,Malaysia
Salmonella spp.,Ceftriaxone,Malaysia
Salmonella spp.,Ceftriaxone,Malaysia
Salmonella spp.,Ceftriaxone,Philippines
Salmonella spp.,Ceftriaxone,Philippines
Salmonella spp.,Ceftriaxone,Philippines
Salmonella spp.,Ceftriaxone,Philippines
Salmonella spp.,Ceftriaxone,Saudi Arabia
Salmonella spp.,Ceftriaxone,Saudi Arabia
Salmonella spp.,Ceftriaxone,Saudi Arabia
Salmonella spp.,Ceftriaxone,Saudi Arabia
Salmonella spp.,Ceftriaxone,South Africa
Salmonella spp.,Ceftriaxone,South Africa
Salmonella spp.,Ceftriaxone,South Africa
Salmonella spp.,Ceftriaxone,South Africa
Salmonella spp.,Ciprofloxacin,United Arab Emirates
Salmonella spp.,Ciprofloxacin,United Arab Emirates
Salmonella spp.,Ciprofloxacin,United Arab Emirates
Salmonella spp.,Ciprofloxacin,United Arab Emirates
Salmonella spp.,Ciprofloxacin,Argentina
Salmonella spp.,Ciprofloxacin,Argentina
Salmonella spp.,Ciprofloxacin,Argentina
Salmonella spp.,Ciprofloxacin,Argentina
Salmonella spp.,Ciprofloxacin,Bahrain
Salmonella spp.,Ciprofloxacin,Bahrain
Salmonella spp.,Ciprofloxacin,Bahrain
Salmonella spp.,Ciprofloxacin,Bahrain
Salmonella spp.,Ciprofloxacin,Switzerland
Salmonella spp.,Ciprofloxacin,Switzerland
Salmonella spp.,Ciprofloxacin,Switzerland
Salmonella spp.,Ciprofloxacin,Switzerland
Salmonella spp.,Ciprofloxacin,Finland
Salmonella spp.,Ciprofloxacin,Finland
Salmonella spp.,Ciprofloxacin,Finland
Salmonella spp.,Ciprofloxacin,Finland
Salmonella spp.,Ciprofloxacin,Japan
Salmonella spp.,Ciprofloxacin,Japan
Salmonella spp.,Ciprofloxacin,Japan
Salmonella spp.,Ciprofloxacin,Japan
Salmonella spp.,Ciprofloxacin,Republic of Korea
Salmonella spp.,Ciprofloxacin,Republic of Korea
Salmonella spp.,Ciprofloxacin,Republic of Korea
Salmonella spp.,Ciprofloxacin,Republic of Korea
Salmonella spp.,Ciprofloxacin,Malta
Salmonella spp.,Ciprofloxacin,Malta
Salmonella spp.,Ciprofloxacin,Malta
Salmonella spp.,Ciprofloxacin,Malta
Salmonella spp.,Ciprofloxacin,Malaysia
Salmonella spp.,Ciprofloxacin,Malaysia
Salmonella spp.,Ciprofloxacin,Malaysia
Salmonella spp.,Ciprofloxacin,Malaysia
Salmonella spp.,Ciprofloxacin,Pakistan
Salmonella spp.,Ciprofloxacin,Pakistan
Salmonella spp.,Ciprofloxacin,Pakistan
Salmonella spp.,Ciprofloxacin,Pakistan
Salmonella spp.,Ciprofloxacin,Philippines
Salmonella spp.,Ciprofloxacin,Philippines
Salmonella spp.,Ciprofloxacin,Philippines
Salmonella spp.,Ciprofloxacin,Philippines
Salmonella spp.,Ciprofloxacin,Poland
Salmonella spp.,Ciprofloxacin,Poland
Salmonella spp.,Ciprofloxacin,Poland
Salmonella spp.,Ciprofloxacin,Poland
Salmonella spp.,Ciprofloxacin,Saudi Arabia
Salmonella spp.,Ciprofloxacin,Saudi Arabia
Salmonella spp.,Ciprofloxacin,Saudi Arabia
Salmonella spp.,Ciprofloxacin,Saudi Arabia
Salmonella spp.,Ciprofloxacin,South Africa
Salmonella spp.,Ciprofloxacin,South Africa
Salmonella spp.,Ciprofloxacin,South Africa
Salmonella spp.,Ciprofloxacin,South Africa
Salmonella spp.,Ertapenem,United Arab Emirates
Salmonella spp.,Ertapenem,United Arab Emirates
Salmonella spp.,Ertapenem,United Arab Emirates
Salmonella spp.,Ertapenem,United Arab Emirates
Salmonella spp.,Ertapenem,Switzerland
Salmonella spp.,Ertapenem,Switzerland
Salmonella spp.,Ertapenem,Switzerland
Salmonella spp.,Ertapenem,Switzerland
Salmonella spp.,Ertapenem,Malaysia
Salmonella spp.,Ertapenem,Malaysia
Salmonella spp.,Ertapenem,Malaysia
Salmonella spp.,Ertapenem,Malaysia
Salmonella spp.,Ertapenem,Poland
Salmonella spp.,Ertapenem,Poland
Salmonella spp.,Ertapenem,Poland
Salmonella spp.,Ertapenem,Poland
Salmonella spp.,Ertapenem,Saudi Arabia
Salmonella spp.,Ertapenem,Saudi Arabia
Salmonella spp.,Ertapenem,Saudi Arabia
Salmonella spp.,Ertapenem,Saudi Arabia
Salmonella spp.,Ertapenem,South Africa
Salmonella spp.,Ertapenem,South Africa
Salmonella spp.,Ertapenem,South Africa
Salmonella spp.,Ertapenem,South Africa
Salmonella spp.,Imipenem,United Arab Emirates
Salmonella spp.,Imipenem,United Arab Emirates
Salmonella spp.,Imipenem,United Arab Emirates
Salmonella spp.,Imipenem,United Arab Emirates
Salmonella spp.,Imipenem,Argentina
Salmonella spp.,Imipenem,Argentina
Salmonella spp.,Imipenem,Argentina
Salmonella spp.,Imipenem,Argentina
Salmonella spp.,Imipenem,Japan
Salmonella spp.,Imipenem,Japan
Salmonella spp.,Imipenem,Japan
Salmonella spp.,Imipenem,Japan
Salmonella spp.,Imipenem,Republic of Korea
Salmonella spp.,Imipenem,Republic of Korea
Salmonella spp.,Imipenem,Republic of Korea
Salmonella spp.,Imipenem,Republic of Korea
Salmonella spp.,Imipenem,Malaysia
Salmonella spp.,Imipenem,Malaysia
Salmonella spp.,Imipenem,Malaysia
Salmonella spp.,Imipenem,Malaysia
Salmonella spp.,Imipenem,Poland
Salmonella spp.,Imipenem,Poland
Salmonella spp.,Imipenem,Poland
Salmonella spp.,Imipenem,Poland
Salmonella spp.,Imipenem,Saudi Arabia
Salmonella spp.,Imipenem,Saudi Arabia
Salmonella spp.,Imipenem,Saudi Arabia
Salmonella spp.,Imipenem,Saudi Arabia
Salmonella spp.,Imipenem,South Africa
Salmonella spp.,Imipenem,South Africa
Salmonella spp.,Imipenem,South Africa
Salmonella spp.,Imipenem,South Africa
Salmonella spp.,Levofloxacin,United Arab Emirates
Salmonella spp.,Levofloxacin,United Arab Emirates
Salmonella spp.,Levofloxacin,United Arab Emirates
Salmonella spp.,Levofloxacin,United Arab Emirates
Salmonella spp.,Levofloxacin,Switzerland
Salmonella spp.,Levofloxacin,Switzerland
Salmonella spp.,Levofloxacin,Switzerland
Salmonella spp.,Levofloxacin,Switzerland
Salmonella spp.,Levofloxacin,Saudi Arabia
Salmonella spp.,Levofloxacin,Saudi Arabia
Salmonella spp.,Levofloxacin,Saudi Arabia
Salmonella spp.,Levofloxacin,Saudi Arabia
Salmonella spp.,Meropenem,United Arab Emirates
Salmonella spp.,Meropenem,United Arab Emirates
Salmonella spp.,Meropenem,United Arab Emirates
Salmonella spp.,Meropenem,United Arab Emirates
Salmonella spp.,Meropenem,Argentina
Salmonella spp.,Meropenem,Argentina
Salmonella spp.,Meropenem,Argentina
Salmonella spp.,Meropenem,Argentina
Salmonella spp.,Meropenem,Switzerland
Salmonella spp.,Meropenem,Switzerland
Salmonella spp.,Meropenem,Switzerland
Salmonella spp.,Meropenem,Switzerland
Salmonella spp.,Meropenem,Finland
Salmonella spp.,Meropenem,Finland
Salmonella spp.,Meropenem,Finland
Salmonella spp.,Meropenem,Finland
Salmonella spp.,Meropenem,Japan
Salmonella spp.,Meropenem,Japan
Salmonella spp.,Meropenem,Japan
Salmonella spp.,Meropenem,Japan
Salmonella spp.,Meropenem,Malaysia
Salmonella spp.,Meropenem,Malaysia
Salmonella spp.,Meropenem,Malaysia
Salmonella spp.,Meropenem,Malaysia
Salmonella spp.,Meropenem,Poland
Salmonella spp.,Meropenem,Poland
Salmonella spp.,Meropenem,Poland
Salmonella spp.,Meropenem,Poland
Salmonella spp.,Meropenem,Saudi Arabia
Salmonella spp.,Meropenem,Saudi Arabia
Salmonella spp.,Meropenem,Saudi Arabia
Salmonella spp.,Meropenem,Saudi Arabia
Shigella spp.,Azithromycin,Argentina
Shigella spp.,Azithromycin,Argentina
Shigella spp.,Azithromycin,Argentina
Shigella spp.,Azithromycin,Argentina
Shigella spp.,Cefotaxime,United Arab Emirates
Shigella spp.,Cefotaxime,United Arab Emirates
Shigella spp.,Cefotaxime,United Arab Emirates
Shigella spp.,Cefotaxime,United Arab Emirates
Shigella spp.,Cefotaxime,Argentina
Shigella spp.,Cefotaxime,Argentina
Shigella spp.,Cefotaxime,Argentina
Shigella spp.,Cefotaxime,Argentina
Shigella spp.,Cefotaxime,Japan
Shigella spp.,Cefotaxime,Japan
Shigella spp.,Cefotaxime,Japan
Shigella spp.,Cefotaxime,Japan
Salmonella spp.,Cefotaxime,United Arab Emirates
Salmonella spp.,Cefotaxime,United Arab Emirates
Salmonella spp.,Cefotaxime,United Arab Emirates
Salmonella spp.,Cefotaxime,United Arab Emirates
Salmonella spp.,Cefotaxime,Argentina
Salmonella spp.,Cefotaxime,Argentina
Salmonella spp.,Cefotaxime,Argentina
Salmonella spp.,Cefotaxime,Argentina
Salmonella spp.,Cefotaxime,Switzerland
Salmonella spp.,Cefotaxime,Switzerland
Salmonella spp.,Cefotaxime,Switzerland
Salmonella spp.,Cefotaxime,Switzerland
Salmonella spp.,Cefotaxime,Japan
Salmonella spp.,Cefotaxime,Japan
Salmonella spp.,Cefotaxime,Japan
Salmonella spp.,Cefotaxime,Japan
Salmonella spp.,Cefotaxime,Republic of Korea
Salmonella spp.,Cefotaxime,Republic of Korea
Salmonella spp.,Cefotaxime,Republic of Korea
Salmonella spp.,Cefotaxime,Republic of Korea
Salmonella spp.,Cefotaxime,Malaysia
Salmonella spp.,Cefotaxime,Malaysia
Salmonella spp.,Cefotaxime,Malaysia
Salmonella spp.,Cefotaxime,Malaysia
Salmonella spp.,Cefotaxime,Philippines
Salmonella spp.,Cefotaxime,Philippines
Salmonella spp.,Cefotaxime,Philippines
Salmonella spp.,Cefotaxime,Philippines
Salmonella spp.,Cefotaxime,Poland
Salmonella spp.,Cefotaxime,Poland
Salmonella spp.,Cefotaxime,Poland
Salmonella spp.,Cefotaxime,Poland
Salmonella spp.,Cefotaxime,Saudi Arabia
Salmonella spp.,Cefotaxime,Saudi Arabia
Salmonella spp.,Cefotaxime,Saudi Arabia
Salmonella spp.,Cefotaxime,Saudi Arabia
Escherichia coli,Cefepime,United Arab Emirates
Escherichia coli,Cefepime,United Arab Emirates
Escherichia coli,Cefepime,United Arab Emirates
Escherichia coli,Cefepime,United Arab Emirates
Escherichia coli,Cefepime,Argentina
Escherichia coli,Cefepime,Argentina
Escherichia coli,Cefepime,Argentina
Escherichia coli,Cefepime,Argentina
Escherichia coli,Cefepime,Bangladesh
Escherichia coli,Cefepime,Bangladesh
Escherichia coli,Cefepime,Bangladesh
Escherichia coli,Cefepime,Bangladesh
Escherichia coli,Cefepime,Switzerland
Escherichia coli,Cefepime,Switzerland
Escherichia coli,Cefepime,Switzerland
Escherichia coli,Cefepime,Switzerland
Escherichia coli,Cefepime,United Kingdom of Great Britain and Northern Ireland
Escherichia coli,Cefepime,United Kingdom of Great Britain and Northern Ireland
Escherichia coli,Cefepime,United Kingdom of Great Britain and Northern Ireland
Escherichia coli,Cefepime,United Kingdom of Great Britain and Northern Ireland
Escherichia coli,Cefepime,India
Escherichia coli,Cefepime,India
Escherichia coli,Cefepime,India
Escherichia coli,Cefepime,India
Escherichia coli,Cefepime,Japan
Escherichia coli,Cefepime,Japan
Escherichia coli,Cefepime,Japan
Escherichia coli,Cefepime,Japan
Escherichia coli,Cefepime,Republic of Korea
Escherichia coli,Cefepime,Republic of Korea
Escherichia coli,Cefepime,Republic of Korea
Escherichia coli,Cefepime,Republic of Korea
Escherichia coli,Cefepime,Lebanon
Escherichia coli,Cefepime,Lebanon
Escherichia coli,Cefepime,Lebanon
Escherichia coli,Cefepime,Lebanon
Escherichia coli,Cefepime,Malaysia
Escherichia coli,Cefepime,Malaysia
Escherichia coli,Cefepime,Malaysia
Escherichia coli,Cefepime,Malaysia
Escherichia coli,Cefepime,Oman
Escherichia coli,Cefepime,Oman
Escherichia coli,Cefepime,Oman
Escherichia coli,Cefepime,Oman
Escherichia coli,Cefepime,Pakistan
Escherichia coli,Cefepime,Pakistan
Escherichia coli,Cefepime,Pakistan
Escherichia coli,Cefepime,Pakistan
Escherichia coli,Cefepime,Philippines
Escherichia coli,Cefepime,Philippines
Escherichia coli,Cefepime,Philippines
Escherichia coli,Cefepime,Philippines
Escherichia coli,Cefepime,Saudi Arabia
Escherichia coli,Cefepime,Saudi Arabia
Escherichia coli,Cefepime,Saudi Arabia
Escherichia coli,Cefepime,Saudi Arabia
Escherichia coli,Cefepime,Thailand
Escherichia coli,Cefepime,Thailand
Escherichia coli,Cefepime,Thailand
Escherichia coli,Cefepime,Thailand
Escherichia coli,Cefepime,Tunisia
Escherichia coli,Cefepime,Tunisia
Escherichia coli,Cefepime,Tunisia
Escherichia coli,Cefepime,Tunisia
Escherichia coli,Imipenem,United Arab Emirates
Escherichia coli,Imipenem,United Arab Emirates
Escherichia coli,Imipenem,United Arab Emirates
Escherichia coli,Imipenem,United Arab Emirates
Escherichia coli,Imipenem,Argentina
Escherichia coli,Imipenem,Argentina
Escherichia coli,Imipenem,Argentina
Escherichia coli,Imipenem,Argentina
Escherichia coli,Imipenem,Bangladesh
Escherichia coli,Imipenem,Bangladesh
Escherichia coli,Imipenem,Bangladesh
Escherichia coli,Imipenem,Bangladesh
Escherichia coli,Imipenem,Switzerland
Escherichia coli,Imipenem,Switzerland
Escherichia coli,Imipenem,Switzerland
Escherichia coli,Imipenem,Switzerland
Escherichia coli,Imipenem,United Kingdom of Great Britain and Northern Ireland
Escherichia coli,Imipenem,United Kingdom of Great Britain and Northern Ireland
Escherichia coli,Imipenem,United Kingdom of Great Britain and Northern Ireland
Escherichia coli,Imipenem,United Kingdom of Great Britain and Northern Ireland
Escherichia coli,Imipenem,India
Escherichia coli,Imipenem,India
Escherichia coli,Imipenem,India
Escherichia coli,Imipenem,India
Escherichia coli,Imipenem,Japan
Escherichia coli,Imipenem,Japan
Escherichia coli,Imipenem,Japan
Escherichia coli,Imipenem,Japan
Escherichia coli,Imipenem,Republic of Korea
Escherichia coli,Imipenem,Republic of Korea
Escherichia coli,Imipenem,Republic of Korea
Escherichia coli,Imipenem,Republic of Korea
Escherichia coli,Imipenem,Lao People's Democratic Republic
Escherichia coli,Imipenem,Lao People's Democratic Republic
Escherichia coli,Imipenem,Lao People's Democratic Republic
Escherichia coli,Imipenem,Lao People's Democratic Republic
Escherichia coli,Imipenem,Lebanon
Escherichia coli,Imipenem,Lebanon
Escherichia coli,Imipenem,Lebanon
Escherichia coli,Imipenem,Lebanon
Escherichia coli,Imipenem,Malaysia
Escherichia coli,Imipenem,Malaysia
Escherichia coli,Imipenem,Malaysia
Escherichia coli,Imipenem,Malaysia
Escherichia coli,Imipenem,Nepal
Escherichia coli,Imipenem,Nepal
Escherichia coli,Imipenem,Nepal
Escherichia coli,Imipenem,Nepal
Escherichia coli,Imipenem,Oman
Escherichia coli,Imipenem,Oman
Escherichia coli,Imipenem,Oman
Escherichia coli,Imipenem,Oman
Escherichia coli,Imipenem,Pakistan
Escherichia coli,Imipenem,Pakistan
Escherichia coli,Imipenem,Pakistan
Escherichia coli,Imipenem,Pakistan
Escherichia coli,Imipenem,Philippines
Escherichia coli,Imipenem,Philippines
Escherichia coli,Imipenem,Philippines
Escherichia coli,Imipenem,Philippines
Escherichia coli,Imipenem,Saudi Arabia
Escherichia coli,Imipenem,Saudi Arabia
Escherichia coli,Imipenem,Saudi Arabia
Escherichia coli,Imipenem,Saudi Arabia
Escherichia coli,Imipenem,Sweden
Escherichia coli,Imipenem,Sweden
Escherichia coli,Imipenem,Sweden
Escherichia coli,Imipenem,Sweden
Escherichia coli,Imipenem,Thailand
Escherichia coli,Imipenem,Thailand
Escherichia coli,Imipenem,Thailand
Escherichia coli,Imipenem,Thailand
Escherichia coli,Imipenem,Tunisia
Escherichia coli,Imipenem,Tunisia
Escherichia coli,Imipenem,Tunisia
Escherichia coli,Imipenem,Tunisia
Escherichia coli,Levofloxacin,United Arab Emirates
Escherichia coli,Levofloxacin,United Arab Emirates
Escherichia coli,Levofloxacin,United Arab Emirates
Escherichia coli,Levofloxacin,United Arab Emirates
Escherichia coli,Levofloxacin,Switzerland
Escherichia coli,Levofloxacin,Switzerland
Escherichia coli,Levofloxacin,Switzerland
Escherichia coli,Levofloxacin,Switzerland
Escherichia coli,Levofloxacin,United Kingdom of Great Britain and Northern Ireland
Escherichia coli,Levofloxacin,United Kingdom of Great Britain and Northern Ireland
Escherichia coli,Levofloxacin,United Kingdom of Great Britain and Northern Ireland
Escherichia coli,Levofloxacin,United Kingdom of Great Britain and Northern Ireland
Escherichia coli,Levofloxacin,Japan
Escherichia coli,Levofloxacin,Japan
Escherichia coli,Levofloxacin,Japan
Escherichia coli,Levofloxacin,Japan
Escherichia coli,Levofloxacin,Nepal
Escherichia coli,Levofloxacin,Nepal
Escherichia coli,Levofloxacin,Nepal
Escherichia coli,Levofloxacin,Nepal
Escherichia coli,Levofloxacin,Pakistan
Escherichia coli,Levofloxacin,Pakistan
Escherichia coli,Levofloxacin,Pakistan
Escherichia coli,Levofloxacin,Pakistan
Escherichia coli,Levofloxacin,Philippines
Escherichia coli,Levofloxacin,Philippines
Escherichia coli,Levofloxacin,Philippines
Escherichia coli,Levofloxacin,Philippines
Escherichia coli,Levofloxacin,Saudi Arabia
Escherichia coli,Levofloxacin,Saudi Arabia
Escherichia coli,Levofloxacin,Saudi Arabia
Escherichia coli,Levofloxacin,Saudi Arabia
Escherichia coli,Levofloxacin,Thailand
Escherichia coli,Levofloxacin,Thailand
Escherichia coli,Levofloxacin,Thailand
Escherichia coli,Levofloxacin,Thailand
Escherichia coli,Meropenem,United Arab Emirates
Escherichia coli,Meropenem,United Arab Emirates
Escherichia coli,Meropenem,United Arab Emirates
Escherichia coli,Meropenem,United Arab Emirates
Escherichia coli,Meropenem,Argentina
Escherichia coli,Meropenem,Argentina
Escherichia coli,Meropenem,Argentina
Escherichia coli,Meropenem,Argentina
Escherichia coli,Meropenem,Switzerland
Escherichia coli,Meropenem,Switzerland
Escherichia coli,Meropenem,Switzerland
Escherichia coli,Meropenem,Switzerland
Escherichia coli,Meropenem,Finland
Escherichia coli,Meropenem,Finland
Escherichia coli,Meropenem,Finland
Escherichia coli,Meropenem,Finland
Escherichia coli,Meropenem,United Kingdom of Great Britain and Northern Ireland
Escherichia coli,Meropenem,United Kingdom of Great Britain and Northern Ireland
Escherichia coli,Meropenem,United Kingdom of Great Britain and Northern Ireland
Escherichia coli,Meropenem,United Kingdom of Great Britain and Northern Ireland
Escherichia coli,Meropenem,India
Escherichia coli,Meropenem,India
Escherichia coli,Meropenem,India
Escherichia coli,Meropenem,India
Escherichia coli,Meropenem,Japan
Escherichia coli,Meropenem,Japan
Escherichia coli,Meropenem,Japan
Escherichia coli,Meropenem,Japan
Escherichia coli,Meropenem,Republic of Korea
Escherichia coli,Meropenem,Republic of Korea
Escherichia coli,Meropenem,Republic of Korea
Escherichia coli,Meropenem,Republic of Korea
Escherichia coli,Meropenem,Lao People's Democratic Republic
Escherichia coli,Meropenem,Lao People's Democratic Republic
Escherichia coli,Meropenem,Lao People's Democratic Republic
Escherichia coli,Meropenem,Lao People's Democratic Republic
Escherichia coli,Meropenem,Lebanon
Escherichia coli,Meropenem,Lebanon
Escherichia coli,Meropenem,Lebanon
Escherichia coli,Meropenem,Lebanon
Escherichia coli,Meropenem,Malaysia
Escherichia coli,Meropenem,Malaysia
Escherichia coli,Meropenem,Malaysia
Escherichia coli,Meropenem,Malaysia
Escherichia coli,Meropenem,Norway
Escherichia coli,Meropenem,Norway
Escherichia coli,Meropenem,Norway
Escherichia coli,Meropenem,Norway
Escherichia coli,Meropenem,Nepal
Escherichia coli,Meropenem,Nepal
Escherichia coli,Meropenem,Nepal
Escherichia coli,Meropenem,Nepal
Escherichia coli,Meropenem,Oman
Escherichia coli,Meropenem,Oman
Escherichia coli,Meropenem,Oman
Escherichia coli,Meropenem,Oman
Escherichia coli,Meropenem,Pakistan
Escherichia coli,Meropenem,Pakistan
Escherichia coli,Meropenem,Pakistan
Escherichia coli,Meropenem,Pakistan
Escherichia coli,Meropenem,Philippines
Escherichia coli,Meropenem,Philippines
Escherichia coli,Meropenem,Philippines
Escherichia coli,Meropenem,Philippines
Escherichia coli,Meropenem,Saudi Arabia
Escherichia coli,Meropenem,Saudi Arabia
Escherichia coli,Meropenem,Saudi Arabia
Escherichia coli,Meropenem,Saudi Arabia
Escherichia coli,Meropenem,Sweden
Escherichia coli,Meropenem,Sweden
Escherichia coli,Meropenem,Sweden
Escherichia coli,Meropenem,Sweden
Escherichia coli,Meropenem,Thailand
Escherichia coli,Meropenem,Thailand
Escherichia coli,Meropenem,Thailand
Escherichia coli,Meropenem,Thailand
Escherichia coli,Meropenem,Tunisia
Escherichia coli,Meropenem,Tunisia
Escherichia coli,Meropenem,Tunisia
Escherichia coli,Meropenem,Tunisia
Klebsiella pneumoniae,Cefepime,United Arab Emirates
Klebsiella pneumoniae,Cefepime,United Arab Emirates
Klebsiella pneumoniae,Cefepime,United Arab Emirates
Klebsiella pneumoniae,Cefepime,United Arab Emirates
Klebsiella pneumoniae,Cefepime,Argentina
Klebsiella pneumoniae,Cefepime,Argentina
Klebsiella pneumoniae,Cefepime,Argentina
Klebsiella pneumoniae,Cefepime,Argentina
Klebsiella pneumoniae,Cefepime,Bangladesh
Klebsiella pneumoniae,Cefepime,Bangladesh
Klebsiella pneumoniae,Cefepime,Bangladesh
Klebsiella pneumoniae,Cefepime,Bangladesh
Klebsiella pneumoniae,Cefepime,Switzerland
Klebsiella pneumoniae,Cefepime,Switzerland
Klebsiella pneumoniae,Cefepime,Switzerland
Klebsiella pneumoniae,Cefepime,Switzerland
Klebsiella pneumoniae,Cefepime,United Kingdom of Great Britain and Northern Ireland
Klebsiella pneumoniae,Cefepime,United Kingdom of Great Britain and Northern Ireland
Klebsiella pneumoniae,Cefepime,United Kingdom of Great Britain and Northern Ireland
Klebsiella pneumoniae,Cefepime,United Kingdom of Great Britain and Northern Ireland
Klebsiella pneumoniae,Cefepime,India
Klebsiella pneumoniae,Cefepime,India
Klebsiella pneumoniae,Cefepime,India
Klebsiella pneumoniae,Cefepime,India
Klebsiella pneumoniae,Cefepime,Japan
Klebsiella pneumoniae,Cefepime,Japan
Klebsiella pneumoniae,Cefepime,Japan
Klebsiella pneumoniae,Cefepime,Japan
Klebsiella pneumoniae,Cefepime,Republic of Korea
Klebsiella pneumoniae,Cefepime,Republic of Korea
Klebsiella pneumoniae,Cefepime,Republic of Korea
Klebsiella pneumoniae,Cefepime,Republic of Korea
Klebsiella pneumoniae,Cefepime,Malaysia
Klebsiella pneumoniae,Cefepime,Malaysia
Klebsiella pneumoniae,Cefepime,Malaysia
Klebsiella pneumoniae,Cefepime,Malaysia
Klebsiella pneumoniae,Cefepime,Oman
Klebsiella pneumoniae,Cefepime,Oman
Klebsiella pneumoniae,Cefepime,Oman
Klebsiella pneumoniae,Cefepime,Oman
Klebsiella pneumoniae,Cefepime,Pakistan
Klebsiella pneumoniae,Cefepime,Pakistan
Klebsiella pneumoniae,Cefepime,Pakistan
Klebsiella pneumoniae,Cefepime,Pakistan
Klebsiella pneumoniae,Cefepime,Philippines
Klebsiella pneumoniae,Cefepime,Philippines
Klebsiella pneumoniae,Cefepime,Philippines
Klebsiella pneumoniae,Cefepime,Philippines
Klebsiella pneumoniae,Cefepime,Saudi Arabia
Klebsiella pneumoniae,Cefepime,Saudi Arabia
Klebsiella pneumoniae,Cefepime,Saudi Arabia
Klebsiella pneumoniae,Cefepime,Saudi Arabia
Klebsiella pneumoniae,Cefepime,Tunisia
Klebsiella pneumoniae,Cefepime,Tunisia
Klebsiella pneumoniae,Cefepime,Tunisia
Klebsiella pneumoniae,Cefepime,Tunisia
Klebsiella pneumoniae,Cefotaxime,United Arab Emirates
Klebsiella pneumoniae,Cefotaxime,United Arab Emirates
Klebsiella pneumoniae,Cefotaxime,United Arab Emirates
Klebsiella pneumoniae,Cefotaxime,United Arab Emirates
Klebsiella pneumoniae,Cefotaxime,Argentina
Klebsiella pneumoniae,Cefotaxime,Argentina
Klebsiella pneumoniae,Cefotaxime,Argentina
Klebsiella pneumoniae,Cefotaxime,Argentina
Klebsiella pneumoniae,Cefotaxime,Switzerland
Klebsiella pneumoniae,Cefotaxime,Switzerland
Klebsiella pneumoniae,Cefotaxime,Switzerland
Klebsiella pneumoniae,Cefotaxime,Switzerland
Klebsiella pneumoniae,Cefotaxime,United Kingdom of Great Britain and Northern Ireland
Klebsiella pneumoniae,Cefotaxime,United Kingdom of Great Britain and Northern Ireland
Klebsiella pneumoniae,Cefotaxime,United Kingdom of Great Britain and Northern Ireland
Klebsiella pneumoniae,Cefotaxime,United Kingdom of Great Britain and Northern Ireland
Klebsiella pneumoniae,Cefotaxime,India
Klebsiella pneumoniae,Cefotaxime,India
Klebsiella pneumoniae,Cefotaxime,India
Klebsiella pneumoniae,Cefotaxime,India
Klebsiella pneumoniae,Cefotaxime,Japan
Klebsiella pneumoniae,Cefotaxime,Japan
Klebsiella pneumoniae,Cefotaxime,Japan
Klebsiella pneumoniae,Cefotaxime,Japan
Klebsiella pneumoniae,Cefotaxime,Republic of Korea
Klebsiella pneumoniae,Cefotaxime,Republic of Korea
Klebsiella pneumoniae,Cefotaxime,Republic of Korea
Klebsiella pneumoniae,Cefotaxime,Republic of Korea
Klebsiella pneumoniae,Cefotaxime,Malaysia
Klebsiella pneumoniae,Cefotaxime,Malaysia
Klebsiella pneumoniae,Cefotaxime,Malaysia
Klebsiella pneumoniae,Cefotaxime,Malaysia
Klebsiella pneumoniae,Cefotaxime,Norway
Klebsiella pneumoniae,Cefotaxime,Norway
Klebsiella pneumoniae,Cefotaxime,Norway
Klebsiella pneumoniae,Cefotaxime,Norway
Klebsiella pneumoniae,Cefotaxime,Nepal
Klebsiella pneumoniae,Cefotaxime,Nepal
Klebsiella pneumoniae,Cefotaxime,Nepal
Klebsiella pneumoniae,Cefotaxime,Nepal
Klebsiella pneumoniae,Cefotaxime,Oman
Klebsiella pneumoniae,Cefotaxime,Oman
Klebsiella pneumoniae,Cefotaxime,Oman
Klebsiella pneumoniae,Cefotaxime,Oman
Klebsiella pneumoniae,Cefotaxime,Philippines
Klebsiella pneumoniae,Cefotaxime,Philippines
Klebsiella pneumoniae,Cefotaxime,Philippines
Klebsiella pneumoniae,Cefotaxime,Philippines
Klebsiella pneumoniae,Cefotaxime,Saudi Arabia
Klebsiella pneumoniae,Cefotaxime,Saudi Arabia
Klebsiella pneumoniae,Cefotaxime,Saudi Arabia
Klebsiella pneumoniae,Cefotaxime,Saudi Arabia
Klebsiella pneumoniae,Cefotaxime,Thailand
Klebsiella pneumoniae,Cefotaxime,Thailand
Klebsiella pneumoniae,Cefotaxime,Thailand
Klebsiella pneumoniae,Cefotaxime,Thailand
Klebsiella pneumoniae,Cefotaxime,Tunisia
Klebsiella pneumoniae,Cefotaxime,Tunisia
Klebsiella pneumoniae,Cefotaxime,Tunisia
Klebsiella pneumoniae,Cefotaxime,Tunisia
Klebsiella pneumoniae,Ceftazidime,United Arab Emirates
Klebsiella pneumoniae,Ceftazidime,United Arab Emirates
Klebsiella pneumoniae,Ceftazidime,United Arab Emirates
Klebsiella pneumoniae,Ceftazidime,United Arab Emirates
Klebsiella pneumoniae,Ceftazidime,Argentina
Klebsiella pneumoniae,Ceftazidime,Argentina
Klebsiella pneumoniae,Ceftazidime,Argentina
Klebsiella pneumoniae,Ceftazidime,Argentina
Klebsiella pneumoniae,Ceftazidime,Bangladesh
Klebsiella pneumoniae,Ceftazidime,Bangladesh
Klebsiella pneumoniae,Ceftazidime,Bangladesh
Klebsiella pneumoniae,Ceftazidime,Bangladesh
Klebsiella pneumoniae,Ceftazidime,Switzerland
Klebsiella pneumoniae,Ceftazidime,Switzerland
Klebsiella pneumoniae,Ceftazidime,Switzerland
Klebsiella pneumoniae,Ceftazidime,Switzerland
Klebsiella pneumoniae,Ceftazidime,Finland
Klebsiella pneumoniae,Ceftazidime,Finland
Klebsiella pneumoniae,Ceftazidime,Finland
Klebsiella pneumoniae,Ceftazidime,Finland
Klebsiella pneumoniae,Ceftazidime,United Kingdom of Great Britain and Northern Ireland
Klebsiella pneumoniae,Ceftazidime,United Kingdom of Great Britain and Northern Ireland
Klebsiella pneumoniae,Ceftazidime,United Kingdom of Great Britain and Northern Ireland
Klebsiella pneumoniae,Ceftazidime,United Kingdom of Great Britain and Northern Ireland
Klebsiella pneumoniae,Ceftazidime,India
Klebsiella pneumoniae,Ceftazidime,India
Klebsiella pneumoniae,Ceftazidime,India
Klebsiella pneumoniae,Ceftazidime,India
Klebsiella pneumoniae,Ceftazidime,Japan
Klebsiella pneumoniae,Ceftazidime,Japan
Klebsiella pneumoniae,Ceftazidime,Japan
Klebsiella pneumoniae,Ceftazidime,Japan
Klebsiella pneumoniae,Ceftazidime,Republic of Korea
Klebsiella pneumoniae,Ceftazidime,Republic of Korea
Klebsiella pneumoniae,Ceftazidime,Republic of Korea
Klebsiella pneumoniae,Ceftazidime,Republic of Korea
Klebsiella pneumoniae,Ceftazidime,Malaysia
Klebsiella pneumoniae,Ceftazidime,Malaysia
Klebsiella pneumoniae,Ceftazidime,Malaysia
Klebsiella pneumoniae,Ceftazidime,Malaysia
Klebsiella pneumoniae,Ceftazidime,Norway
Klebsiella pneumoniae,Ceftazidime,Norway
Klebsiella pneumoniae,Ceftazidime,Norway
Klebsiella pneumoniae,Ceftazidime,Norway
Klebsiella pneumoniae,Ceftazidime,Nepal
Klebsiella pneumoniae,Ceftazidime,Nepal
Klebsiella pneumoniae,Ceftazidime,Nepal
Klebsiella pneumoniae,Ceftazidime,Nepal
Klebsiella pneumoniae,Ceftazidime,Oman
Klebsiella pneumoniae,Ceftazidime,Oman
Klebsiella pneumoniae,Ceftazidime,Oman
Klebsiella pneumoniae,Ceftazidime,Oman
Klebsiella pneumoniae,Ceftazidime,Philippines
Klebsiella pneumoniae,Ceftazidime,Philippines
Klebsiella pneumoniae,Ceftazidime,Philippines
Klebsiella pneumoniae,Ceftazidime,Philippines
Klebsiella pneumoniae,Ceftazidime,Saudi Arabia
Klebsiella pneumoniae,Ceftazidime,Saudi Arabia
Klebsiella pneumoniae,Ceftazidime,Saudi Arabia
Klebsiella pneumoniae,Ceftazidime,Saudi Arabia
Klebsiella pneumoniae,Ceftazidime,Thailand
Klebsiella pneumoniae,Ceftazidime,Thailand
Klebsiella pneumoniae,Ceftazidime,Thailand
Klebsiella pneumoniae,Ceftazidime,Thailand
Klebsiella pneumoniae,Ceftazidime,Tunisia
Klebsiella pneumoniae,Ceftazidime,Tunisia
Klebsiella pneumoniae,Ceftazidime,Tunisia
Klebsiella pneumoniae,Ceftazidime,Tunisia
Klebsiella pneumoniae,Ceftriaxone,United Arab Emirates
Klebsiella pneumoniae,Ceftriaxone,United Arab Emirates
Klebsiella pneumoniae,Ceftriaxone,United Arab Emirates
Klebsiella pneumoniae,Ceftriaxone,United Arab Emirates
Klebsiella pneumoniae,Ceftriaxone,Bangladesh
Klebsiella pneumoniae,Ceftriaxone,Bangladesh
Klebsiella pneumoniae,Ceftriaxone,Bangladesh
Klebsiella pneumoniae,Ceftriaxone,Bangladesh
Klebsiella pneumoniae,Ceftriaxone,Bahrain
Klebsiella pneumoniae,Ceftriaxone,Bahrain
Klebsiella pneumoniae,Ceftriaxone,Bahrain
Klebsiella pneumoniae,Ceftriaxone,Bahrain
Klebsiella pneumoniae,Ceftriaxone,Switzerland
Klebsiella pneumoniae,Ceftriaxone,Switzerland
Klebsiella pneumoniae,Ceftriaxone,Switzerland
Klebsiella pneumoniae,Ceftriaxone,Switzerland
Klebsiella pneumoniae,Ceftriaxone,Finland
Klebsiella pneumoniae,Ceftriaxone,Finland
Klebsiella pneumoniae,Ceftriaxone,Finland
Klebsiella pneumoniae,Ceftriaxone,Finland
Klebsiella pneumoniae,Ceftriaxone,United Kingdom of Great Britain and Northern Ireland
Klebsiella pneumoniae,Ceftriaxone,United Kingdom of Great Britain and Northern Ireland
Klebsiella pneumoniae,Ceftriaxone,United Kingdom of Great Britain and Northern Ireland
Klebsiella pneumoniae,Ceftriaxone,United Kingdom of Great Britain and Northern Ireland
Klebsiella pneumoniae,Ceftriaxone,India
Klebsiella pneumoniae,Ceftriaxone,India
Klebsiella pneumoniae,Ceftriaxone,India
Klebsiella pneumoniae,Ceftriaxone,India
Klebsiella pneumoniae,Ceftriaxone,Japan
Klebsiella pneumoniae,Ceftriaxone,Japan
Klebsiella pneumoniae,Ceftriaxone,Japan
Klebsiella pneumoniae,Ceftriaxone,Japan
Klebsiella pneumoniae,Ceftriaxone,Lebanon
Klebsiella pneumoniae,Ceftriaxone,Lebanon
Klebsiella pneumoniae,Ceftriaxone,Lebanon
Klebsiella pneumoniae,Ceftriaxone,Lebanon
Klebsiella pneumoniae,Ceftriaxone,Malaysia
Klebsiella pneumoniae,Ceftriaxone,Malaysia
Klebsiella pneumoniae,Ceftriaxone,Malaysia
Klebsiella pneumoniae,Ceftriaxone,Malaysia
Klebsiella pneumoniae,Ceftriaxone,Nepal
Klebsiella pneumoniae,Ceftriaxone,Nepal
Klebsiella pneumoniae,Ceftriaxone,Nepal
Klebsiella pneumoniae,Ceftriaxone,Nepal
Klebsiella pneumoniae,Ceftriaxone,Oman
Klebsiella pneumoniae,Ceftriaxone,Oman
Klebsiella pneumoniae,Ceftriaxone,Oman
Klebsiella pneumoniae,Ceftriaxone,Oman
Klebsiella pneumoniae,Ceftriaxone,Pakistan
Klebsiella pneumoniae,Ceftriaxone,Pakistan
Klebsiella pneumoniae,Ceftriaxone,Pakistan
Klebsiella pneumoniae,Ceftriaxone,Pakistan
Klebsiella pneumoniae,Ceftriaxone,Philippines
Klebsiella pneumoniae,Ceftriaxone,Philippines
Klebsiella pneumoniae,Ceftriaxone,Philippines
Klebsiella pneumoniae,Ceftriaxone,Philippines
Klebsiella pneumoniae,Ceftriaxone,Saudi Arabia
Klebsiella pneumoniae,Ceftriaxone,Saudi Arabia
Klebsiella pneumoniae,Ceftriaxone,Saudi Arabia
Klebsiella pneumoniae,Ceftriaxone,Saudi Arabia
Klebsiella pneumoniae,Ceftriaxone,Thailand
Klebsiella pneumoniae,Ceftriaxone,Thailand
Klebsiella pneumoniae,Ceftriaxone,Thailand
Klebsiella pneumoniae,Ceftriaxone,Thailand
Klebsiella pneumoniae,Ciprofloxacin,United Arab Emirates
Klebsiella pneumoniae,Ciprofloxacin,United Arab Emirates
Klebsiella pneumoniae,Ciprofloxacin,United Arab Emirates
Klebsiella pneumoniae,Ciprofloxacin,United Arab Emirates
Klebsiella pneumoniae,Ciprofloxacin,Argentina
Klebsiella pneumoniae,Ciprofloxacin,Argentina
Klebsiella pneumoniae,Ciprofloxacin,Argentina
Klebsiella pneumoniae,Ciprofloxacin,Argentina
Klebsiella pneumoniae,Ciprofloxacin,Bangladesh
Klebsiella pneumoniae,Ciprofloxacin,Bangladesh
Klebsiella pneumoniae,Ciprofloxacin,Bangladesh
Klebsiella pneumoniae,Ciprofloxacin,Bangladesh
Klebsiella pneumoniae,Ciprofloxacin,Switzerland
Klebsiella pneumoniae,Ciprofloxacin,Switzerland
Klebsiella pneumoniae,Ciprofloxacin,Switzerland
Klebsiella pneumoniae,Ciprofloxacin,Switzerland
Klebsiella pneumoniae,Ciprofloxacin,Finland
Klebsiella pneumoniae,Ciprofloxacin,Finland
Klebsiella pneumoniae,Ciprofloxacin,Finland
Klebsiella pneumoniae,Ciprofloxacin,Finland
Klebsiella pneumoniae,Ciprofloxacin,United Kingdom of Great Britain and Northern Ireland
Klebsiella pneumoniae,Ciprofloxacin,United Kingdom of Great Britain and Northern Ireland
Klebsiella pneumoniae,Ciprofloxacin,United Kingdom of Great Britain and Northern Ireland
Klebsiella pneumoniae,Ciprofloxacin,United Kingdom of Great Britain and Northern Ireland
Klebsiella pneumoniae,Ciprofloxacin,India
Klebsiella pneumoniae,Ciprofloxacin,India
Klebsiella pneumoniae,Ciprofloxacin,India
Klebsiella pneumoniae,Ciprofloxacin,India
Klebsiella pneumoniae,Ciprofloxacin,Japan
Klebsiella pneumoniae,Ciprofloxacin,Japan
Klebsiella pneumoniae,Ciprofloxacin,Japan
Klebsiella pneumoniae,Ciprofloxacin,Japan
Klebsiella pneumoniae,Ciprofloxacin,Republic of Korea
Klebsiella pneumoniae,Ciprofloxacin,Republic of Korea
Klebsiella pneumoniae,Ciprofloxacin,Republic of Korea
Klebsiella pneumoniae,Ciprofloxacin,Republic of Korea
Klebsiella pneumoniae,Ciprofloxacin,Lao People's Democratic Republic
Klebsiella pneumoniae,Ciprofloxacin,Lao People's Democratic Republic
Klebsiella pneumoniae,Ciprofloxacin,Lao People's Democratic Republic
Klebsiella pneumoniae,Ciprofloxacin,Lao People's Democratic Republic
Klebsiella pneumoniae,Ciprofloxacin,Lebanon
Klebsiella pneumoniae,Ciprofloxacin,Lebanon
Klebsiella pneumoniae,Ciprofloxacin,Lebanon
Klebsiella pneumoniae,Ciprofloxacin,Lebanon
Klebsiella pneumoniae,Ciprofloxacin,Malaysia
Klebsiella pneumoniae,Ciprofloxacin,Malaysia
Klebsiella pneumoniae,Ciprofloxacin,Malaysia
Klebsiella pneumoniae,Ciprofloxacin,Malaysia
Klebsiella pneumoniae,Ciprofloxacin,Norway
Klebsiella pneumoniae,Ciprofloxacin,Norway
Klebsiella pneumoniae,Ciprofloxacin,Norway
Klebsiella pneumoniae,Ciprofloxacin,Norway
Klebsiella pneumoniae,Ciprofloxacin,Nepal
Klebsiella pneumoniae,Ciprofloxacin,Nepal
Klebsiella pneumoniae,Ciprofloxacin,Nepal
Klebsiella pneumoniae,Ciprofloxacin,Nepal
Klebsiella pneumoniae,Ciprofloxacin,Oman
Klebsiella pneumoniae,Ciprofloxacin,Oman
Klebsiella pneumoniae,Ciprofloxacin,Oman
Klebsiella pneumoniae,Ciprofloxacin,Oman
Klebsiella pneumoniae,Ciprofloxacin,Pakistan
Klebsiella pneumoniae,Ciprofloxacin,Pakistan
Klebsiella pneumoniae,Ciprofloxacin,Pakistan
Klebsiella pneumoniae,Ciprofloxacin,Pakistan
Klebsiella pneumoniae,Ciprofloxacin,Philippines
Klebsiella pneumoniae,Ciprofloxacin,Philippines
Klebsiella pneumoniae,Ciprofloxacin,Philippines
Klebsiella pneumoniae,Ciprofloxacin,Philippines
Klebsiella pneumoniae,Ciprofloxacin,Saudi Arabia
Klebsiella pneumoniae,Ciprofloxacin,Saudi Arabia
Klebsiella pneumoniae,Ciprofloxacin,Saudi Arabia
Klebsiella pneumoniae,Ciprofloxacin,Saudi Arabia
Klebsiella pneumoniae,Ciprofloxacin,Sweden
Klebsiella pneumoniae,Ciprofloxacin,Sweden
Klebsiella pneumoniae,Ciprofloxacin,Sweden
Klebsiella pneumoniae,Ciprofloxacin,Sweden
Klebsiella pneumoniae,Ciprofloxacin,Thailand
Klebsiella pneumoniae,Ciprofloxacin,Thailand
Klebsiella pneumoniae,Ciprofloxacin,Thailand
Klebsiella pneumoniae,Ciprofloxacin,Thailand
Klebsiella pneumoniae,Ciprofloxacin,Tunisia
Klebsiella pneumoniae,Ciprofloxacin,Tunisia
Klebsiella pneumoniae,Ciprofloxacin,Tunisia
Klebsiella pneumoniae,Ciprofloxacin,Tunisia
Klebsiella pneumoniae,Co-trimoxazole,United Arab Emirates
Klebsiella pneumoniae,Co-trimoxazole,United Arab Emirates
Klebsiella pneumoniae,Co-trimoxazole,United Arab Emirates
Klebsiella pneumoniae,Co-trimoxazole,United Arab Emirates
Klebsiella pneumoniae,Co-trimoxazole,Argentina
Klebsiella pneumoniae,Co-trimoxazole,Argentina
Klebsiella pneumoniae,Co-trimoxazole,Argentina
Klebsiella pneumoniae,Co-trimoxazole,Argentina
Klebsiella pneumoniae,Co-trimoxazole,Bahrain
Klebsiella pneumoniae,Co-trimoxazole,Bahrain
Klebsiella pneumoniae,Co-trimoxazole,Bahrain
Klebsiella pneumoniae,Co-trimoxazole,Bahrain
Klebsiella pneumoniae,Co-trimoxazole,Switzerland
Klebsiella pneumoniae,Co-trimoxazole,Switzerland
Klebsiella pneumoniae,Co-trimoxazole,Switzerland
Klebsiella pneumoniae,Co-trimoxazole,Switzerland
Klebsiella pneumoniae,Co-trimoxazole,Finland
Klebsiella pneumoniae,Co-trimoxazole,Finland
Klebsiella pneumoniae,Co-trimoxazole,Finland
Klebsiella pneumoniae,Co-trimoxazole,Finland
Klebsiella pneumoniae,Co-trimoxazole,United Kingdom of Great Britain and Northern Ireland
Klebsiella pneumoniae,Co-trimoxazole,United Kingdom of Great Britain and Northern Ireland
Klebsiella pneumoniae,Co-trimoxazole,United Kingdom of Great Britain and Northern Ireland
Klebsiella pneumoniae,Co-trimoxazole,United Kingdom of Great Britain and Northern Ireland
Klebsiella pneumoniae,Co-trimoxazole,India
Klebsiella pneumoniae,Co-trimoxazole,India
Klebsiella pneumoniae,Co-trimoxazole,India
Klebsiella pneumoniae,Co-trimoxazole,India
Klebsiella pneumoniae,Co-trimoxazole,Republic of Korea
Klebsiella pneumoniae,Co-trimoxazole,Republic of Korea
Klebsiella pneumoniae,Co-trimoxazole,Republic of Korea
Klebsiella pneumoniae,Co-trimoxazole,Republic of Korea
Klebsiella pneumoniae,Co-trimoxazole,Lao People's Democratic Republic
Klebsiella pneumoniae,Co-trimoxazole,Lao People's Democratic Republic
Klebsiella pneumoniae,Co-trimoxazole,Lao People's Democratic Republic
Klebsiella pneumoniae,Co-trimoxazole,Lao People's Democratic Republic
Klebsiella pneumoniae,Co-trimoxazole,Malaysia
Klebsiella pneumoniae,Co-trimoxazole,Malaysia
Klebsiella pneumoniae,Co-trimoxazole,Malaysia
Klebsiella pneumoniae,Co-trimoxazole,Malaysia
Klebsiella pneumoniae,Co-trimoxazole,Norway
Klebsiella pneumoniae,Co-trimoxazole,Norway
Klebsiella pneumoniae,Co-trimoxazole,Norway
Klebsiella pneumoniae,Co-trimoxazole,Norway
Klebsiella pneumoniae,Co-trimoxazole,Oman
Klebsiella pneumoniae,Co-trimoxazole,Oman
Klebsiella pneumoniae,Co-trimoxazole,Oman
Klebsiella pneumoniae,Co-trimoxazole,Oman
Klebsiella pneumoniae,Co-trimoxazole,Pakistan
Klebsiella pneumoniae,Co-trimoxazole,Pakistan
Klebsiella pneumoniae,Co-trimoxazole,Pakistan
Klebsiella pneumoniae,Co-trimoxazole,Pakistan
Klebsiella pneumoniae,Co-trimoxazole,Philippines
Klebsiella pneumoniae,Co-trimoxazole,Philippines
Klebsiella pneumoniae,Co-trimoxazole,Philippines
Klebsiella pneumoniae,Co-trimoxazole,Philippines
Klebsiella pneumoniae,Co-trimoxazole,Saudi Arabia
Klebsiella pneumoniae,Co-trimoxazole,Saudi Arabia
Klebsiella pneumoniae,Co-trimoxazole,Saudi Arabia
Klebsiella pneumoniae,Co-trimoxazole,Saudi Arabia
Klebsiella pneumoniae,Co-trimoxazole,Sweden
Klebsiella pneumoniae,Co-trimoxazole,Sweden
Klebsiella pneumoniae,Co-trimoxazole,Sweden
Klebsiella pneumoniae,Co-trimoxazole,Sweden
Klebsiella pneumoniae,Co-trimoxazole,Thailand
Klebsiella pneumoniae,Co-trimoxazole,Thailand
Klebsiella pneumoniae,Co-trimoxazole,Thailand
Klebsiella pneumoniae,Co-trimoxazole,Thailand
Klebsiella pneumoniae,Colistin,United Arab Emirates
Klebsiella pneumoniae,Colistin,United Arab Emirates
Klebsiella pneumoniae,Colistin,United Arab Emirates
Klebsiella pneumoniae,Colistin,United Arab Emirates
Klebsiella pneumoniae,Colistin,Argentina
Klebsiella pneumoniae,Colistin,Argentina
Klebsiella pneumoniae,Colistin,Argentina
Klebsiella pneumoniae,Colistin,Argentina
Klebsiella pneumoniae,Colistin,Bahrain
Klebsiella pneumoniae,Colistin,Bahrain
Klebsiella pneumoniae,Colistin,Bahrain
Klebsiella pneumoniae,Colistin,Bahrain
Klebsiella pneumoniae,Colistin,Switzerland
Klebsiella pneumoniae,Colistin,Switzerland
Klebsiella pneumoniae,Colistin,Switzerland
Klebsiella pneumoniae,Colistin,Switzerland
Klebsiella pneumoniae,Colistin,Malaysia
Klebsiella pneumoniae,Colistin,Malaysia
Klebsiella pneumoniae,Colistin,Malaysia
Klebsiella pneumoniae,Colistin,Malaysia
Klebsiella pneumoniae,Colistin,Oman
Klebsiella pneumoniae,Colistin,Oman
Klebsiella pneumoniae,Colistin,Oman
Klebsiella pneumoniae,Colistin,Oman
Klebsiella pneumoniae,Colistin,Philippines
Klebsiella pneumoniae,Colistin,Philippines
Klebsiella pneumoniae,Colistin,Philippines
Klebsiella pneumoniae,Colistin,Philippines
Klebsiella pneumoniae,Colistin,Saudi Arabia
Klebsiella pneumoniae,Colistin,Saudi Arabia
Klebsiella pneumoniae,Colistin,Saudi Arabia
Klebsiella pneumoniae,Colistin,Saudi Arabia
Klebsiella pneumoniae,Colistin,Tunisia
Klebsiella pneumoniae,Colistin,Tunisia
Klebsiella pneumoniae,Colistin,Tunisia
Klebsiella pneumoniae,Colistin,Tunisia
Escherichia coli,Cefotaxime,United Arab Emirates
Escherichia coli,Cefotaxime,United Arab Emirates
Escherichia coli,Cefotaxime,United Arab Emirates
Escherichia coli,Cefotaxime,United Arab Emirates
Escherichia coli,Cefotaxime,Argentina
Escherichia coli,Cefotaxime,Argentina
Escherichia coli,Cefotaxime,Argentina
Escherichia coli,Cefotaxime,Argentina
Escherichia coli,Cefotaxime,Switzerland
Escherichia coli,Cefotaxime,Switzerland
Escherichia coli,Cefotaxime,Switzerland
Escherichia coli,Cefotaxime,Switzerland
Escherichia coli,Cefotaxime,United Kingdom of Great Britain and Northern Ireland
Escherichia coli,Cefotaxime,United Kingdom of Great Britain and Northern Ireland
Escherichia coli,Cefotaxime,United Kingdom of Great Britain and Northern Ireland
Escherichia coli,Cefotaxime,United Kingdom of Great Britain and Northern Ireland
Escherichia coli,Cefotaxime,India
Escherichia coli,Cefotaxime,India
Escherichia coli,Cefotaxime,India
Escherichia coli,Cefotaxime,India
Escherichia coli,Cefotaxime,Japan
Escherichia coli,Cefotaxime,Japan
Escherichia coli,Cefotaxime,Japan
Escherichia coli,Cefotaxime,Japan
Escherichia coli,Cefotaxime,Republic of Korea
Escherichia coli,Cefotaxime,Republic of Korea
Escherichia coli,Cefotaxime,Republic of Korea
Escherichia coli,Cefotaxime,Republic of Korea
Escherichia coli,Cefotaxime,Lebanon
Escherichia coli,Cefotaxime,Lebanon
Escherichia coli,Cefotaxime,Lebanon
Escherichia coli,Cefotaxime,Lebanon
Escherichia coli,Cefotaxime,Malaysia
Escherichia coli,Cefotaxime,Malaysia
Escherichia coli,Cefotaxime,Malaysia
Escherichia coli,Cefotaxime,Malaysia
Escherichia coli,Cefotaxime,Norway
Escherichia coli,Cefotaxime,Norway
Escherichia coli,Cefotaxime,Norway
Escherichia coli,Cefotaxime,Norway
Escherichia coli,Cefotaxime,Nepal
Escherichia coli,Cefotaxime,Nepal
Escherichia coli,Cefotaxime,Nepal
Escherichia coli,Cefotaxime,Nepal
Escherichia coli,Cefotaxime,Oman
Escherichia coli,Cefotaxime,Oman
Escherichia coli,Cefotaxime,Oman
Escherichia coli,Cefotaxime,Oman
Escherichia coli,Cefotaxime,Pakistan
Escherichia coli,Cefotaxime,Pakistan
Escherichia coli,Cefotaxime,Pakistan
Escherichia coli,Cefotaxime,Pakistan
Escherichia coli,Cefotaxime,Philippines
Escherichia coli,Cefotaxime,Philippines
Escherichia coli,Cefotaxime,Philippines
Escherichia coli,Cefotaxime,Philippines
Escherichia coli,Cefotaxime,Saudi Arabia
Escherichia coli,Cefotaxime,Saudi Arabia
Escherichia coli,Cefotaxime,Saudi Arabia
Escherichia coli,Cefotaxime,Saudi Arabia
Escherichia coli,Cefotaxime,Thailand
Escherichia coli,Cefotaxime,Thailand
Escherichia coli,Cefotaxime,Thailand
Escherichia coli,Cefotaxime,Thailand
Escherichia coli,Cefotaxime,Tunisia
Escherichia coli,Cefotaxime,Tunisia
Escherichia coli,Cefotaxime,Tunisia
Escherichia coli,Cefotaxime,Tunisia
Klebsiella pneumoniae,Doripenem,Malaysia
Klebsiella pneumoniae,Doripenem,Malaysia
Klebsiella pneumoniae,Doripenem,Malaysia
Klebsiella pneumoniae,Doripenem,Malaysia
Klebsiella pneumoniae,Doripenem,Philippines
Klebsiella pneumoniae,Doripenem,Philippines
Klebsiella pneumoniae,Doripenem,Philippines
Klebsiella pneumoniae,Doripenem,Philippines
Klebsiella pneumoniae,Ertapenem,United Arab Emirates
Klebsiella pneumoniae,Ertapenem,United Arab Emirates
Klebsiella pneumoniae,Ertapenem,United Arab Emirates
Klebsiella pneumoniae,Ertapenem,United Arab Emirates
Klebsiella pneumoniae,Ertapenem,Bahrain
Klebsiella pneumoniae,Ertapenem,Bahrain
Klebsiella pneumoniae,Ertapenem,Bahrain
Klebsiella pneumoniae,Ertapenem,Bahrain
Klebsiella pneumoniae,Ertapenem,Switzerland
Klebsiella pneumoniae,Ertapenem,Switzerland
Klebsiella pneumoniae,Ertapenem,Switzerland
Klebsiella pneumoniae,Ertapenem,Switzerland
Klebsiella pneumoniae,Ertapenem,United Kingdom of Great Britain and Northern Ireland
Klebsiella pneumoniae,Ertapenem,United Kingdom of Great Britain and Northern Ireland
Klebsiella pneumoniae,Ertapenem,United Kingdom of Great Britain and Northern Ireland
Klebsiella pneumoniae,Ertapenem,United Kingdom of Great Britain and Northern Ireland
Klebsiella pneumoniae,Ertapenem,India
Klebsiella pneumoniae,Ertapenem,India
Klebsiella pneumoniae,Ertapenem,India
Klebsiella pneumoniae,Ertapenem,India
Klebsiella pneumoniae,Ertapenem,Republic of Korea
Klebsiella pneumoniae,Ertapenem,Republic of Korea
Klebsiella pneumoniae,Ertapenem,Republic of Korea
Klebsiella pneumoniae,Ertapenem,Republic of Korea
Klebsiella pneumoniae,Ertapenem,Malaysia
Klebsiella pneumoniae,Ertapenem,Malaysia
Klebsiella pneumoniae,Ertapenem,Malaysia
Klebsiella pneumoniae,Ertapenem,Malaysia
Klebsiella pneumoniae,Ertapenem,Oman
Klebsiella pneumoniae,Ertapenem,Oman
Klebsiella pneumoniae,Ertapenem,Oman
Klebsiella pneumoniae,Ertapenem,Oman
Klebsiella pneumoniae,Ertapenem,Philippines
Klebsiella pneumoniae,Ertapenem,Philippines
Klebsiella pneumoniae,Ertapenem,Philippines
Klebsiella pneumoniae,Ertapenem,Philippines
Klebsiella pneumoniae,Ertapenem,Saudi Arabia
Klebsiella pneumoniae,Ertapenem,Saudi Arabia
Klebsiella pneumoniae,Ertapenem,Saudi Arabia
Klebsiella pneumoniae,Ertapenem,Saudi Arabia
Klebsiella pneumoniae,Ertapenem,Thailand
Klebsiella pneumoniae,Ertapenem,Thailand
Klebsiella pneumoniae,Ertapenem,Thailand
Klebsiella pneumoniae,Ertapenem,Thailand
Klebsiella pneumoniae,Ertapenem,Tunisia
Klebsiella pneumoniae,Ertapenem,Tunisia
Klebsiella pneumoniae,Ertapenem,Tunisia
Klebsiella pneumoniae,Ertapenem,Tunisia
Klebsiella pneumoniae,Imipenem,United Arab Emirates
Klebsiella pneumoniae,Imipenem,United Arab Emirates
Klebsiella pneumoniae,Imipenem,United Arab Emirates
Klebsiella pneumoniae,Imipenem,United Arab Emirates
Klebsiella pneumoniae,Imipenem,Argentina
Klebsiella pneumoniae,Imipenem,Argentina
Klebsiella pneumoniae,Imipenem,Argentina
Klebsiella pneumoniae,Imipenem,Argentina
Klebsiella pneumoniae,Imipenem,Bangladesh
Klebsiella pneumoniae,Imipenem,Bangladesh
Klebsiella pneumoniae,Imipenem,Bangladesh
Klebsiella pneumoniae,Imipenem,Bangladesh
Klebsiella pneumoniae,Imipenem,Bahrain
Klebsiella pneumoniae,Imipenem,Bahrain
Klebsiella pneumoniae,Imipenem,Bahrain
Klebsiella pneumoniae,Imipenem,Bahrain
Klebsiella pneumoniae,Imipenem,Switzerland
Klebsiella pneumoniae,Imipenem,Switzerland
Klebsiella pneumoniae,Imipenem,Switzerland
Klebsiella pneumoniae,Imipenem,Switzerland
Klebsiella pneumoniae,Imipenem,United Kingdom of Great Britain and Northern Ireland
Klebsiella pneumoniae,Imipenem,United Kingdom of Great Britain and Northern Ireland
Klebsiella pneumoniae,Imipenem,United Kingdom of Great Britain and Northern Ireland
Klebsiella pneumoniae,Imipenem,United Kingdom of Great Britain and Northern Ireland
Klebsiella pneumoniae,Imipenem,India
Klebsiella pneumoniae,Imipenem,India
Klebsiella pneumoniae,Imipenem,India
Klebsiella pneumoniae,Imipenem,India
Klebsiella pneumoniae,Imipenem,Japan
Klebsiella pneumoniae,Imipenem,Japan
Klebsiella pneumoniae,Imipenem,Japan
Klebsiella pneumoniae,Imipenem,Japan
Klebsiella pneumoniae,Imipenem,Republic of Korea
Klebsiella pneumoniae,Imipenem,Republic of Korea
Klebsiella pneumoniae,Imipenem,Republic of Korea
Klebsiella pneumoniae,Imipenem,Republic of Korea
Klebsiella pneumoniae,Imipenem,Malaysia
Klebsiella pneumoniae,Imipenem,Malaysia
Klebsiella pneumoniae,Imipenem,Malaysia
Klebsiella pneumoniae,Imipenem,Malaysia
Klebsiella pneumoniae,Imipenem,Nepal
Klebsiella pneumoniae,Imipenem,Nepal
Klebsiella pneumoniae,Imipenem,Nepal
Klebsiella pneumoniae,Imipenem,Nepal
Klebsiella pneumoniae,Imipenem,Oman
Klebsiella pneumoniae,Imipenem,Oman
Klebsiella pneumoniae,Imipenem,Oman
Klebsiella pneumoniae,Imipenem,Oman
Klebsiella pneumoniae,Imipenem,Pakistan
Klebsiella pneumoniae,Imipenem,Pakistan
Klebsiella pneumoniae,Imipenem,Pakistan
Klebsiella pneumoniae,Imipenem,Pakistan
Klebsiella pneumoniae,Imipenem,Philippines
Klebsiella pneumoniae,Imipenem,Philippines
Klebsiella pneumoniae,Imipenem,Philippines
Klebsiella pneumoniae,Imipenem,Philippines
Klebsiella pneumoniae,Imipenem,Saudi Arabia
Klebsiella pneumoniae,Imipenem,Saudi Arabia
Klebsiella pneumoniae,Imipenem,Saudi Arabia
Klebsiella pneumoniae,Imipenem,Saudi Arabia
Klebsiella pneumoniae,Imipenem,Sweden
Klebsiella pneumoniae,Imipenem,Sweden
Klebsiella pneumoniae,Imipenem,Sweden
Klebsiella pneumoniae,Imipenem,Sweden
Klebsiella pneumoniae,Imipenem,Thailand
Klebsiella pneumoniae,Imipenem,Thailand
Klebsiella pneumoniae,Imipenem,Thailand
Klebsiella pneumoniae,Imipenem,Thailand
Klebsiella pneumoniae,Imipenem,Tunisia
Klebsiella pneumoniae,Imipenem,Tunisia
Klebsiella pneumoniae,Imipenem,Tunisia
Klebsiella pneumoniae,Imipenem,Tunisia
Klebsiella pneumoniae,Levofloxacin,United Arab Emirates
Klebsiella pneumoniae,Levofloxacin,United Arab Emirates
Klebsiella pneumoniae,Levofloxacin,United Arab Emirates
Klebsiella pneumoniae,Levofloxacin,United Arab Emirates
Klebsiella pneumoniae,Levofloxacin,Switzerland
Klebsiella pneumoniae,Levofloxacin,Switzerland
Klebsiella pneumoniae,Levofloxacin,Switzerland
Klebsiella pneumoniae,Levofloxacin,Switzerland
Klebsiella pneumoniae,Levofloxacin,United Kingdom of Great Britain and Northern Ireland
Klebsiella pneumoniae,Levofloxacin,United Kingdom of Great Britain and Northern Ireland
Klebsiella pneumoniae,Levofloxacin,United Kingdom of Great Britain and Northern Ireland
Klebsiella pneumoniae,Levofloxacin,United Kingdom of Great Britain and Northern Ireland
Klebsiella pneumoniae,Levofloxacin,Japan
Klebsiella pneumoniae,Levofloxacin,Japan
Klebsiella pneumoniae,Levofloxacin,Japan
Klebsiella pneumoniae,Levofloxacin,Japan
Klebsiella pneumoniae,Levofloxacin,Nepal
Klebsiella pneumoniae,Levofloxacin,Nepal
Klebsiella pneumoniae,Levofloxacin,Nepal
Klebsiella pneumoniae,Levofloxacin,Nepal
Klebsiella pneumoniae,Levofloxacin,Pakistan
Klebsiella pneumoniae,Levofloxacin,Pakistan
Klebsiella pneumoniae,Levofloxacin,Pakistan
Klebsiella pneumoniae,Levofloxacin,Pakistan
Klebsiella pneumoniae,Levofloxacin,Philippines
Klebsiella pneumoniae,Levofloxacin,Philippines
Klebsiella pneumoniae,Levofloxacin,Philippines
Klebsiella pneumoniae,Levofloxacin,Philippines
Klebsiella pneumoniae,Levofloxacin,Saudi Arabia
Klebsiella pneumoniae,Levofloxacin,Saudi Arabia
Klebsiella pneumoniae,Levofloxacin,Saudi Arabia
Klebsiella pneumoniae,Levofloxacin,Saudi Arabia
Klebsiella pneumoniae,Levofloxacin,Thailand
Klebsiella pneumoniae,Levofloxacin,Thailand
Klebsiella pneumoniae,Levofloxacin,Thailand
Klebsiella pneumoniae,Levofloxacin,Thailand
Klebsiella pneumoniae,Meropenem,United Arab Emirates
Klebsiella pneumoniae,Meropenem,United Arab Emirates
Klebsiella pneumoniae,Meropenem,United Arab Emirates
Klebsiella pneumoniae,Meropenem,United Arab Emirates
Klebsiella pneumoniae,Meropenem,Argentina
Klebsiella pneumoniae,Meropenem,Argentina
Klebsiella pneumoniae,Meropenem,Argentina
Klebsiella pneumoniae,Meropenem,Argentina
Klebsiella pneumoniae,Meropenem,Bahrain
Klebsiella pneumoniae,Meropenem,Bahrain
Klebsiella pneumoniae,Meropenem,Bahrain
Klebsiella pneumoniae,Meropenem,Bahrain
Klebsiella pneumoniae,Meropenem,Finland
Klebsiella pneumoniae,Meropenem,Finland
Klebsiella pneumoniae,Meropenem,Finland
Klebsiella pneumoniae,Meropenem,Finland
Klebsiella pneumoniae,Meropenem,United Kingdom of Great Britain and Northern Ireland
Klebsiella pneumoniae,Meropenem,United Kingdom of Great Britain and Northern Ireland
Klebsiella pneumoniae,Meropenem,United Kingdom of Great Britain and Northern Ireland
Klebsiella pneumoniae,Meropenem,United Kingdom of Great Britain and Northern Ireland
Klebsiella pneumoniae,Meropenem,Japan
Klebsiella pneumoniae,Meropenem,Japan
Klebsiella pneumoniae,Meropenem,Japan
Klebsiella pneumoniae,Meropenem,Japan
Klebsiella pneumoniae,Meropenem,Republic of Korea
Klebsiella pneumoniae,Meropenem,Republic of Korea
Klebsiella pneumoniae,Meropenem,Republic of Korea
Klebsiella pneumoniae,Meropenem,Republic of Korea
Klebsiella pneumoniae,Meropenem,Malaysia
Klebsiella pneumoniae,Meropenem,Malaysia
Klebsiella pneumoniae,Meropenem,Malaysia
Klebsiella pneumoniae,Meropenem,Malaysia
Klebsiella pneumoniae,Meropenem,Nepal
Klebsiella pneumoniae,Meropenem,Nepal
Klebsiella pneumoniae,Meropenem,Nepal
Klebsiella pneumoniae,Meropenem,Nepal
Klebsiella pneumoniae,Meropenem,Saudi Arabia
Klebsiella pneumoniae,Meropenem,Saudi Arabia
Klebsiella pneumoniae,Meropenem,Saudi Arabia
Klebsiella pneumoniae,Meropenem,Saudi Arabia
Klebsiella pneumoniae,Meropenem,Sweden
Klebsiella pneumoniae,Meropenem,Sweden
Klebsiella pneumoniae,Meropenem,Sweden
Klebsiella pneumoniae,Meropenem,Sweden
Klebsiella pneumoniae,Meropenem,Thailand
Klebsiella pneumoniae,Meropenem,Thailand
Klebsiella pneumoniae,Meropenem,Thailand
Klebsiella pneumoniae,Meropenem,Thailand
Escherichia coli,Ceftazidime,United Arab Emirates
Escherichia coli,Ceftazidime,United Arab Emirates
Escherichia coli,Ceftazidime,United Arab Emirates
Escherichia coli,Ceftazidime,United Arab Emirates
Escherichia coli,Ceftazidime,Argentina
Escherichia coli,Ceftazidime,Argentina
Escherichia coli,Ceftazidime,Argentina
Escherichia coli,Ceftazidime,Argentina
Escherichia coli,Ceftazidime,Bangladesh
Escherichia coli,Ceftazidime,Bangladesh
Escherichia coli,Ceftazidime,Bangladesh
Escherichia coli,Ceftazidime,Bangladesh
Escherichia coli,Ceftazidime,Switzerland
Escherichia coli,Ceftazidime,Switzerland
Escherichia coli,Ceftazidime,Switzerland
Escherichia coli,Ceftazidime,Switzerland
Escherichia coli,Ceftazidime,Finland
Escherichia coli,Ceftazidime,Finland
Escherichia coli,Ceftazidime,Finland
Escherichia coli,Ceftazidime,Finland
Escherichia coli,Ceftazidime,United Kingdom of Great Britain and Northern Ireland
Escherichia coli,Ceftazidime,United Kingdom of Great Britain and Northern Ireland
Escherichia coli,Ceftazidime,United Kingdom of Great Britain and Northern Ireland
Escherichia coli,Ceftazidime,United Kingdom of Great Britain and Northern Ireland
Escherichia coli,Ceftazidime,India
Escherichia coli,Ceftazidime,India
Escherichia coli,Ceftazidime,India
Escherichia coli,Ceftazidime,India
Escherichia coli,Ceftazidime,Japan
Escherichia coli,Ceftazidime,Japan
Escherichia coli,Ceftazidime,Japan
Escherichia coli,Ceftazidime,Japan
Escherichia coli,Ceftazidime,Republic of Korea
Escherichia coli,Ceftazidime,Republic of Korea
Escherichia coli,Ceftazidime,Republic of Korea
Escherichia coli,Ceftazidime,Republic of Korea
Escherichia coli,Ceftazidime,Lao People's Democratic Republic
Escherichia coli,Ceftazidime,Lao People's Democratic Republic
Escherichia coli,Ceftazidime,Lao People's Democratic Republic
Escherichia coli,Ceftazidime,Lao People's Democratic Republic
Escherichia coli,Ceftazidime,Lebanon
Escherichia coli,Ceftazidime,Lebanon
Escherichia coli,Ceftazidime,Lebanon
Escherichia coli,Ceftazidime,Lebanon
Escherichia coli,Ceftazidime,Malaysia
Escherichia coli,Ceftazidime,Malaysia
Escherichia coli,Ceftazidime,Malaysia
Escherichia coli,Ceftazidime,Malaysia
Escherichia coli,Ceftazidime,Norway
Escherichia coli,Ceftazidime,Norway
Escherichia coli,Ceftazidime,Norway
Escherichia coli,Ceftazidime,Norway
Escherichia coli,Ceftazidime,Nepal
Escherichia coli,Ceftazidime,Nepal
Escherichia coli,Ceftazidime,Nepal
Escherichia coli,Ceftazidime,Nepal
Escherichia coli,Ceftazidime,Oman
Escherichia coli,Ceftazidime,Oman
Escherichia coli,Ceftazidime,Oman
Escherichia coli,Ceftazidime,Oman
Escherichia coli,Ceftazidime,Pakistan
Escherichia coli,Ceftazidime,Pakistan
Escherichia coli,Ceftazidime,Pakistan
Escherichia coli,Ceftazidime,Pakistan
Escherichia coli,Ceftazidime,Philippines
Escherichia coli,Ceftazidime,Philippines
Escherichia coli,Ceftazidime,Philippines
Escherichia coli,Ceftazidime,Philippines
Escherichia coli,Ceftazidime,Saudi Arabia
Escherichia coli,Ceftazidime,Saudi Arabia
Escherichia coli,Ceftazidime,Saudi Arabia
Escherichia coli,Ceftazidime,Saudi Arabia
Escherichia coli,Ceftazidime,Thailand
Escherichia coli,Ceftazidime,Thailand
Escherichia coli,Ceftazidime,Thailand
Escherichia coli,Ceftazidime,Thailand
Escherichia coli,Ceftazidime,Tunisia
Escherichia coli,Ceftazidime,Tunisia
Escherichia coli,Ceftazidime,Tunisia
Escherichia coli,Ceftazidime,Tunisia
Escherichia coli,Ceftriaxone,United Arab Emirates
Escherichia coli,Ceftriaxone,United Arab Emirates
Escherichia coli,Ceftriaxone,United Arab Emirates
Escherichia coli,Ceftriaxone,United Arab Emirates
Escherichia coli,Ceftriaxone,Bangladesh
Escherichia coli,Ceftriaxone,Bangladesh
Escherichia coli,Ceftriaxone,Bangladesh
Escherichia coli,Ceftriaxone,Bangladesh
Escherichia coli,Ceftriaxone,Switzerland
Escherichia coli,Ceftriaxone,Switzerland
Escherichia coli,Ceftriaxone,Switzerland
Escherichia coli,Ceftriaxone,Switzerland
Escherichia coli,Ceftriaxone,Finland
Escherichia coli,Ceftriaxone,Finland
Escherichia coli,Ceftriaxone,Finland
Escherichia coli,Ceftriaxone,Finland
Escherichia coli,Ceftriaxone,United Kingdom of Great Britain and Northern Ireland
Escherichia coli,Ceftriaxone,United Kingdom of Great Britain and Northern Ireland
Escherichia coli,Ceftriaxone,United Kingdom of Great Britain and Northern Ireland
Escherichia coli,Ceftriaxone,United Kingdom of Great Britain and Northern Ireland
Escherichia coli,Ceftriaxone,India
Escherichia coli,Ceftriaxone,India
Escherichia coli,Ceftriaxone,India
Escherichia coli,Ceftriaxone,India
Escherichia coli,Ceftriaxone,Japan
Escherichia coli,Ceftriaxone,Japan
Escherichia coli,Ceftriaxone,Japan
Escherichia coli,Ceftriaxone,Japan
Escherichia coli,Ceftriaxone,Lao People's Democratic Republic
Escherichia coli,Ceftriaxone,Lao People's Democratic Republic
Escherichia coli,Ceftriaxone,Lao People's Democratic Republic
Escherichia coli,Ceftriaxone,Lao People's Democratic Republic
Escherichia coli,Ceftriaxone,Lebanon
Escherichia coli,Ceftriaxone,Lebanon
Escherichia coli,Ceftriaxone,Lebanon
Escherichia coli,Ceftriaxone,Lebanon
Escherichia coli,Ceftriaxone,Malaysia
Escherichia coli,Ceftriaxone,Malaysia
Escherichia coli,Ceftriaxone,Malaysia
Escherichia coli,Ceftriaxone,Malaysia
Escherichia coli,Ceftriaxone,Nepal
Escherichia coli,Ceftriaxone,Nepal
Escherichia coli,Ceftriaxone,Nepal
Escherichia coli,Ceftriaxone,Nepal
Escherichia coli,Ceftriaxone,Oman
Escherichia coli,Ceftriaxone,Oman
Escherichia coli,Ceftriaxone,Oman
Escherichia coli,Ceftriaxone,Oman
Escherichia coli,Ceftriaxone,Pakistan
Escherichia coli,Ceftriaxone,Pakistan
Escherichia coli,Ceftriaxone,Pakistan
Escherichia coli,Ceftriaxone,Pakistan
Escherichia coli,Ceftriaxone,Philippines
Escherichia coli,Ceftriaxone,Philippines
Escherichia coli,Ceftriaxone,Philippines
Escherichia coli,Ceftriaxone,Philippines
Escherichia coli,Ceftriaxone,Saudi Arabia
Escherichia coli,Ceftriaxone,Saudi Arabia
Escherichia coli,Ceftriaxone,Saudi Arabia
Escherichia coli,Ceftriaxone,Saudi Arabia
Escherichia coli,Ceftriaxone,Thailand
Escherichia coli,Ceftriaxone,Thailand
Escherichia coli,Ceftriaxone,Thailand
Escherichia coli,Ceftriaxone,Thailand
Escherichia coli,Ciprofloxacin,United Arab Emirates
Escherichia coli,Ciprofloxacin,United Arab Emirates
Escherichia coli,Ciprofloxacin,United Arab Emirates
Escherichia coli,Ciprofloxacin,United Arab Emirates
Escherichia coli,Ciprofloxacin,Argentina
Escherichia coli,Ciprofloxacin,Argentina
Escherichia coli,Ciprofloxacin,Argentina
Escherichia coli,Ciprofloxacin,Argentina
Escherichia coli,Ciprofloxacin,Bangladesh
Escherichia coli,Ciprofloxacin,Bangladesh
Escherichia coli,Ciprofloxacin,Bangladesh
Escherichia coli,Ciprofloxacin,Bangladesh
Escherichia coli,Ciprofloxacin,Switzerland
Escherichia coli,Ciprofloxacin,Switzerland
Escherichia coli,Ciprofloxacin,Switzerland
Escherichia coli,Ciprofloxacin,Switzerland
Escherichia coli,Ciprofloxacin,Finland
Escherichia coli,Ciprofloxacin,Finland
Escherichia coli,Ciprofloxacin,Finland
Escherichia coli,Ciprofloxacin,Finland
Escherichia coli,Ciprofloxacin,United Kingdom of Great Britain and Northern Ireland
Escherichia coli,Ciprofloxacin,United Kingdom of Great Britain and Northern Ireland
Escherichia coli,Ciprofloxacin,United Kingdom of Great Britain and Northern Ireland
Escherichia coli,Ciprofloxacin,United Kingdom of Great Britain and Northern Ireland
Escherichia coli,Ciprofloxacin,India
Escherichia coli,Ciprofloxacin,India
Escherichia coli,Ciprofloxacin,India
Escherichia coli,Ciprofloxacin,India
Escherichia coli,Ciprofloxacin,Japan
Escherichia coli,Ciprofloxacin,Japan
Escherichia coli,Ciprofloxacin,Japan
Escherichia coli,Ciprofloxacin,Japan
Escherichia coli,Ciprofloxacin,Republic of Korea
Escherichia coli,Ciprofloxacin,Republic of Korea
Escherichia coli,Ciprofloxacin,Republic of Korea
Escherichia coli,Ciprofloxacin,Republic of Korea
Escherichia coli,Ciprofloxacin,Lao People's Democratic Republic
Escherichia coli,Ciprofloxacin,Lao People's Democratic Republic
Escherichia coli,Ciprofloxacin,Lao People's Democratic Republic
Escherichia coli,Ciprofloxacin,Lao People's Democratic Republic
Escherichia coli,Ciprofloxacin,Lebanon
Escherichia coli,Ciprofloxacin,Lebanon
Escherichia coli,Ciprofloxacin,Lebanon
Escherichia coli,Ciprofloxacin,Lebanon
Escherichia coli,Ciprofloxacin,Malaysia
Escherichia coli,Ciprofloxacin,Malaysia
Escherichia coli,Ciprofloxacin,Malaysia
Escherichia coli,Ciprofloxacin,Malaysia
Escherichia coli,Ciprofloxacin,Norway
Escherichia coli,Ciprofloxacin,Norway
Escherichia coli,Ciprofloxacin,Norway
Escherichia coli,Ciprofloxacin,Norway
Escherichia coli,Ciprofloxacin,Nepal
Escherichia coli,Ciprofloxacin,Nepal
Escherichia coli,Ciprofloxacin,Nepal
Escherichia coli,Ciprofloxacin,Nepal
Escherichia coli,Ciprofloxacin,Oman
Escherichia coli,Ciprofloxacin,Oman
Escherichia coli,Ciprofloxacin,Oman
Escherichia coli,Ciprofloxacin,Oman
Escherichia coli,Ciprofloxacin,Pakistan
Escherichia coli,Ciprofloxacin,Pakistan
Escherichia coli,Ciprofloxacin,Pakistan
Escherichia coli,Ciprofloxacin,Pakistan
Escherichia coli,Ciprofloxacin,Philippines
Escherichia coli,Ciprofloxacin,Philippines
Escherichia coli,Ciprofloxacin,Philippines
Escherichia coli,Ciprofloxacin,Philippines
Escherichia coli,Ciprofloxacin,Saudi Arabia
Escherichia coli,Ciprofloxacin,Saudi Arabia
Escherichia coli,Ciprofloxacin,Saudi Arabia
Escherichia coli,Ciprofloxacin,Saudi Arabia
Escherichia coli,Ciprofloxacin,Sudan
Escherichia coli,Ciprofloxacin,Sudan
Escherichia coli,Ciprofloxacin,Sudan
Escherichia coli,Ciprofloxacin,Sudan
Escherichia coli,Ciprofloxacin,Sweden
Escherichia coli,Ciprofloxacin,Sweden
Escherichia coli,Ciprofloxacin,Sweden
Escherichia coli,Ciprofloxacin,Sweden
Escherichia coli,Ciprofloxacin,Thailand
Escherichia coli,Ciprofloxacin,Thailand
Escherichia coli,Ciprofloxacin,Thailand
Escherichia coli,Ciprofloxacin,Thailand
Escherichia coli,Ciprofloxacin,Tunisia
Escherichia coli,Ciprofloxacin,Tunisia
Escherichia coli,Ciprofloxacin,Tunisia
Escherichia coli,Ciprofloxacin,Tunisia
Escherichia coli,Co-trimoxazole,United Arab Emirates
Escherichia coli,Co-trimoxazole,United Arab Emirates
Escherichia coli,Co-trimoxazole,United Arab Emirates
Escherichia coli,Co-trimoxazole,United Arab Emirates
Escherichia coli,Co-trimoxazole,Argentina
Escherichia coli,Co-trimoxazole,Argentina
Escherichia coli,Co-trimoxazole,Argentina
Escherichia coli,Co-trimoxazole,Argentina
Escherichia coli,Co-trimoxazole,Switzerland
Escherichia coli,Co-trimoxazole,Switzerland
Escherichia coli,Co-trimoxazole,Switzerland
Escherichia coli,Co-trimoxazole,Switzerland
Escherichia coli,Co-trimoxazole,Finland
Escherichia coli,Co-trimoxazole,Finland
Escherichia coli,Co-trimoxazole,Finland
Escherichia coli,Co-trimoxazole,Finland
Escherichia coli,Co-trimoxazole,United Kingdom of Great Britain and Northern Ireland
Escherichia coli,Co-trimoxazole,United Kingdom of Great Britain and Northern Ireland
Escherichia coli,Co-trimoxazole,United Kingdom of Great Britain and Northern Ireland
Escherichia coli,Co-trimoxazole,United Kingdom of Great Britain and Northern Ireland
Escherichia coli,Co-trimoxazole,India
Escherichia coli,Co-trimoxazole,India
Escherichia coli,Co-trimoxazole,India
Escherichia coli,Co-trimoxazole,India
Escherichia coli,Co-trimoxazole,Republic of Korea
Escherichia coli,Co-trimoxazole,Republic of Korea
Escherichia coli,Co-trimoxazole,Republic of Korea
Escherichia coli,Co-trimoxazole,Republic of Korea
Escherichia coli,Co-trimoxazole,Lao People's Democratic Republic
Escherichia coli,Co-trimoxazole,Lao People's Democratic Republic
Escherichia coli,Co-trimoxazole,Lao People's Democratic Republic
Escherichia coli,Co-trimoxazole,Lao People's Democratic Republic
Escherichia coli,Co-trimoxazole,Malaysia
Escherichia coli,Co-trimoxazole,Malaysia
Escherichia coli,Co-trimoxazole,Malaysia
Escherichia coli,Co-trimoxazole,Malaysia
Escherichia coli,Co-trimoxazole,Norway
Escherichia coli,Co-trimoxazole,Norway
Escherichia coli,Co-trimoxazole,Norway
Escherichia coli,Co-trimoxazole,Norway
Escherichia coli,Co-trimoxazole,Oman
Escherichia coli,Co-trimoxazole,Oman
Escherichia coli,Co-trimoxazole,Oman
Escherichia coli,Co-trimoxazole,Oman
Escherichia coli,Co-trimoxazole,Pakistan
Escherichia coli,Co-trimoxazole,Pakistan
Escherichia coli,Co-trimoxazole,Pakistan
Escherichia coli,Co-trimoxazole,Pakistan
Escherichia coli,Co-trimoxazole,Philippines
Escherichia coli,Co-trimoxazole,Philippines
Escherichia coli,Co-trimoxazole,Philippines
Escherichia coli,Co-trimoxazole,Philippines
Escherichia coli,Co-trimoxazole,Saudi Arabia
Escherichia coli,Co-trimoxazole,Saudi Arabia
Escherichia coli,Co-trimoxazole,Saudi Arabia
Escherichia coli,Co-trimoxazole,Saudi Arabia
Escherichia coli,Co-trimoxazole,Sweden
Escherichia coli,Co-trimoxazole,Sweden
Escherichia coli,Co-trimoxazole,Sweden
Escherichia coli,Co-trimoxazole,Sweden
Escherichia coli,Co-trimoxazole,Thailand
Escherichia coli,Co-trimoxazole,Thailand
Escherichia coli,Co-trimoxazole,Thailand
Escherichia coli,Co-trimoxazole,Thailand
Escherichia coli,Colistin,United Arab Emirates
Escherichia coli,Colistin,United Arab Emirates
Escherichia coli,Colistin,United Arab Emirates
Escherichia coli,Colistin,United Arab Emirates
Escherichia coli,Colistin,Argentina
Escherichia coli,Colistin,Argentina
Escherichia coli,Colistin,Argentina
Escherichia coli,Colistin,Argentina
Escherichia coli,Colistin,Switzerland
Escherichia coli,Colistin,Switzerland
Escherichia coli,Colistin,Switzerland
Escherichia coli,Colistin,Switzerland
Escherichia coli,Colistin,Malaysia
Escherichia coli,Colistin,Malaysia
Escherichia coli,Colistin,Malaysia
Escherichia coli,Colistin,Malaysia
Escherichia coli,Colistin,Oman
Escherichia coli,Colistin,Oman
Escherichia coli,Colistin,Oman
Escherichia coli,Colistin,Oman
Escherichia coli,Colistin,Philippines
Escherichia coli,Colistin,Philippines
Escherichia coli,Colistin,Philippines
Escherichia coli,Colistin,Philippines
Escherichia coli,Colistin,Saudi Arabia
Escherichia coli,Colistin,Saudi Arabia
Escherichia coli,Colistin,Saudi Arabia
Escherichia coli,Colistin,Saudi Arabia
Escherichia coli,Colistin,Tunisia
Escherichia coli,Colistin,Tunisia
Escherichia coli,Colistin,Tunisia
Escherichia coli,Colistin,Tunisia
Escherichia coli,Doripenem,Malaysia
Escherichia coli,Doripenem,Malaysia
Escherichia coli,Doripenem,Malaysia
Escherichia coli,Doripenem,Malaysia
Escherichia coli,Doripenem,Philippines
Escherichia coli,Doripenem,Philippines
Escherichia coli,Doripenem,Philippines
Escherichia coli,Doripenem,Philippines
Escherichia coli,Ertapenem,United Arab Emirates
Escherichia coli,Ertapenem,United Arab Emirates
Escherichia coli,Ertapenem,United Arab Emirates
Escherichia coli,Ertapenem,United Arab Emirates
Escherichia coli,Ertapenem,Switzerland
Escherichia coli,Ertapenem,Switzerland
Escherichia coli,Ertapenem,Switzerland
Escherichia coli,Ertapenem,Switzerland
Escherichia coli,Ertapenem,United Kingdom of Great Britain and Northern Ireland
Escherichia coli,Ertapenem,United Kingdom of Great Britain and Northern Ireland
Escherichia coli,Ertapenem,United Kingdom of Great Britain and Northern Ireland
Escherichia coli,Ertapenem,United Kingdom of Great Britain and Northern Ireland
Escherichia coli,Ertapenem,India
Escherichia coli,Ertapenem,India
Escherichia coli,Ertapenem,India
Escherichia coli,Ertapenem,India
Escherichia coli,Ertapenem,Republic of Korea
Escherichia coli,Ertapenem,Republic of Korea
Escherichia coli,Ertapenem,Republic of Korea
Escherichia coli,Ertapenem,Republic of Korea
Escherichia coli,Ertapenem,Malaysia
Escherichia coli,Ertapenem,Malaysia
Escherichia coli,Ertapenem,Malaysia
Escherichia coli,Ertapenem,Malaysia
Escherichia coli,Ertapenem,Oman
Escherichia coli,Ertapenem,Oman
Escherichia coli,Ertapenem,Oman
Escherichia coli,Ertapenem,Oman
Escherichia coli,Ertapenem,Philippines
Escherichia coli,Ertapenem,Philippines
Escherichia coli,Ertapenem,Philippines
Escherichia coli,Ertapenem,Philippines
Escherichia coli,Ertapenem,Saudi Arabia
Escherichia coli,Ertapenem,Saudi Arabia
Escherichia coli,Ertapenem,Saudi Arabia
Escherichia coli,Ertapenem,Saudi Arabia
Escherichia coli,Ertapenem,Thailand
Escherichia coli,Ertapenem,Thailand
Escherichia coli,Ertapenem,Thailand
Escherichia coli,Ertapenem,Thailand
Escherichia coli,Ertapenem,Tunisia
Escherichia coli,Ertapenem,Tunisia
Escherichia coli,Ertapenem,Tunisia
Escherichia coli,Ertapenem,Tunisia
Escherichia coli,Ampicillin,United Arab Emirates
Escherichia coli,Ampicillin,United Arab Emirates
Escherichia coli,Ampicillin,United Arab Emirates
Escherichia coli,Ampicillin,United Arab Emirates
Escherichia coli,Ampicillin,Argentina
Escherichia coli,Ampicillin,Argentina
Escherichia coli,Ampicillin,Argentina
Escherichia coli,Ampicillin,Argentina
Escherichia coli,Ampicillin,Bangladesh
Escherichia coli,Ampicillin,Bangladesh
Escherichia coli,Ampicillin,Bangladesh
Escherichia coli,Ampicillin,Bangladesh
Escherichia coli,Ampicillin,Finland
Escherichia coli,Ampicillin,Finland
Escherichia coli,Ampicillin,Finland
Escherichia coli,Ampicillin,Finland
Escherichia coli,Ampicillin,United Kingdom of Great Britain and Northern Ireland
Escherichia coli,Ampicillin,United Kingdom of Great Britain and Northern Ireland
Escherichia coli,Ampicillin,United Kingdom of Great Britain and Northern Ireland
Escherichia coli,Ampicillin,United Kingdom of Great Britain and Northern Ireland
Escherichia coli,Ampicillin,Japan
Escherichia coli,Ampicillin,Japan
Escherichia coli,Ampicillin,Japan
Escherichia coli,Ampicillin,Japan
Escherichia coli,Ampicillin,Republic of Korea
Escherichia coli,Ampicillin,Republic of Korea
Escherichia coli,Ampicillin,Republic of Korea
Escherichia coli,Ampicillin,Republic of Korea
Escherichia coli,Ampicillin,Lao People's Democratic Republic
Escherichia coli,Ampicillin,Lao People's Democratic Republic
Escherichia coli,Ampicillin,Lao People's Democratic Republic
Escherichia coli,Ampicillin,Lao People's Democratic Republic
Escherichia coli,Ampicillin,Malaysia
Escherichia coli,Ampicillin,Malaysia
Escherichia coli,Ampicillin,Malaysia
Escherichia coli,Ampicillin,Malaysia
Escherichia coli,Ampicillin,Nepal
Escherichia coli,Ampicillin,Nepal
Escherichia coli,Ampicillin,Nepal
Escherichia coli,Ampicillin,Nepal
Escherichia coli,Ampicillin,Oman
Escherichia coli,Ampicillin,Oman
Escherichia coli,Ampicillin,Oman
Escherichia coli,Ampicillin,Oman
Escherichia coli,Ampicillin,Pakistan
Escherichia coli,Ampicillin,Pakistan
Escherichia coli,Ampicillin,Pakistan
Escherichia coli,Ampicillin,Pakistan
Escherichia coli,Ampicillin,Philippines
Escherichia coli,Ampicillin,Philippines
Escherichia coli,Ampicillin,Philippines
Escherichia coli,Ampicillin,Philippines
Escherichia coli,Ampicillin,Saudi Arabia
Escherichia coli,Ampicillin,Saudi Arabia
Escherichia coli,Ampicillin,Saudi Arabia
Escherichia coli,Ampicillin,Saudi Arabia
Escherichia coli,Ampicillin,Sweden
Escherichia coli,Ampicillin,Sweden
Escherichia coli,Ampicillin,Sweden
Escherichia coli,Ampicillin,Sweden
Escherichia coli,Ampicillin,Thailand
Escherichia coli,Ampicillin,Thailand
Escherichia coli,Ampicillin,Thailand
Escherichia coli,Ampicillin,Thailand
Escherichia coli,Ampicillin,Tunisia
Escherichia coli,Ampicillin,Tunisia
Escherichia coli,Ampicillin,Tunisia
Escherichia coli,Ampicillin,Tunisia
