pathogen,antibiotic,state_region,source_dataset
5,1.0,32,ICMR (India)
5,7.0,32,ICMR (India)
5,9.0,32,ICMR (India)
5,34.0,32,ICMR (India)
5,11.0,32,ICMR (India)
5,19.0,32,ICMR (India)
5,20.0,32,ICMR (India)
5,26.0,32,ICMR (India)
9,1.0,37,ICMR (India)
9,7.0,37,ICMR (India)
9,9.0,37,ICMR (India)
9,34.0,37,ICMR (India)
9,11.0,37,ICMR (India)
9,19.0,37,ICMR (India)
9,20.0,37,ICMR (India)
9,26.0,37,ICMR (India)
9,2.0,37,ICMR (India)
9,35.0,37,ICMR (India)
9,12.0,37,ICMR (India)
9,17.0,37,ICMR (India)
9,18.0,37,ICMR (India)
9,21.0,37,ICMR (India)
9,27.0,37,ICMR (India)
1,1.0,28,ICMR (India)
1,7.0,28,ICMR (India)
1,34.0,28,ICMR (India)
1,11.0,28,ICMR (India)
1,19.0,28,ICMR (India)
1,20.0,28,ICMR (India)
1,26.0,28,ICMR (India)
5,1.0,28,ICMR (India)
5,7.0,28,ICMR (India)
5,9.0,28,ICMR (India)
5,34.0,28,ICMR (India)
5,11.0,28,ICMR (India)
5,19.0,28,ICMR (India)
5,20.0,28,ICMR (India)
5,26.0,28,ICMR (India)
23,1.0,28,ICMR (India)
23,3.0,28,ICMR (India)
23,9.0,28,ICMR (India)
23,19.0,28,ICMR (India)
23,45.0,28,ICMR (India)
23,20.0,28,ICMR (India)
23,58.0,28,ICMR (India)
23,26.0,28,ICMR (India)
21,3.0,28,ICMR (India)
21,9.0,28,ICMR (India)
21,11.0,28,ICMR (India)
21,19.0,28,ICMR (India)
21,45.0,28,ICMR (India)
21,20.0,28,ICMR (India)
21,26.0,28,ICMR (India)
21,50.0,28,ICMR (India)
21,1.0,2,ICMR (India)
21,9.0,2,ICMR (India)
21,11.0,2,ICMR (India)
21,43.0,2,ICMR (India)
21,19.0,2,ICMR (India)
21,45.0,2,ICMR (India)
21,20.0,2,ICMR (India)
21,26.0,2,ICMR (India)
21,50.0,2,ICMR (India)
23,2.0,6,ICMR (India)
23,4.0,6,ICMR (India)
23,18.0,6,ICMR (India)
23,27.0,6,ICMR (India)
23,41.0,6,ICMR (India)
23,10.0,6,ICMR (India)
23,21.0,6,ICMR (India)
1,2.0,6,ICMR (India)
1,8.0,6,ICMR (India)
1,12.0,6,ICMR (India)
1,18.0,6,ICMR (India)
1,27.0,6,ICMR (India)
1,41.0,6,ICMR (India)
1,17.0,6,ICMR (India)
1,21.0,6,ICMR (India)
5,2.0,6,ICMR (India)
5,8.0,6,ICMR (India)
5,12.0,6,ICMR (India)
5,18.0,6,ICMR (India)
5,27.0,6,ICMR (India)
5,41.0,6,ICMR (India)
5,21.0,6,ICMR (India)
1,2.0,6,ICMR (India)
1,8.0,6,ICMR (India)
1,12.0,6,ICMR (India)
1,18.0,6,ICMR (India)
1,27.0,6,ICMR (India)
1,41.0,6,ICMR (India)
1,17.0,6,ICMR (India)
1,21.0,6,ICMR (India)
1,1.0,32,ICMR (India)
1,7.0,32,ICMR (India)
1,34.0,32,ICMR (India)
1,11.0,32,ICMR (India)
1,19.0,32,ICMR (India)
1,20.0,32,ICMR (India)
1,23.0,32,ICMR (India)
1,26.0,32,ICMR (India)
5,1.0,32,ICMR (India)
5,7.0,32,ICMR (India)
5,34.0,32,ICMR (India)
5,11.0,32,ICMR (India)
5,19.0,32,ICMR (India)
5,20.0,32,ICMR (India)
5,26.0,32,ICMR (India)
29,,32,ICMR (India)
29,66.0,32,ICMR (India)
29,11.0,32,ICMR (India)
29,68.0,32,ICMR (India)
29,71.0,32,ICMR (India)
29,72.0,32,ICMR (India)
29,52.0,32,ICMR (India)
29,28.0,32,ICMR (India)
29,81.0,32,ICMR (India)
112,9.0,32,ICMR (India)
112,20.0,32,ICMR (India)
112,58.0,32,ICMR (India)
112,28.0,32,ICMR (India)
112,10.0,32,ICMR (India)
112,46.0,32,ICMR (India)
112,21.0,32,ICMR (India)
112,59.0,32,ICMR (India)
112,29.0,32,ICMR (India)
5,1.0,32,ICMR (India)
5,7.0,32,ICMR (India)
5,34.0,32,ICMR (India)
5,11.0,32,ICMR (India)
5,19.0,32,ICMR (India)
5,20.0,32,ICMR (India)
5,26.0,32,ICMR (India)
5,1.0,28,ICMR (India)
5,7.0,28,ICMR (India)
5,34.0,28,ICMR (India)
5,11.0,28,ICMR (India)
5,19.0,28,ICMR (India)
5,20.0,28,ICMR (India)
5,26.0,28,ICMR (India)
Escherichia Coli,Acridine_Dye,Global,Kaggle Genomic Repository
Escherichia Coli,Acridine_Dye,Global,Kaggle Genomic Repository
Escherichia Coli,Acridine_Dye,Global,Kaggle Genomic Repository
Escherichia Coli,Acridine_Dye,Global,Kaggle Genomic Repository
Escherichia Coli,Acridine_Dye,Global,Kaggle Genomic Repository
Escherichia Coli,Acridine_Dye,Global,Kaggle Genomic Repository
Escherichia Coli,Acridine_Dye,Global,Kaggle Genomic Repository
Escherichia Coli,Acridine_Dye,Global,Kaggle Genomic Repository
Escherichia Coli,Acridine_Dye,Global,Kaggle Genomic Repository
Escherichia Coli,Acridine_Dye,Global,Kaggle Genomic Repository
Escherichia Coli,Acridine_Dye,Global,Kaggle Genomic Repository
Escherichia Coli,Acridine_Dye,Global,Kaggle Genomic Repository
Escherichia Coli,Acridine_Dye,Global,Kaggle Genomic Repository
Escherichia Coli,Acridine_Dye,Global,Kaggle Genomic Repository
Escherichia Coli,Acridine_Dye,Global,Kaggle Genomic Repository
Escherichia Coli,Acridine_Dye,Global,Kaggle Genomic Repository
Escherichia Coli,Acridine_Dye,Global,Kaggle Genomic Repository
Escherichia Coli,Acridine_Dye,Global,Kaggle Genomic Repository
Escherichia Coli,Acridine_Dye,Global,Kaggle Genomic Repository
Escherichia Coli,Acridine_Dye,Global,Kaggle Genomic Repository
Escherichia Coli,Acridine_Dye,Global,Kaggle Genomic Repository
Escherichia Coli,Acridine_Dye,Global,Kaggle Genomic Repository
Escherichia Coli,Acridine_Dye,Global,Kaggle Genomic Repository
Escherichia Coli,Acridine_Dye,Global,Kaggle Genomic Repository
Escherichia Coli,Acridine_Dye,Global,Kaggle Genomic Repository
Escherichia Coli,Acridine_Dye,Global,Kaggle Genomic Repository
Escherichia Coli,Acridine_Dye,Global,Kaggle Genomic Repository
Escherichia Coli,Acridine_Dye,Global,Kaggle Genomic Repository
Escherichia Coli,Acridine_Dye,Global,Kaggle Genomic Repository
Escherichia Coli,Acridine_Dye,Global,Kaggle Genomic Repository
Escherichia Coli,Acridine_Dye,Global,Kaggle Genomic Repository
Escherichia Coli,Acridine_Dye,Global,Kaggle Genomic Repository
Escherichia Coli,Acridine_Dye,Global,Kaggle Genomic Repository
Escherichia Coli,Acridine_Dye,Global,Kaggle Genomic Repository
Escherichia Coli,Acridine_Dye,Global,Kaggle Genomic Repository
Escherichia Coli,Acridine_Dye,Global,Kaggle Genomic Repository
Escherichia Coli,Acridine_Dye,Global,Kaggle Genomic Repository
Escherichia Coli,Acridine_Dye,Global,Kaggle Genomic Repository
Escherichia Coli,Acridine_Dye,Global,Kaggle Genomic Repository
,Acridine_Dye,Global,Kaggle Genomic Repository
Escherichia Coli,Acridine_Dye,Global,Kaggle Genomic Repository
Escherichia Coli,Acridine_Dye,Global,Kaggle Genomic Repository
Escherichia Coli,Acridine_Dye,Global,Kaggle Genomic Repository
Escherichia Coli,Acridine_Dye,Global,Kaggle Genomic Repository
Escherichia Coli,Acridine_Dye,Global,Kaggle Genomic Repository
Escherichia Coli,Acridine_Dye,Global,Kaggle Genomic Repository
Escherichia Coli,Acridine_Dye,Global,Kaggle Genomic Repository
Escherichia Coli,Acridine_Dye,Global,Kaggle Genomic Repository
Escherichia Coli,Acridine_Dye,Global,Kaggle Genomic Repository
Escherichia Coli,Acridine_Dye,Global,Kaggle Genomic Repository
Escherichia Coli,Aminocoumarin,Global,Kaggle Genomic Repository
Escherichia Coli,Aminocoumarin,Global,Kaggle Genomic Repository
Escherichia Coli,Aminocoumarin,Global,Kaggle Genomic Repository
Escherichia Coli,Aminocoumarin,Global,Kaggle Genomic Repository
Escherichia Coli,Aminocoumarin,Global,Kaggle Genomic Repository
Escherichia Coli,Aminocoumarin,Global,Kaggle Genomic Repository
Escherichia Coli,Aminocoumarin,Global,Kaggle Genomic Repository
Escherichia Coli,Aminocoumarin,Global,Kaggle Genomic Repository
Escherichia Coli,Aminocoumarin,Global,Kaggle Genomic Repository
Escherichia Coli,Aminocoumarin,Global,Kaggle Genomic Repository
Escherichia Coli,Aminocoumarin,Global,Kaggle Genomic Repository
Escherichia Coli,Aminocoumarin,Global,Kaggle Genomic Repository
Escherichia Coli,Aminocoumarin,Global,Kaggle Genomic Repository
Escherichia Coli,Aminocoumarin,Global,Kaggle Genomic Repository
Escherichia Coli,Aminocoumarin,Global,Kaggle Genomic Repository
Escherichia Coli,Aminocoumarin,Global,Kaggle Genomic Repository
Escherichia Coli,Aminocoumarin,Global,Kaggle Genomic Repository
Escherichia Coli,Aminocoumarin,Global,Kaggle Genomic Repository
Escherichia Coli,Aminocoumarin,Global,Kaggle Genomic Repository
Escherichia Coli,Aminocoumarin,Global,Kaggle Genomic Repository
Escherichia Coli,Aminocoumarin,Global,Kaggle Genomic Repository
Escherichia Coli,Aminocoumarin,Global,Kaggle Genomic Repository
Escherichia Coli,Aminocoumarin,Global,Kaggle Genomic Repository
Escherichia Coli,Aminocoumarin,Global,Kaggle Genomic Repository
Escherichia Coli,Aminocoumarin,Global,Kaggle Genomic Repository
Escherichia Coli,Aminocoumarin,Global,Kaggle Genomic Repository
Escherichia Coli,Aminocoumarin,Global,Kaggle Genomic Repository
Escherichia Coli,Aminocoumarin,Global,Kaggle Genomic Repository
Escherichia Coli,Aminocoumarin,Global,Kaggle Genomic Repository
Escherichia Coli,Aminocoumarin,Global,Kaggle Genomic Repository
Escherichia Coli,Aminocoumarin,Global,Kaggle Genomic Repository
Escherichia Coli,Aminocoumarin,Global,Kaggle Genomic Repository
Escherichia Coli,Aminocoumarin,Global,Kaggle Genomic Repository
Escherichia Coli,Aminocoumarin,Global,Kaggle Genomic Repository
Escherichia Coli,Aminocoumarin,Global,Kaggle Genomic Repository
Escherichia Coli,Aminocoumarin,Global,Kaggle Genomic Repository
Escherichia Coli,Aminocoumarin,Global,Kaggle Genomic Repository
Escherichia Coli,Aminocoumarin,Global,Kaggle Genomic Repository
Escherichia Coli,Aminocoumarin,Global,Kaggle Genomic Repository
,Aminocoumarin,Global,Kaggle Genomic Repository
Escherichia Coli,Aminocoumarin,Global,Kaggle Genomic Repository
Escherichia Coli,Aminocoumarin,Global,Kaggle Genomic Repository
Escherichia Coli,Aminocoumarin,Global,Kaggle Genomic Repository
Escherichia Coli,Aminocoumarin,Global,Kaggle Genomic Repository
Escherichia Coli,Aminocoumarin,Global,Kaggle Genomic Repository
Escherichia Coli,Aminocoumarin,Global,Kaggle Genomic Repository
Escherichia Coli,Aminocoumarin,Global,Kaggle Genomic Repository
Escherichia Coli,Aminocoumarin,Global,Kaggle Genomic Repository
Escherichia Coli,Aminocoumarin,Global,Kaggle Genomic Repository
Escherichia Coli,Aminocoumarin,Global,Kaggle Genomic Repository
Escherichia Coli,Aminoglycoside,Global,Kaggle Genomic Repository
Escherichia Coli,Aminoglycoside,Global,Kaggle Genomic Repository
Escherichia Coli,Aminoglycoside,Global,Kaggle Genomic Repository
Escherichia Coli,Aminoglycoside,Global,Kaggle Genomic Repository
Escherichia Coli,Aminoglycoside,Global,Kaggle Genomic Repository
Escherichia Coli,Aminoglycoside,Global,Kaggle Genomic Repository
Escherichia Coli,Aminoglycoside,Global,Kaggle Genomic Repository
Escherichia Coli,Aminoglycoside,Global,Kaggle Genomic Repository
Escherichia Coli,Aminoglycoside,Global,Kaggle Genomic Repository
Escherichia Coli,Aminoglycoside,Global,Kaggle Genomic Repository
Escherichia Coli,Aminoglycoside,Global,Kaggle Genomic Repository
Escherichia Coli,Aminoglycoside,Global,Kaggle Genomic Repository
Escherichia Coli,Aminoglycoside,Global,Kaggle Genomic Repository
Escherichia Coli,Aminoglycoside,Global,Kaggle Genomic Repository
Escherichia Coli,Aminoglycoside,Global,Kaggle Genomic Repository
Escherichia Coli,Aminoglycoside,Global,Kaggle Genomic Repository
Escherichia Coli,Aminoglycoside,Global,Kaggle Genomic Repository
Escherichia Coli,Aminoglycoside,Global,Kaggle Genomic Repository
Escherichia Coli,Aminoglycoside,Global,Kaggle Genomic Repository
Escherichia Coli,Aminoglycoside,Global,Kaggle Genomic Repository
Escherichia Coli,Aminoglycoside,Global,Kaggle Genomic Repository
Escherichia Coli,Aminoglycoside,Global,Kaggle Genomic Repository
Escherichia Coli,Aminoglycoside,Global,Kaggle Genomic Repository
Escherichia Coli,Aminoglycoside,Global,Kaggle Genomic Repository
Escherichia Coli,Aminoglycoside,Global,Kaggle Genomic Repository
Escherichia Coli,Aminoglycoside,Global,Kaggle Genomic Repository
Escherichia Coli,Aminoglycoside,Global,Kaggle Genomic Repository
Escherichia Coli,Aminoglycoside,Global,Kaggle Genomic Repository
Escherichia Coli,Aminoglycoside,Global,Kaggle Genomic Repository
Escherichia Coli,Aminoglycoside,Global,Kaggle Genomic Repository
Escherichia Coli,Aminoglycoside,Global,Kaggle Genomic Repository
Escherichia Coli,Aminoglycoside,Global,Kaggle Genomic Repository
Escherichia Coli,Aminoglycoside,Global,Kaggle Genomic Repository
Escherichia Coli,Aminoglycoside,Global,Kaggle Genomic Repository
Escherichia Coli,Aminoglycoside,Global,Kaggle Genomic Repository
Escherichia Coli,Aminoglycoside,Global,Kaggle Genomic Repository
Escherichia Coli,Aminoglycoside,Global,Kaggle Genomic Repository
Escherichia Coli,Aminoglycoside,Global,Kaggle Genomic Repository
Escherichia Coli,Aminoglycoside,Global,Kaggle Genomic Repository
,Aminoglycoside,Global,Kaggle Genomic Repository
Escherichia Coli,Aminoglycoside,Global,Kaggle Genomic Repository
Escherichia Coli,Aminoglycoside,Global,Kaggle Genomic Repository
Escherichia Coli,Aminoglycoside,Global,Kaggle Genomic Repository
Escherichia Coli,Aminoglycoside,Global,Kaggle Genomic Repository
Escherichia Coli,Aminoglycoside,Global,Kaggle Genomic Repository
Escherichia Coli,Aminoglycoside,Global,Kaggle Genomic Repository
Escherichia Coli,Aminoglycoside,Global,Kaggle Genomic Repository
Escherichia Coli,Aminoglycoside,Global,Kaggle Genomic Repository
Escherichia Coli,Aminoglycoside,Global,Kaggle Genomic Repository
Escherichia Coli,Aminoglycoside,Global,Kaggle Genomic Repository
Escherichia Coli,Benzalkonium_Chloride,Global,Kaggle Genomic Repository
Escherichia Coli,Benzalkonium_Chloride,Global,Kaggle Genomic Repository
Escherichia Coli,Benzalkonium_Chloride,Global,Kaggle Genomic Repository
Escherichia Coli,Benzalkonium_Chloride,Global,Kaggle Genomic Repository
Escherichia Coli,Benzalkonium_Chloride,Global,Kaggle Genomic Repository
Escherichia Coli,Benzalkonium_Chloride,Global,Kaggle Genomic Repository
Escherichia Coli,Benzalkonium_Chloride,Global,Kaggle Genomic Repository
Escherichia Coli,Benzalkonium_Chloride,Global,Kaggle Genomic Repository
Escherichia Coli,Benzalkonium_Chloride,Global,Kaggle Genomic Repository
Escherichia Coli,Benzalkonium_Chloride,Global,Kaggle Genomic Repository
Escherichia Coli,Benzalkonium_Chloride,Global,Kaggle Genomic Repository
Escherichia Coli,Benzalkonium_Chloride,Global,Kaggle Genomic Repository
Escherichia Coli,Benzalkonium_Chloride,Global,Kaggle Genomic Repository
Escherichia Coli,Benzalkonium_Chloride,Global,Kaggle Genomic Repository
Escherichia Coli,Benzalkonium_Chloride,Global,Kaggle Genomic Repository
Escherichia Coli,Benzalkonium_Chloride,Global,Kaggle Genomic Repository
Escherichia Coli,Benzalkonium_Chloride,Global,Kaggle Genomic Repository
Escherichia Coli,Benzalkonium_Chloride,Global,Kaggle Genomic Repository
Escherichia Coli,Benzalkonium_Chloride,Global,Kaggle Genomic Repository
Escherichia Coli,Benzalkonium_Chloride,Global,Kaggle Genomic Repository
Escherichia Coli,Benzalkonium_Chloride,Global,Kaggle Genomic Repository
Escherichia Coli,Benzalkonium_Chloride,Global,Kaggle Genomic Repository
Escherichia Coli,Benzalkonium_Chloride,Global,Kaggle Genomic Repository
Escherichia Coli,Benzalkonium_Chloride,Global,Kaggle Genomic Repository
Escherichia Coli,Benzalkonium_Chloride,Global,Kaggle Genomic Repository
Escherichia Coli,Benzalkonium_Chloride,Global,Kaggle Genomic Repository
Escherichia Coli,Benzalkonium_Chloride,Global,Kaggle Genomic Repository
Escherichia Coli,Benzalkonium_Chloride,Global,Kaggle Genomic Repository
Escherichia Coli,Benzalkonium_Chloride,Global,Kaggle Genomic Repository
Escherichia Coli,Benzalkonium_Chloride,Global,Kaggle Genomic Repository
Escherichia Coli,Benzalkonium_Chloride,Global,Kaggle Genomic Repository
Escherichia Coli,Benzalkonium_Chloride,Global,Kaggle Genomic Repository
Escherichia Coli,Benzalkonium_Chloride,Global,Kaggle Genomic Repository
Escherichia Coli,Benzalkonium_Chloride,Global,Kaggle Genomic Repository
Escherichia Coli,Benzalkonium_Chloride,Global,Kaggle Genomic Repository
Escherichia Coli,Benzalkonium_Chloride,Global,Kaggle Genomic Repository
Escherichia Coli,Benzalkonium_Chloride,Global,Kaggle Genomic Repository
Escherichia Coli,Benzalkonium_Chloride,Global,Kaggle Genomic Repository
,Benzalkonium_Chloride,Global,Kaggle Genomic Repository
Escherichia Coli,Benzalkonium_Chloride,Global,Kaggle Genomic Repository
Escherichia Coli,Benzalkonium_Chloride,Global,Kaggle Genomic Repository
Escherichia Coli,Benzalkonium_Chloride,Global,Kaggle Genomic Repository
Escherichia Coli,Benzalkonium_Chloride,Global,Kaggle Genomic Repository
Escherichia Coli,Benzalkonium_Chloride,Global,Kaggle Genomic Repository
Escherichia Coli,Benzalkonium_Chloride,Global,Kaggle Genomic Repository
Escherichia Coli,Benzalkonium_Chloride,Global,Kaggle Genomic Repository
Escherichia Coli,Benzalkonium_Chloride,Global,Kaggle Genomic Repository
Escherichia Coli,Benzalkonium_Chloride,Global,Kaggle Genomic Repository
Escherichia Coli,Benzalkonium_Chloride,Global,Kaggle Genomic Repository
Escherichia Coli,Carbapenem,Global,Kaggle Genomic Repository
Escherichia Coli,Carbapenem,Global,Kaggle Genomic Repository
Escherichia Coli,Carbapenem,Global,Kaggle Genomic Repository
Escherichia Coli,Carbapenem,Global,Kaggle Genomic Repository
Escherichia Coli,Carbapenem,Global,Kaggle Genomic Repository
Escherichia Coli,Carbapenem,Global,Kaggle Genomic Repository
Escherichia Coli,Carbapenem,Global,Kaggle Genomic Repository
Escherichia Coli,Carbapenem,Global,Kaggle Genomic Repository
Escherichia Coli,Carbapenem,Global,Kaggle Genomic Repository
Escherichia Coli,Carbapenem,Global,Kaggle Genomic Repository
Escherichia Coli,Carbapenem,Global,Kaggle Genomic Repository
Escherichia Coli,Carbapenem,Global,Kaggle Genomic Repository
Escherichia Coli,Carbapenem,Global,Kaggle Genomic Repository
Escherichia Coli,Carbapenem,Global,Kaggle Genomic Repository
Escherichia Coli,Carbapenem,Global,Kaggle Genomic Repository
Escherichia Coli,Carbapenem,Global,Kaggle Genomic Repository
Escherichia Coli,Carbapenem,Global,Kaggle Genomic Repository
Escherichia Coli,Carbapenem,Global,Kaggle Genomic Repository
Escherichia Coli,Carbapenem,Global,Kaggle Genomic Repository
Escherichia Coli,Carbapenem,Global,Kaggle Genomic Repository
Escherichia Coli,Carbapenem,Global,Kaggle Genomic Repository
Escherichia Coli,Carbapenem,Global,Kaggle Genomic Repository
Escherichia Coli,Carbapenem,Global,Kaggle Genomic Repository
Escherichia Coli,Carbapenem,Global,Kaggle Genomic Repository
Escherichia Coli,Carbapenem,Global,Kaggle Genomic Repository
Escherichia Coli,Carbapenem,Global,Kaggle Genomic Repository
Escherichia Coli,Carbapenem,Global,Kaggle Genomic Repository
Escherichia Coli,Carbapenem,Global,Kaggle Genomic Repository
Escherichia Coli,Carbapenem,Global,Kaggle Genomic Repository
Escherichia Coli,Carbapenem,Global,Kaggle Genomic Repository
Escherichia Coli,Carbapenem,Global,Kaggle Genomic Repository
Escherichia Coli,Carbapenem,Global,Kaggle Genomic Repository
Escherichia Coli,Carbapenem,Global,Kaggle Genomic Repository
Escherichia Coli,Carbapenem,Global,Kaggle Genomic Repository
Escherichia Coli,Carbapenem,Global,Kaggle Genomic Repository
Escherichia Coli,Carbapenem,Global,Kaggle Genomic Repository
Escherichia Coli,Carbapenem,Global,Kaggle Genomic Repository
Escherichia Coli,Carbapenem,Global,Kaggle Genomic Repository
Escherichia Coli,Carbapenem,Global,Kaggle Genomic Repository
,Carbapenem,Global,Kaggle Genomic Repository
Escherichia Coli,Carbapenem,Global,Kaggle Genomic Repository
Escherichia Coli,Carbapenem,Global,Kaggle Genomic Repository
Escherichia Coli,Carbapenem,Global,Kaggle Genomic Repository
Escherichia Coli,Carbapenem,Global,Kaggle Genomic Repository
Escherichia Coli,Carbapenem,Global,Kaggle Genomic Repository
Escherichia Coli,Carbapenem,Global,Kaggle Genomic Repository
Escherichia Coli,Carbapenem,Global,Kaggle Genomic Repository
Escherichia Coli,Carbapenem,Global,Kaggle Genomic Repository
Escherichia Coli,Carbapenem,Global,Kaggle Genomic Repository
Escherichia Coli,Carbapenem,Global,Kaggle Genomic Repository
Escherichia Coli,Cephalosporin,Global,Kaggle Genomic Repository
Escherichia Coli,Cephalosporin,Global,Kaggle Genomic Repository
Escherichia Coli,Cephalosporin,Global,Kaggle Genomic Repository
Escherichia Coli,Cephalosporin,Global,Kaggle Genomic Repository
Escherichia Coli,Cephalosporin,Global,Kaggle Genomic Repository
Escherichia Coli,Cephalosporin,Global,Kaggle Genomic Repository
Escherichia Coli,Cephalosporin,Global,Kaggle Genomic Repository
Escherichia Coli,Cephalosporin,Global,Kaggle Genomic Repository
Escherichia Coli,Cephalosporin,Global,Kaggle Genomic Repository
Escherichia Coli,Cephalosporin,Global,Kaggle Genomic Repository
Escherichia Coli,Cephalosporin,Global,Kaggle Genomic Repository
Escherichia Coli,Cephalosporin,Global,Kaggle Genomic Repository
Escherichia Coli,Cephalosporin,Global,Kaggle Genomic Repository
Escherichia Coli,Cephalosporin,Global,Kaggle Genomic Repository
Escherichia Coli,Cephalosporin,Global,Kaggle Genomic Repository
Escherichia Coli,Cephalosporin,Global,Kaggle Genomic Repository
Escherichia Coli,Cephalosporin,Global,Kaggle Genomic Repository
Escherichia Coli,Cephalosporin,Global,Kaggle Genomic Repository
Escherichia Coli,Cephalosporin,Global,Kaggle Genomic Repository
Escherichia Coli,Cephalosporin,Global,Kaggle Genomic Repository
Escherichia Coli,Cephalosporin,Global,Kaggle Genomic Repository
Escherichia Coli,Cephalosporin,Global,Kaggle Genomic Repository
Escherichia Coli,Cephalosporin,Global,Kaggle Genomic Repository
Escherichia Coli,Cephalosporin,Global,Kaggle Genomic Repository
Escherichia Coli,Cephalosporin,Global,Kaggle Genomic Repository
Escherichia Coli,Cephalosporin,Global,Kaggle Genomic Repository
Escherichia Coli,Cephalosporin,Global,Kaggle Genomic Repository
Escherichia Coli,Cephalosporin,Global,Kaggle Genomic Repository
Escherichia Coli,Cephalosporin,Global,Kaggle Genomic Repository
Escherichia Coli,Cephalosporin,Global,Kaggle Genomic Repository
Escherichia Coli,Cephalosporin,Global,Kaggle Genomic Repository
Escherichia Coli,Cephalosporin,Global,Kaggle Genomic Repository
Escherichia Coli,Cephalosporin,Global,Kaggle Genomic Repository
Escherichia Coli,Cephalosporin,Global,Kaggle Genomic Repository
Escherichia Coli,Cephalosporin,Global,Kaggle Genomic Repository
Escherichia Coli,Cephalosporin,Global,Kaggle Genomic Repository
Escherichia Coli,Cephalosporin,Global,Kaggle Genomic Repository
Escherichia Coli,Cephalosporin,Global,Kaggle Genomic Repository
Escherichia Coli,Cephalosporin,Global,Kaggle Genomic Repository
,Cephalosporin,Global,Kaggle Genomic Repository
Escherichia Coli,Cephalosporin,Global,Kaggle Genomic Repository
Escherichia Coli,Cephalosporin,Global,Kaggle Genomic Repository
Escherichia Coli,Cephalosporin,Global,Kaggle Genomic Repository
Escherichia Coli,Cephalosporin,Global,Kaggle Genomic Repository
Escherichia Coli,Cephalosporin,Global,Kaggle Genomic Repository
Escherichia Coli,Cephalosporin,Global,Kaggle Genomic Repository
Escherichia Coli,Cephalosporin,Global,Kaggle Genomic Repository
Escherichia Coli,Cephalosporin,Global,Kaggle Genomic Repository
Escherichia Coli,Cephalosporin,Global,Kaggle Genomic Repository
Escherichia Coli,Cephalosporin,Global,Kaggle Genomic Repository
Escherichia Coli,Cephamycin,Global,Kaggle Genomic Repository
Escherichia Coli,Cephamycin,Global,Kaggle Genomic Repository
Escherichia Coli,Cephamycin,Global,Kaggle Genomic Repository
Escherichia Coli,Cephamycin,Global,Kaggle Genomic Repository
Escherichia Coli,Cephamycin,Global,Kaggle Genomic Repository
Escherichia Coli,Cephamycin,Global,Kaggle Genomic Repository
Escherichia Coli,Cephamycin,Global,Kaggle Genomic Repository
Escherichia Coli,Cephamycin,Global,Kaggle Genomic Repository
Escherichia Coli,Cephamycin,Global,Kaggle Genomic Repository
Escherichia Coli,Cephamycin,Global,Kaggle Genomic Repository
Escherichia Coli,Cephamycin,Global,Kaggle Genomic Repository
Escherichia Coli,Cephamycin,Global,Kaggle Genomic Repository
Escherichia Coli,Cephamycin,Global,Kaggle Genomic Repository
Escherichia Coli,Cephamycin,Global,Kaggle Genomic Repository
Escherichia Coli,Cephamycin,Global,Kaggle Genomic Repository
Escherichia Coli,Cephamycin,Global,Kaggle Genomic Repository
Escherichia Coli,Cephamycin,Global,Kaggle Genomic Repository
Escherichia Coli,Cephamycin,Global,Kaggle Genomic Repository
Escherichia Coli,Cephamycin,Global,Kaggle Genomic Repository
Escherichia Coli,Cephamycin,Global,Kaggle Genomic Repository
Escherichia Coli,Cephamycin,Global,Kaggle Genomic Repository
Escherichia Coli,Cephamycin,Global,Kaggle Genomic Repository
Escherichia Coli,Cephamycin,Global,Kaggle Genomic Repository
Escherichia Coli,Cephamycin,Global,Kaggle Genomic Repository
Escherichia Coli,Cephamycin,Global,Kaggle Genomic Repository
Escherichia Coli,Cephamycin,Global,Kaggle Genomic Repository
Escherichia Coli,Cephamycin,Global,Kaggle Genomic Repository
Escherichia Coli,Cephamycin,Global,Kaggle Genomic Repository
Escherichia Coli,Cephamycin,Global,Kaggle Genomic Repository
Escherichia Coli,Cephamycin,Global,Kaggle Genomic Repository
Escherichia Coli,Cephamycin,Global,Kaggle Genomic Repository
Escherichia Coli,Cephamycin,Global,Kaggle Genomic Repository
Escherichia Coli,Cephamycin,Global,Kaggle Genomic Repository
Escherichia Coli,Cephamycin,Global,Kaggle Genomic Repository
Escherichia Coli,Cephamycin,Global,Kaggle Genomic Repository
Escherichia Coli,Cephamycin,Global,Kaggle Genomic Repository
Escherichia Coli,Cephamycin,Global,Kaggle Genomic Repository
Escherichia Coli,Cephamycin,Global,Kaggle Genomic Repository
Escherichia Coli,Cephamycin,Global,Kaggle Genomic Repository
,Cephamycin,Global,Kaggle Genomic Repository
Escherichia Coli,Cephamycin,Global,Kaggle Genomic Repository
Escherichia Coli,Cephamycin,Global,Kaggle Genomic Repository
Escherichia Coli,Cephamycin,Global,Kaggle Genomic Repository
Escherichia Coli,Cephamycin,Global,Kaggle Genomic Repository
Escherichia Coli,Cephamycin,Global,Kaggle Genomic Repository
Escherichia Coli,Cephamycin,Global,Kaggle Genomic Repository
Escherichia Coli,Cephamycin,Global,Kaggle Genomic Repository
Escherichia Coli,Cephamycin,Global,Kaggle Genomic Repository
Escherichia Coli,Cephamycin,Global,Kaggle Genomic Repository
Escherichia Coli,Cephamycin,Global,Kaggle Genomic Repository
Escherichia Coli,Diaminopyrimidine,Global,Kaggle Genomic Repository
Escherichia Coli,Fluoroquinolone,Global,Kaggle Genomic Repository
Escherichia Coli,Fluoroquinolone,Global,Kaggle Genomic Repository
Escherichia Coli,Fluoroquinolone,Global,Kaggle Genomic Repository
Escherichia Coli,Fluoroquinolone,Global,Kaggle Genomic Repository
Escherichia Coli,Fluoroquinolone,Global,Kaggle Genomic Repository
Escherichia Coli,Fluoroquinolone,Global,Kaggle Genomic Repository
Escherichia Coli,Fluoroquinolone,Global,Kaggle Genomic Repository
Escherichia Coli,Fluoroquinolone,Global,Kaggle Genomic Repository
Escherichia Coli,Fluoroquinolone,Global,Kaggle Genomic Repository
Escherichia Coli,Fluoroquinolone,Global,Kaggle Genomic Repository
Escherichia Coli,Fluoroquinolone,Global,Kaggle Genomic Repository
Escherichia Coli,Fluoroquinolone,Global,Kaggle Genomic Repository
Escherichia Coli,Fluoroquinolone,Global,Kaggle Genomic Repository
Escherichia Coli,Fluoroquinolone,Global,Kaggle Genomic Repository
Escherichia Coli,Fluoroquinolone,Global,Kaggle Genomic Repository
Escherichia Coli,Fluoroquinolone,Global,Kaggle Genomic Repository
Escherichia Coli,Fluoroquinolone,Global,Kaggle Genomic Repository
Escherichia Coli,Fluoroquinolone,Global,Kaggle Genomic Repository
Escherichia Coli,Fluoroquinolone,Global,Kaggle Genomic Repository
Escherichia Coli,Fluoroquinolone,Global,Kaggle Genomic Repository
Escherichia Coli,Fluoroquinolone,Global,Kaggle Genomic Repository
Escherichia Coli,Fluoroquinolone,Global,Kaggle Genomic Repository
Escherichia Coli,Fluoroquinolone,Global,Kaggle Genomic Repository
Escherichia Coli,Fluoroquinolone,Global,Kaggle Genomic Repository
Escherichia Coli,Fluoroquinolone,Global,Kaggle Genomic Repository
Escherichia Coli,Fluoroquinolone,Global,Kaggle Genomic Repository
Escherichia Coli,Fluoroquinolone,Global,Kaggle Genomic Repository
Escherichia Coli,Fluoroquinolone,Global,Kaggle Genomic Repository
Escherichia Coli,Fluoroquinolone,Global,Kaggle Genomic Repository
Escherichia Coli,Fluoroquinolone,Global,Kaggle Genomic Repository
Escherichia Coli,Fluoroquinolone,Global,Kaggle Genomic Repository
Escherichia Coli,Fluoroquinolone,Global,Kaggle Genomic Repository
Escherichia Coli,Fluoroquinolone,Global,Kaggle Genomic Repository
Escherichia Coli,Fluoroquinolone,Global,Kaggle Genomic Repository
Escherichia Coli,Fluoroquinolone,Global,Kaggle Genomic Repository
Escherichia Coli,Fluoroquinolone,Global,Kaggle Genomic Repository
Escherichia Coli,Fluoroquinolone,Global,Kaggle Genomic Repository
Escherichia Coli,Fluoroquinolone,Global,Kaggle Genomic Repository
Escherichia Coli,Fluoroquinolone,Global,Kaggle Genomic Repository
,Fluoroquinolone,Global,Kaggle Genomic Repository
Escherichia Coli,Fluoroquinolone,Global,Kaggle Genomic Repository
Escherichia Coli,Fluoroquinolone,Global,Kaggle Genomic Repository
Escherichia Coli,Fluoroquinolone,Global,Kaggle Genomic Repository
Escherichia Coli,Fluoroquinolone,Global,Kaggle Genomic Repository
Escherichia Coli,Fluoroquinolone,Global,Kaggle Genomic Repository
Escherichia Coli,Fluoroquinolone,Global,Kaggle Genomic Repository
Escherichia Coli,Fluoroquinolone,Global,Kaggle Genomic Repository
Escherichia Coli,Fluoroquinolone,Global,Kaggle Genomic Repository
Escherichia Coli,Fluoroquinolone,Global,Kaggle Genomic Repository
Escherichia Coli,Fluoroquinolone,Global,Kaggle Genomic Repository
Escherichia Coli,Fosfomycin,Global,Kaggle Genomic Repository
Escherichia Coli,Fosfomycin,Global,Kaggle Genomic Repository
Escherichia Coli,Fosfomycin,Global,Kaggle Genomic Repository
Escherichia Coli,Fosfomycin,Global,Kaggle Genomic Repository
Escherichia Coli,Fosfomycin,Global,Kaggle Genomic Repository
Escherichia Coli,Fosfomycin,Global,Kaggle Genomic Repository
Escherichia Coli,Fosfomycin,Global,Kaggle Genomic Repository
Escherichia Coli,Fosfomycin,Global,Kaggle Genomic Repository
Escherichia Coli,Fosfomycin,Global,Kaggle Genomic Repository
Escherichia Coli,Fosfomycin,Global,Kaggle Genomic Repository
Escherichia Coli,Fosfomycin,Global,Kaggle Genomic Repository
Escherichia Coli,Fosfomycin,Global,Kaggle Genomic Repository
Escherichia Coli,Fosfomycin,Global,Kaggle Genomic Repository
Escherichia Coli,Fosfomycin,Global,Kaggle Genomic Repository
Escherichia Coli,Fosfomycin,Global,Kaggle Genomic Repository
Escherichia Coli,Fosfomycin,Global,Kaggle Genomic Repository
Escherichia Coli,Fosfomycin,Global,Kaggle Genomic Repository
Escherichia Coli,Fosfomycin,Global,Kaggle Genomic Repository
Escherichia Coli,Fosfomycin,Global,Kaggle Genomic Repository
Escherichia Coli,Fosfomycin,Global,Kaggle Genomic Repository
Escherichia Coli,Fosfomycin,Global,Kaggle Genomic Repository
Escherichia Coli,Fosfomycin,Global,Kaggle Genomic Repository
Escherichia Coli,Fosfomycin,Global,Kaggle Genomic Repository
Escherichia Coli,Fosfomycin,Global,Kaggle Genomic Repository
Escherichia Coli,Fosfomycin,Global,Kaggle Genomic Repository
Escherichia Coli,Fosfomycin,Global,Kaggle Genomic Repository
Escherichia Coli,Fosfomycin,Global,Kaggle Genomic Repository
Escherichia Coli,Fosfomycin,Global,Kaggle Genomic Repository
Escherichia Coli,Fosfomycin,Global,Kaggle Genomic Repository
Escherichia Coli,Fosfomycin,Global,Kaggle Genomic Repository
Escherichia Coli,Fosfomycin,Global,Kaggle Genomic Repository
Escherichia Coli,Fosfomycin,Global,Kaggle Genomic Repository
Escherichia Coli,Fosfomycin,Global,Kaggle Genomic Repository
Escherichia Coli,Fosfomycin,Global,Kaggle Genomic Repository
Escherichia Coli,Fosfomycin,Global,Kaggle Genomic Repository
Escherichia Coli,Fosfomycin,Global,Kaggle Genomic Repository
Escherichia Coli,Fosfomycin,Global,Kaggle Genomic Repository
Escherichia Coli,Fosfomycin,Global,Kaggle Genomic Repository
Escherichia Coli,Fosfomycin,Global,Kaggle Genomic Repository
,Fosfomycin,Global,Kaggle Genomic Repository
Escherichia Coli,Fosfomycin,Global,Kaggle Genomic Repository
Escherichia Coli,Fosfomycin,Global,Kaggle Genomic Repository
Escherichia Coli,Fosfomycin,Global,Kaggle Genomic Repository
Escherichia Coli,Fosfomycin,Global,Kaggle Genomic Repository
Escherichia Coli,Fosfomycin,Global,Kaggle Genomic Repository
Escherichia Coli,Fosfomycin,Global,Kaggle Genomic Repository
Escherichia Coli,Fosfomycin,Global,Kaggle Genomic Repository
Escherichia Coli,Fosfomycin,Global,Kaggle Genomic Repository
Escherichia Coli,Fosfomycin,Global,Kaggle Genomic Repository
Escherichia Coli,Fosfomycin,Global,Kaggle Genomic Repository
Escherichia Coli,Glycylcycline,Global,Kaggle Genomic Repository
Escherichia Coli,Glycylcycline,Global,Kaggle Genomic Repository
Escherichia Coli,Glycylcycline,Global,Kaggle Genomic Repository
Escherichia Coli,Glycylcycline,Global,Kaggle Genomic Repository
Escherichia Coli,Glycylcycline,Global,Kaggle Genomic Repository
Escherichia Coli,Glycylcycline,Global,Kaggle Genomic Repository
Escherichia Coli,Glycylcycline,Global,Kaggle Genomic Repository
Escherichia Coli,Glycylcycline,Global,Kaggle Genomic Repository
Escherichia Coli,Glycylcycline,Global,Kaggle Genomic Repository
Escherichia Coli,Glycylcycline,Global,Kaggle Genomic Repository
Escherichia Coli,Glycylcycline,Global,Kaggle Genomic Repository
Escherichia Coli,Glycylcycline,Global,Kaggle Genomic Repository
Escherichia Coli,Glycylcycline,Global,Kaggle Genomic Repository
Escherichia Coli,Glycylcycline,Global,Kaggle Genomic Repository
Escherichia Coli,Glycylcycline,Global,Kaggle Genomic Repository
Escherichia Coli,Glycylcycline,Global,Kaggle Genomic Repository
Escherichia Coli,Glycylcycline,Global,Kaggle Genomic Repository
Escherichia Coli,Glycylcycline,Global,Kaggle Genomic Repository
Escherichia Coli,Glycylcycline,Global,Kaggle Genomic Repository
Escherichia Coli,Glycylcycline,Global,Kaggle Genomic Repository
Escherichia Coli,Glycylcycline,Global,Kaggle Genomic Repository
Escherichia Coli,Glycylcycline,Global,Kaggle Genomic Repository
Escherichia Coli,Glycylcycline,Global,Kaggle Genomic Repository
Escherichia Coli,Glycylcycline,Global,Kaggle Genomic Repository
Escherichia Coli,Glycylcycline,Global,Kaggle Genomic Repository
Escherichia Coli,Glycylcycline,Global,Kaggle Genomic Repository
Escherichia Coli,Glycylcycline,Global,Kaggle Genomic Repository
Escherichia Coli,Glycylcycline,Global,Kaggle Genomic Repository
Escherichia Coli,Glycylcycline,Global,Kaggle Genomic Repository
Escherichia Coli,Glycylcycline,Global,Kaggle Genomic Repository
Escherichia Coli,Glycylcycline,Global,Kaggle Genomic Repository
Escherichia Coli,Glycylcycline,Global,Kaggle Genomic Repository
Escherichia Coli,Glycylcycline,Global,Kaggle Genomic Repository
Escherichia Coli,Glycylcycline,Global,Kaggle Genomic Repository
Escherichia Coli,Glycylcycline,Global,Kaggle Genomic Repository
Escherichia Coli,Glycylcycline,Global,Kaggle Genomic Repository
Escherichia Coli,Glycylcycline,Global,Kaggle Genomic Repository
Escherichia Coli,Glycylcycline,Global,Kaggle Genomic Repository
Escherichia Coli,Glycylcycline,Global,Kaggle Genomic Repository
,Glycylcycline,Global,Kaggle Genomic Repository
Escherichia Coli,Glycylcycline,Global,Kaggle Genomic Repository
Escherichia Coli,Glycylcycline,Global,Kaggle Genomic Repository
Escherichia Coli,Glycylcycline,Global,Kaggle Genomic Repository
Escherichia Coli,Glycylcycline,Global,Kaggle Genomic Repository
Escherichia Coli,Glycylcycline,Global,Kaggle Genomic Repository
Escherichia Coli,Glycylcycline,Global,Kaggle Genomic Repository
Escherichia Coli,Glycylcycline,Global,Kaggle Genomic Repository
Escherichia Coli,Glycylcycline,Global,Kaggle Genomic Repository
Escherichia Coli,Glycylcycline,Global,Kaggle Genomic Repository
Escherichia Coli,Glycylcycline,Global,Kaggle Genomic Repository
Escherichia Coli,Lincosamide,Global,Kaggle Genomic Repository
Escherichia Coli,Lincosamide,Global,Kaggle Genomic Repository
Escherichia Coli,Lincosamide,Global,Kaggle Genomic Repository
Escherichia Coli,Lincosamide,Global,Kaggle Genomic Repository
Escherichia Coli,Lincosamide,Global,Kaggle Genomic Repository
Escherichia Coli,Lincosamide,Global,Kaggle Genomic Repository
Escherichia Coli,Lincosamide,Global,Kaggle Genomic Repository
Escherichia Coli,Lincosamide,Global,Kaggle Genomic Repository
Escherichia Coli,Lincosamide,Global,Kaggle Genomic Repository
Escherichia Coli,Lincosamide,Global,Kaggle Genomic Repository
Escherichia Coli,Lincosamide,Global,Kaggle Genomic Repository
Escherichia Coli,Lincosamide,Global,Kaggle Genomic Repository
Escherichia Coli,Lincosamide,Global,Kaggle Genomic Repository
Escherichia Coli,Lincosamide,Global,Kaggle Genomic Repository
Escherichia Coli,Lincosamide,Global,Kaggle Genomic Repository
Escherichia Coli,Lincosamide,Global,Kaggle Genomic Repository
Escherichia Coli,Lincosamide,Global,Kaggle Genomic Repository
Escherichia Coli,Lincosamide,Global,Kaggle Genomic Repository
Escherichia Coli,Lincosamide,Global,Kaggle Genomic Repository
Escherichia Coli,Lincosamide,Global,Kaggle Genomic Repository
Escherichia Coli,Lincosamide,Global,Kaggle Genomic Repository
Escherichia Coli,Lincosamide,Global,Kaggle Genomic Repository
Escherichia Coli,Lincosamide,Global,Kaggle Genomic Repository
Escherichia Coli,Lincosamide,Global,Kaggle Genomic Repository
Escherichia Coli,Lincosamide,Global,Kaggle Genomic Repository
Escherichia Coli,Lincosamide,Global,Kaggle Genomic Repository
Escherichia Coli,Lincosamide,Global,Kaggle Genomic Repository
Escherichia Coli,Lincosamide,Global,Kaggle Genomic Repository
Escherichia Coli,Lincosamide,Global,Kaggle Genomic Repository
Escherichia Coli,Lincosamide,Global,Kaggle Genomic Repository
Escherichia Coli,Lincosamide,Global,Kaggle Genomic Repository
Escherichia Coli,Lincosamide,Global,Kaggle Genomic Repository
Escherichia Coli,Lincosamide,Global,Kaggle Genomic Repository
Escherichia Coli,Lincosamide,Global,Kaggle Genomic Repository
Escherichia Coli,Lincosamide,Global,Kaggle Genomic Repository
Escherichia Coli,Lincosamide,Global,Kaggle Genomic Repository
Escherichia Coli,Lincosamide,Global,Kaggle Genomic Repository
Escherichia Coli,Lincosamide,Global,Kaggle Genomic Repository
,Lincosamide,Global,Kaggle Genomic Repository
Escherichia Coli,Lincosamide,Global,Kaggle Genomic Repository
Escherichia Coli,Lincosamide,Global,Kaggle Genomic Repository
Escherichia Coli,Lincosamide,Global,Kaggle Genomic Repository
Escherichia Coli,Lincosamide,Global,Kaggle Genomic Repository
Escherichia Coli,Lincosamide,Global,Kaggle Genomic Repository
Escherichia Coli,Lincosamide,Global,Kaggle Genomic Repository
Escherichia Coli,Lincosamide,Global,Kaggle Genomic Repository
Escherichia Coli,Lincosamide,Global,Kaggle Genomic Repository
Escherichia Coli,Lincosamide,Global,Kaggle Genomic Repository
Escherichia Coli,Lincosamide,Global,Kaggle Genomic Repository
Escherichia Coli,Macrolide,Global,Kaggle Genomic Repository
Escherichia Coli,Macrolide,Global,Kaggle Genomic Repository
Escherichia Coli,Macrolide,Global,Kaggle Genomic Repository
Escherichia Coli,Macrolide,Global,Kaggle Genomic Repository
Escherichia Coli,Macrolide,Global,Kaggle Genomic Repository
Escherichia Coli,Macrolide,Global,Kaggle Genomic Repository
Escherichia Coli,Macrolide,Global,Kaggle Genomic Repository
Escherichia Coli,Macrolide,Global,Kaggle Genomic Repository
Escherichia Coli,Macrolide,Global,Kaggle Genomic Repository
Escherichia Coli,Macrolide,Global,Kaggle Genomic Repository
Escherichia Coli,Macrolide,Global,Kaggle Genomic Repository
Escherichia Coli,Macrolide,Global,Kaggle Genomic Repository
Escherichia Coli,Macrolide,Global,Kaggle Genomic Repository
Escherichia Coli,Macrolide,Global,Kaggle Genomic Repository
Escherichia Coli,Macrolide,Global,Kaggle Genomic Repository
Escherichia Coli,Macrolide,Global,Kaggle Genomic Repository
Escherichia Coli,Macrolide,Global,Kaggle Genomic Repository
Escherichia Coli,Macrolide,Global,Kaggle Genomic Repository
Escherichia Coli,Macrolide,Global,Kaggle Genomic Repository
Escherichia Coli,Macrolide,Global,Kaggle Genomic Repository
Escherichia Coli,Macrolide,Global,Kaggle Genomic Repository
Escherichia Coli,Macrolide,Global,Kaggle Genomic Repository
Escherichia Coli,Macrolide,Global,Kaggle Genomic Repository
Escherichia Coli,Macrolide,Global,Kaggle Genomic Repository
Escherichia Coli,Macrolide,Global,Kaggle Genomic Repository
Escherichia Coli,Macrolide,Global,Kaggle Genomic Repository
Escherichia Coli,Macrolide,Global,Kaggle Genomic Repository
Escherichia Coli,Macrolide,Global,Kaggle Genomic Repository
Escherichia Coli,Macrolide,Global,Kaggle Genomic Repository
Escherichia Coli,Macrolide,Global,Kaggle Genomic Repository
Escherichia Coli,Macrolide,Global,Kaggle Genomic Repository
Escherichia Coli,Macrolide,Global,Kaggle Genomic Repository
Escherichia Coli,Macrolide,Global,Kaggle Genomic Repository
Escherichia Coli,Macrolide,Global,Kaggle Genomic Repository
Escherichia Coli,Macrolide,Global,Kaggle Genomic Repository
Escherichia Coli,Macrolide,Global,Kaggle Genomic Repository
Escherichia Coli,Macrolide,Global,Kaggle Genomic Repository
Escherichia Coli,Macrolide,Global,Kaggle Genomic Repository
Escherichia Coli,Macrolide,Global,Kaggle Genomic Repository
,Macrolide,Global,Kaggle Genomic Repository
Escherichia Coli,Macrolide,Global,Kaggle Genomic Repository
Escherichia Coli,Macrolide,Global,Kaggle Genomic Repository
Escherichia Coli,Macrolide,Global,Kaggle Genomic Repository
Escherichia Coli,Macrolide,Global,Kaggle Genomic Repository
Escherichia Coli,Macrolide,Global,Kaggle Genomic Repository
Escherichia Coli,Macrolide,Global,Kaggle Genomic Repository
Escherichia Coli,Macrolide,Global,Kaggle Genomic Repository
Escherichia Coli,Macrolide,Global,Kaggle Genomic Repository
Escherichia Coli,Macrolide,Global,Kaggle Genomic Repository
Escherichia Coli,Macrolide,Global,Kaggle Genomic Repository
Escherichia Coli,Monobactam,Global,Kaggle Genomic Repository
Escherichia Coli,Monobactam,Global,Kaggle Genomic Repository
Escherichia Coli,Monobactam,Global,Kaggle Genomic Repository
Escherichia Coli,Monobactam,Global,Kaggle Genomic Repository
Escherichia Coli,Monobactam,Global,Kaggle Genomic Repository
Escherichia Coli,Monobactam,Global,Kaggle Genomic Repository
Escherichia Coli,Monobactam,Global,Kaggle Genomic Repository
Escherichia Coli,Monobactam,Global,Kaggle Genomic Repository
Escherichia Coli,Monobactam,Global,Kaggle Genomic Repository
Escherichia Coli,Monobactam,Global,Kaggle Genomic Repository
Escherichia Coli,Monobactam,Global,Kaggle Genomic Repository
Escherichia Coli,Monobactam,Global,Kaggle Genomic Repository
Escherichia Coli,Monobactam,Global,Kaggle Genomic Repository
Escherichia Coli,Monobactam,Global,Kaggle Genomic Repository
Escherichia Coli,Monobactam,Global,Kaggle Genomic Repository
Escherichia Coli,Monobactam,Global,Kaggle Genomic Repository
Escherichia Coli,Monobactam,Global,Kaggle Genomic Repository
Escherichia Coli,Monobactam,Global,Kaggle Genomic Repository
Escherichia Coli,Monobactam,Global,Kaggle Genomic Repository
Escherichia Coli,Monobactam,Global,Kaggle Genomic Repository
Escherichia Coli,Monobactam,Global,Kaggle Genomic Repository
Escherichia Coli,Monobactam,Global,Kaggle Genomic Repository
Escherichia Coli,Monobactam,Global,Kaggle Genomic Repository
Escherichia Coli,Monobactam,Global,Kaggle Genomic Repository
Escherichia Coli,Monobactam,Global,Kaggle Genomic Repository
Escherichia Coli,Monobactam,Global,Kaggle Genomic Repository
Escherichia Coli,Monobactam,Global,Kaggle Genomic Repository
Escherichia Coli,Monobactam,Global,Kaggle Genomic Repository
Escherichia Coli,Monobactam,Global,Kaggle Genomic Repository
Escherichia Coli,Monobactam,Global,Kaggle Genomic Repository
Escherichia Coli,Monobactam,Global,Kaggle Genomic Repository
Escherichia Coli,Monobactam,Global,Kaggle Genomic Repository
Escherichia Coli,Monobactam,Global,Kaggle Genomic Repository
Escherichia Coli,Monobactam,Global,Kaggle Genomic Repository
Escherichia Coli,Monobactam,Global,Kaggle Genomic Repository
Escherichia Coli,Monobactam,Global,Kaggle Genomic Repository
Escherichia Coli,Monobactam,Global,Kaggle Genomic Repository
Escherichia Coli,Monobactam,Global,Kaggle Genomic Repository
Escherichia Coli,Monobactam,Global,Kaggle Genomic Repository
,Monobactam,Global,Kaggle Genomic Repository
Escherichia Coli,Monobactam,Global,Kaggle Genomic Repository
Escherichia Coli,Monobactam,Global,Kaggle Genomic Repository
Escherichia Coli,Monobactam,Global,Kaggle Genomic Repository
Escherichia Coli,Monobactam,Global,Kaggle Genomic Repository
Escherichia Coli,Monobactam,Global,Kaggle Genomic Repository
Escherichia Coli,Monobactam,Global,Kaggle Genomic Repository
Escherichia Coli,Monobactam,Global,Kaggle Genomic Repository
Escherichia Coli,Monobactam,Global,Kaggle Genomic Repository
Escherichia Coli,Monobactam,Global,Kaggle Genomic Repository
Escherichia Coli,Monobactam,Global,Kaggle Genomic Repository
Escherichia Coli,Nitroimidazole,Global,Kaggle Genomic Repository
Escherichia Coli,Nitroimidazole,Global,Kaggle Genomic Repository
Escherichia Coli,Nitroimidazole,Global,Kaggle Genomic Repository
Escherichia Coli,Nitroimidazole,Global,Kaggle Genomic Repository
Escherichia Coli,Nitroimidazole,Global,Kaggle Genomic Repository
Escherichia Coli,Nitroimidazole,Global,Kaggle Genomic Repository
Escherichia Coli,Nitroimidazole,Global,Kaggle Genomic Repository
Escherichia Coli,Nitroimidazole,Global,Kaggle Genomic Repository
Escherichia Coli,Nitroimidazole,Global,Kaggle Genomic Repository
Escherichia Coli,Nitroimidazole,Global,Kaggle Genomic Repository
Escherichia Coli,Nitroimidazole,Global,Kaggle Genomic Repository
Escherichia Coli,Nitroimidazole,Global,Kaggle Genomic Repository
Escherichia Coli,Nitroimidazole,Global,Kaggle Genomic Repository
Escherichia Coli,Nitroimidazole,Global,Kaggle Genomic Repository
Escherichia Coli,Nitroimidazole,Global,Kaggle Genomic Repository
Escherichia Coli,Nitroimidazole,Global,Kaggle Genomic Repository
Escherichia Coli,Nitroimidazole,Global,Kaggle Genomic Repository
Escherichia Coli,Nitroimidazole,Global,Kaggle Genomic Repository
Escherichia Coli,Nitroimidazole,Global,Kaggle Genomic Repository
Escherichia Coli,Nitroimidazole,Global,Kaggle Genomic Repository
Escherichia Coli,Nitroimidazole,Global,Kaggle Genomic Repository
Escherichia Coli,Nitroimidazole,Global,Kaggle Genomic Repository
Escherichia Coli,Nitroimidazole,Global,Kaggle Genomic Repository
Escherichia Coli,Nitroimidazole,Global,Kaggle Genomic Repository
Escherichia Coli,Nitroimidazole,Global,Kaggle Genomic Repository
Escherichia Coli,Nitroimidazole,Global,Kaggle Genomic Repository
Escherichia Coli,Nitroimidazole,Global,Kaggle Genomic Repository
Escherichia Coli,Nitroimidazole,Global,Kaggle Genomic Repository
Escherichia Coli,Nitroimidazole,Global,Kaggle Genomic Repository
Escherichia Coli,Nitroimidazole,Global,Kaggle Genomic Repository
Escherichia Coli,Nitroimidazole,Global,Kaggle Genomic Repository
Escherichia Coli,Nitroimidazole,Global,Kaggle Genomic Repository
Escherichia Coli,Nitroimidazole,Global,Kaggle Genomic Repository
Escherichia Coli,Nitroimidazole,Global,Kaggle Genomic Repository
Escherichia Coli,Nitroimidazole,Global,Kaggle Genomic Repository
Escherichia Coli,Nitroimidazole,Global,Kaggle Genomic Repository
Escherichia Coli,Nitroimidazole,Global,Kaggle Genomic Repository
Escherichia Coli,Nitroimidazole,Global,Kaggle Genomic Repository
Escherichia Coli,Nitroimidazole,Global,Kaggle Genomic Repository
,Nitroimidazole,Global,Kaggle Genomic Repository
Escherichia Coli,Nitroimidazole,Global,Kaggle Genomic Repository
Escherichia Coli,Nitroimidazole,Global,Kaggle Genomic Repository
Escherichia Coli,Nitroimidazole,Global,Kaggle Genomic Repository
Escherichia Coli,Nitroimidazole,Global,Kaggle Genomic Repository
Escherichia Coli,Nitroimidazole,Global,Kaggle Genomic Repository
Escherichia Coli,Nitroimidazole,Global,Kaggle Genomic Repository
Escherichia Coli,Nitroimidazole,Global,Kaggle Genomic Repository
Escherichia Coli,Nitroimidazole,Global,Kaggle Genomic Repository
Escherichia Coli,Nitroimidazole,Global,Kaggle Genomic Repository
Escherichia Coli,Nitroimidazole,Global,Kaggle Genomic Repository
Escherichia Coli,Nucleoside,Global,Kaggle Genomic Repository
Escherichia Coli,Nucleoside,Global,Kaggle Genomic Repository
Escherichia Coli,Nucleoside,Global,Kaggle Genomic Repository
Escherichia Coli,Nucleoside,Global,Kaggle Genomic Repository
Escherichia Coli,Nucleoside,Global,Kaggle Genomic Repository
Escherichia Coli,Nucleoside,Global,Kaggle Genomic Repository
Escherichia Coli,Nucleoside,Global,Kaggle Genomic Repository
Escherichia Coli,Nucleoside,Global,Kaggle Genomic Repository
Escherichia Coli,Nucleoside,Global,Kaggle Genomic Repository
Escherichia Coli,Nucleoside,Global,Kaggle Genomic Repository
Escherichia Coli,Nucleoside,Global,Kaggle Genomic Repository
Escherichia Coli,Nucleoside,Global,Kaggle Genomic Repository
Escherichia Coli,Nucleoside,Global,Kaggle Genomic Repository
Escherichia Coli,Nucleoside,Global,Kaggle Genomic Repository
Escherichia Coli,Nucleoside,Global,Kaggle Genomic Repository
Escherichia Coli,Nucleoside,Global,Kaggle Genomic Repository
Escherichia Coli,Nucleoside,Global,Kaggle Genomic Repository
Escherichia Coli,Nucleoside,Global,Kaggle Genomic Repository
Escherichia Coli,Nucleoside,Global,Kaggle Genomic Repository
Escherichia Coli,Nucleoside,Global,Kaggle Genomic Repository
Escherichia Coli,Nucleoside,Global,Kaggle Genomic Repository
Escherichia Coli,Nucleoside,Global,Kaggle Genomic Repository
Escherichia Coli,Nucleoside,Global,Kaggle Genomic Repository
Escherichia Coli,Nucleoside,Global,Kaggle Genomic Repository
Escherichia Coli,Nucleoside,Global,Kaggle Genomic Repository
Escherichia Coli,Nucleoside,Global,Kaggle Genomic Repository
Escherichia Coli,Nucleoside,Global,Kaggle Genomic Repository
Escherichia Coli,Nucleoside,Global,Kaggle Genomic Repository
Escherichia Coli,Nucleoside,Global,Kaggle Genomic Repository
Escherichia Coli,Nucleoside,Global,Kaggle Genomic Repository
Escherichia Coli,Nucleoside,Global,Kaggle Genomic Repository
Escherichia Coli,Nucleoside,Global,Kaggle Genomic Repository
Escherichia Coli,Nucleoside,Global,Kaggle Genomic Repository
Escherichia Coli,Nucleoside,Global,Kaggle Genomic Repository
Escherichia Coli,Nucleoside,Global,Kaggle Genomic Repository
Escherichia Coli,Nucleoside,Global,Kaggle Genomic Repository
Escherichia Coli,Nucleoside,Global,Kaggle Genomic Repository
Escherichia Coli,Nucleoside,Global,Kaggle Genomic Repository
Escherichia Coli,Nucleoside,Global,Kaggle Genomic Repository
,Nucleoside,Global,Kaggle Genomic Repository
Escherichia Coli,Nucleoside,Global,Kaggle Genomic Repository
Escherichia Coli,Nucleoside,Global,Kaggle Genomic Repository
Escherichia Coli,Nucleoside,Global,Kaggle Genomic Repository
Escherichia Coli,Nucleoside,Global,Kaggle Genomic Repository
Escherichia Coli,Nucleoside,Global,Kaggle Genomic Repository
Escherichia Coli,Nucleoside,Global,Kaggle Genomic Repository
Escherichia Coli,Nucleoside,Global,Kaggle Genomic Repository
Escherichia Coli,Nucleoside,Global,Kaggle Genomic Repository
Escherichia Coli,Nucleoside,Global,Kaggle Genomic Repository
Escherichia Coli,Nucleoside,Global,Kaggle Genomic Repository
Escherichia Coli,Penam,Global,Kaggle Genomic Repository
Escherichia Coli,Penam,Global,Kaggle Genomic Repository
Escherichia Coli,Penam,Global,Kaggle Genomic Repository
Escherichia Coli,Penam,Global,Kaggle Genomic Repository
Escherichia Coli,Penam,Global,Kaggle Genomic Repository
Escherichia Coli,Penam,Global,Kaggle Genomic Repository
Escherichia Coli,Penam,Global,Kaggle Genomic Repository
Escherichia Coli,Penam,Global,Kaggle Genomic Repository
Escherichia Coli,Penam,Global,Kaggle Genomic Repository
Escherichia Coli,Penam,Global,Kaggle Genomic Repository
Escherichia Coli,Penam,Global,Kaggle Genomic Repository
Escherichia Coli,Penam,Global,Kaggle Genomic Repository
Escherichia Coli,Penam,Global,Kaggle Genomic Repository
Escherichia Coli,Penam,Global,Kaggle Genomic Repository
Escherichia Coli,Penam,Global,Kaggle Genomic Repository
Escherichia Coli,Penam,Global,Kaggle Genomic Repository
Escherichia Coli,Penam,Global,Kaggle Genomic Repository
Escherichia Coli,Penam,Global,Kaggle Genomic Repository
Escherichia Coli,Penam,Global,Kaggle Genomic Repository
Escherichia Coli,Penam,Global,Kaggle Genomic Repository
Escherichia Coli,Penam,Global,Kaggle Genomic Repository
Escherichia Coli,Penam,Global,Kaggle Genomic Repository
Escherichia Coli,Penam,Global,Kaggle Genomic Repository
Escherichia Coli,Penam,Global,Kaggle Genomic Repository
Escherichia Coli,Penam,Global,Kaggle Genomic Repository
Escherichia Coli,Penam,Global,Kaggle Genomic Repository
Escherichia Coli,Penam,Global,Kaggle Genomic Repository
Escherichia Coli,Penam,Global,Kaggle Genomic Repository
Escherichia Coli,Penam,Global,Kaggle Genomic Repository
Escherichia Coli,Penam,Global,Kaggle Genomic Repository
Escherichia Coli,Penam,Global,Kaggle Genomic Repository
Escherichia Coli,Penam,Global,Kaggle Genomic Repository
Escherichia Coli,Penam,Global,Kaggle Genomic Repository
Escherichia Coli,Penam,Global,Kaggle Genomic Repository
Escherichia Coli,Penam,Global,Kaggle Genomic Repository
Escherichia Coli,Penam,Global,Kaggle Genomic Repository
Escherichia Coli,Penam,Global,Kaggle Genomic Repository
Escherichia Coli,Penam,Global,Kaggle Genomic Repository
Escherichia Coli,Penam,Global,Kaggle Genomic Repository
,Penam,Global,Kaggle Genomic Repository
Escherichia Coli,Penam,Global,Kaggle Genomic Repository
Escherichia Coli,Penam,Global,Kaggle Genomic Repository
Escherichia Coli,Penam,Global,Kaggle Genomic Repository
Escherichia Coli,Penam,Global,Kaggle Genomic Repository
Escherichia Coli,Penam,Global,Kaggle Genomic Repository
Escherichia Coli,Penam,Global,Kaggle Genomic Repository
Escherichia Coli,Penam,Global,Kaggle Genomic Repository
Escherichia Coli,Penam,Global,Kaggle Genomic Repository
Escherichia Coli,Penam,Global,Kaggle Genomic Repository
Escherichia Coli,Penam,Global,Kaggle Genomic Repository
Escherichia Coli,Penem,Global,Kaggle Genomic Repository
Escherichia Coli,Penem,Global,Kaggle Genomic Repository
Escherichia Coli,Penem,Global,Kaggle Genomic Repository
Escherichia Coli,Penem,Global,Kaggle Genomic Repository
Escherichia Coli,Penem,Global,Kaggle Genomic Repository
Escherichia Coli,Penem,Global,Kaggle Genomic Repository
Escherichia Coli,Penem,Global,Kaggle Genomic Repository
Escherichia Coli,Penem,Global,Kaggle Genomic Repository
Escherichia Coli,Penem,Global,Kaggle Genomic Repository
Escherichia Coli,Penem,Global,Kaggle Genomic Repository
Escherichia Coli,Penem,Global,Kaggle Genomic Repository
Escherichia Coli,Penem,Global,Kaggle Genomic Repository
Escherichia Coli,Penem,Global,Kaggle Genomic Repository
Escherichia Coli,Penem,Global,Kaggle Genomic Repository
Escherichia Coli,Penem,Global,Kaggle Genomic Repository
Escherichia Coli,Penem,Global,Kaggle Genomic Repository
Escherichia Coli,Penem,Global,Kaggle Genomic Repository
Escherichia Coli,Penem,Global,Kaggle Genomic Repository
Escherichia Coli,Penem,Global,Kaggle Genomic Repository
Escherichia Coli,Penem,Global,Kaggle Genomic Repository
Escherichia Coli,Penem,Global,Kaggle Genomic Repository
Escherichia Coli,Penem,Global,Kaggle Genomic Repository
Escherichia Coli,Penem,Global,Kaggle Genomic Repository
Escherichia Coli,Penem,Global,Kaggle Genomic Repository
Escherichia Coli,Penem,Global,Kaggle Genomic Repository
Escherichia Coli,Penem,Global,Kaggle Genomic Repository
Escherichia Coli,Penem,Global,Kaggle Genomic Repository
Escherichia Coli,Penem,Global,Kaggle Genomic Repository
Escherichia Coli,Penem,Global,Kaggle Genomic Repository
Escherichia Coli,Penem,Global,Kaggle Genomic Repository
Escherichia Coli,Penem,Global,Kaggle Genomic Repository
Escherichia Coli,Penem,Global,Kaggle Genomic Repository
Escherichia Coli,Penem,Global,Kaggle Genomic Repository
Escherichia Coli,Penem,Global,Kaggle Genomic Repository
Escherichia Coli,Penem,Global,Kaggle Genomic Repository
Escherichia Coli,Penem,Global,Kaggle Genomic Repository
Escherichia Coli,Penem,Global,Kaggle Genomic Repository
Escherichia Coli,Penem,Global,Kaggle Genomic Repository
Escherichia Coli,Penem,Global,Kaggle Genomic Repository
,Penem,Global,Kaggle Genomic Repository
Escherichia Coli,Penem,Global,Kaggle Genomic Repository
Escherichia Coli,Penem,Global,Kaggle Genomic Repository
Escherichia Coli,Penem,Global,Kaggle Genomic Repository
Escherichia Coli,Penem,Global,Kaggle Genomic Repository
Escherichia Coli,Penem,Global,Kaggle Genomic Repository
Escherichia Coli,Penem,Global,Kaggle Genomic Repository
Escherichia Coli,Penem,Global,Kaggle Genomic Repository
Escherichia Coli,Penem,Global,Kaggle Genomic Repository
Escherichia Coli,Penem,Global,Kaggle Genomic Repository
Escherichia Coli,Penem,Global,Kaggle Genomic Repository
Escherichia Coli,Peptide,Global,Kaggle Genomic Repository
Escherichia Coli,Peptide,Global,Kaggle Genomic Repository
Escherichia Coli,Peptide,Global,Kaggle Genomic Repository
Escherichia Coli,Peptide,Global,Kaggle Genomic Repository
Escherichia Coli,Peptide,Global,Kaggle Genomic Repository
Escherichia Coli,Peptide,Global,Kaggle Genomic Repository
Escherichia Coli,Peptide,Global,Kaggle Genomic Repository
Escherichia Coli,Peptide,Global,Kaggle Genomic Repository
Escherichia Coli,Peptide,Global,Kaggle Genomic Repository
Escherichia Coli,Peptide,Global,Kaggle Genomic Repository
Escherichia Coli,Peptide,Global,Kaggle Genomic Repository
Escherichia Coli,Peptide,Global,Kaggle Genomic Repository
Escherichia Coli,Peptide,Global,Kaggle Genomic Repository
Escherichia Coli,Peptide,Global,Kaggle Genomic Repository
Escherichia Coli,Peptide,Global,Kaggle Genomic Repository
Escherichia Coli,Peptide,Global,Kaggle Genomic Repository
Escherichia Coli,Peptide,Global,Kaggle Genomic Repository
Escherichia Coli,Peptide,Global,Kaggle Genomic Repository
Escherichia Coli,Peptide,Global,Kaggle Genomic Repository
Escherichia Coli,Peptide,Global,Kaggle Genomic Repository
Escherichia Coli,Peptide,Global,Kaggle Genomic Repository
Escherichia Coli,Peptide,Global,Kaggle Genomic Repository
Escherichia Coli,Peptide,Global,Kaggle Genomic Repository
Escherichia Coli,Peptide,Global,Kaggle Genomic Repository
Escherichia Coli,Peptide,Global,Kaggle Genomic Repository
Escherichia Coli,Peptide,Global,Kaggle Genomic Repository
Escherichia Coli,Peptide,Global,Kaggle Genomic Repository
Escherichia Coli,Peptide,Global,Kaggle Genomic Repository
Escherichia Coli,Peptide,Global,Kaggle Genomic Repository
Escherichia Coli,Peptide,Global,Kaggle Genomic Repository
Escherichia Coli,Peptide,Global,Kaggle Genomic Repository
Escherichia Coli,Peptide,Global,Kaggle Genomic Repository
Escherichia Coli,Peptide,Global,Kaggle Genomic Repository
Escherichia Coli,Peptide,Global,Kaggle Genomic Repository
Escherichia Coli,Peptide,Global,Kaggle Genomic Repository
Escherichia Coli,Peptide,Global,Kaggle Genomic Repository
Escherichia Coli,Peptide,Global,Kaggle Genomic Repository
Escherichia Coli,Peptide,Global,Kaggle Genomic Repository
Escherichia Coli,Peptide,Global,Kaggle Genomic Repository
,Peptide,Global,Kaggle Genomic Repository
Escherichia Coli,Peptide,Global,Kaggle Genomic Repository
Escherichia Coli,Peptide,Global,Kaggle Genomic Repository
Escherichia Coli,Peptide,Global,Kaggle Genomic Repository
Escherichia Coli,Peptide,Global,Kaggle Genomic Repository
Escherichia Coli,Peptide,Global,Kaggle Genomic Repository
Escherichia Coli,Peptide,Global,Kaggle Genomic Repository
Escherichia Coli,Peptide,Global,Kaggle Genomic Repository
Escherichia Coli,Peptide,Global,Kaggle Genomic Repository
Escherichia Coli,Peptide,Global,Kaggle Genomic Repository
Escherichia Coli,Peptide,Global,Kaggle Genomic Repository
Escherichia Coli,Phenicol,Global,Kaggle Genomic Repository
Escherichia Coli,Phenicol,Global,Kaggle Genomic Repository
Escherichia Coli,Phenicol,Global,Kaggle Genomic Repository
Escherichia Coli,Phenicol,Global,Kaggle Genomic Repository
Escherichia Coli,Phenicol,Global,Kaggle Genomic Repository
Escherichia Coli,Phenicol,Global,Kaggle Genomic Repository
Escherichia Coli,Phenicol,Global,Kaggle Genomic Repository
Escherichia Coli,Phenicol,Global,Kaggle Genomic Repository
Escherichia Coli,Phenicol,Global,Kaggle Genomic Repository
Escherichia Coli,Phenicol,Global,Kaggle Genomic Repository
Escherichia Coli,Phenicol,Global,Kaggle Genomic Repository
Escherichia Coli,Phenicol,Global,Kaggle Genomic Repository
Escherichia Coli,Phenicol,Global,Kaggle Genomic Repository
Escherichia Coli,Phenicol,Global,Kaggle Genomic Repository
Escherichia Coli,Phenicol,Global,Kaggle Genomic Repository
Escherichia Coli,Phenicol,Global,Kaggle Genomic Repository
Escherichia Coli,Phenicol,Global,Kaggle Genomic Repository
Escherichia Coli,Phenicol,Global,Kaggle Genomic Repository
Escherichia Coli,Phenicol,Global,Kaggle Genomic Repository
Escherichia Coli,Phenicol,Global,Kaggle Genomic Repository
Escherichia Coli,Phenicol,Global,Kaggle Genomic Repository
Escherichia Coli,Phenicol,Global,Kaggle Genomic Repository
Escherichia Coli,Phenicol,Global,Kaggle Genomic Repository
Escherichia Coli,Phenicol,Global,Kaggle Genomic Repository
Escherichia Coli,Phenicol,Global,Kaggle Genomic Repository
Escherichia Coli,Phenicol,Global,Kaggle Genomic Repository
Escherichia Coli,Phenicol,Global,Kaggle Genomic Repository
Escherichia Coli,Phenicol,Global,Kaggle Genomic Repository
Escherichia Coli,Phenicol,Global,Kaggle Genomic Repository
Escherichia Coli,Phenicol,Global,Kaggle Genomic Repository
Escherichia Coli,Phenicol,Global,Kaggle Genomic Repository
Escherichia Coli,Phenicol,Global,Kaggle Genomic Repository
Escherichia Coli,Phenicol,Global,Kaggle Genomic Repository
Escherichia Coli,Phenicol,Global,Kaggle Genomic Repository
Escherichia Coli,Phenicol,Global,Kaggle Genomic Repository
Escherichia Coli,Phenicol,Global,Kaggle Genomic Repository
Escherichia Coli,Phenicol,Global,Kaggle Genomic Repository
Escherichia Coli,Phenicol,Global,Kaggle Genomic Repository
Escherichia Coli,Phenicol,Global,Kaggle Genomic Repository
,Phenicol,Global,Kaggle Genomic Repository
Escherichia Coli,Phenicol,Global,Kaggle Genomic Repository
Escherichia Coli,Phenicol,Global,Kaggle Genomic Repository
Escherichia Coli,Phenicol,Global,Kaggle Genomic Repository
Escherichia Coli,Phenicol,Global,Kaggle Genomic Repository
Escherichia Coli,Phenicol,Global,Kaggle Genomic Repository
Escherichia Coli,Phenicol,Global,Kaggle Genomic Repository
Escherichia Coli,Phenicol,Global,Kaggle Genomic Repository
Escherichia Coli,Phenicol,Global,Kaggle Genomic Repository
Escherichia Coli,Phenicol,Global,Kaggle Genomic Repository
Escherichia Coli,Phenicol,Global,Kaggle Genomic Repository
Escherichia Coli,Rhodamine,Global,Kaggle Genomic Repository
Escherichia Coli,Rhodamine,Global,Kaggle Genomic Repository
Escherichia Coli,Rhodamine,Global,Kaggle Genomic Repository
Escherichia Coli,Rhodamine,Global,Kaggle Genomic Repository
Escherichia Coli,Rhodamine,Global,Kaggle Genomic Repository
Escherichia Coli,Rhodamine,Global,Kaggle Genomic Repository
Escherichia Coli,Rhodamine,Global,Kaggle Genomic Repository
Escherichia Coli,Rhodamine,Global,Kaggle Genomic Repository
Escherichia Coli,Rhodamine,Global,Kaggle Genomic Repository
Escherichia Coli,Rhodamine,Global,Kaggle Genomic Repository
Escherichia Coli,Rhodamine,Global,Kaggle Genomic Repository
Escherichia Coli,Rhodamine,Global,Kaggle Genomic Repository
Escherichia Coli,Rhodamine,Global,Kaggle Genomic Repository
Escherichia Coli,Rhodamine,Global,Kaggle Genomic Repository
Escherichia Coli,Rhodamine,Global,Kaggle Genomic Repository
Escherichia Coli,Rhodamine,Global,Kaggle Genomic Repository
Escherichia Coli,Rhodamine,Global,Kaggle Genomic Repository
Escherichia Coli,Rhodamine,Global,Kaggle Genomic Repository
Escherichia Coli,Rhodamine,Global,Kaggle Genomic Repository
Escherichia Coli,Rhodamine,Global,Kaggle Genomic Repository
Escherichia Coli,Rhodamine,Global,Kaggle Genomic Repository
Escherichia Coli,Rhodamine,Global,Kaggle Genomic Repository
Escherichia Coli,Rhodamine,Global,Kaggle Genomic Repository
Escherichia Coli,Rhodamine,Global,Kaggle Genomic Repository
Escherichia Coli,Rhodamine,Global,Kaggle Genomic Repository
Escherichia Coli,Rhodamine,Global,Kaggle Genomic Repository
Escherichia Coli,Rhodamine,Global,Kaggle Genomic Repository
Escherichia Coli,Rhodamine,Global,Kaggle Genomic Repository
Escherichia Coli,Rhodamine,Global,Kaggle Genomic Repository
Escherichia Coli,Rhodamine,Global,Kaggle Genomic Repository
Escherichia Coli,Rhodamine,Global,Kaggle Genomic Repository
Escherichia Coli,Rhodamine,Global,Kaggle Genomic Repository
Escherichia Coli,Rhodamine,Global,Kaggle Genomic Repository
Escherichia Coli,Rhodamine,Global,Kaggle Genomic Repository
Escherichia Coli,Rhodamine,Global,Kaggle Genomic Repository
Escherichia Coli,Rhodamine,Global,Kaggle Genomic Repository
Escherichia Coli,Rhodamine,Global,Kaggle Genomic Repository
Escherichia Coli,Rhodamine,Global,Kaggle Genomic Repository
,Rhodamine,Global,Kaggle Genomic Repository
Escherichia Coli,Rhodamine,Global,Kaggle Genomic Repository
Escherichia Coli,Rhodamine,Global,Kaggle Genomic Repository
Escherichia Coli,Rhodamine,Global,Kaggle Genomic Repository
Escherichia Coli,Rhodamine,Global,Kaggle Genomic Repository
Escherichia Coli,Rhodamine,Global,Kaggle Genomic Repository
Escherichia Coli,Rhodamine,Global,Kaggle Genomic Repository
Escherichia Coli,Rhodamine,Global,Kaggle Genomic Repository
Escherichia Coli,Rhodamine,Global,Kaggle Genomic Repository
Escherichia Coli,Rhodamine,Global,Kaggle Genomic Repository
Escherichia Coli,Rhodamine,Global,Kaggle Genomic Repository
Escherichia Coli,Rifamycin,Global,Kaggle Genomic Repository
Escherichia Coli,Rifamycin,Global,Kaggle Genomic Repository
Escherichia Coli,Rifamycin,Global,Kaggle Genomic Repository
Escherichia Coli,Rifamycin,Global,Kaggle Genomic Repository
Escherichia Coli,Rifamycin,Global,Kaggle Genomic Repository
Escherichia Coli,Rifamycin,Global,Kaggle Genomic Repository
Escherichia Coli,Rifamycin,Global,Kaggle Genomic Repository
Escherichia Coli,Rifamycin,Global,Kaggle Genomic Repository
Escherichia Coli,Rifamycin,Global,Kaggle Genomic Repository
Escherichia Coli,Rifamycin,Global,Kaggle Genomic Repository
Escherichia Coli,Rifamycin,Global,Kaggle Genomic Repository
Escherichia Coli,Rifamycin,Global,Kaggle Genomic Repository
Escherichia Coli,Rifamycin,Global,Kaggle Genomic Repository
Escherichia Coli,Rifamycin,Global,Kaggle Genomic Repository
Escherichia Coli,Rifamycin,Global,Kaggle Genomic Repository
Escherichia Coli,Rifamycin,Global,Kaggle Genomic Repository
Escherichia Coli,Rifamycin,Global,Kaggle Genomic Repository
Escherichia Coli,Rifamycin,Global,Kaggle Genomic Repository
Escherichia Coli,Rifamycin,Global,Kaggle Genomic Repository
Escherichia Coli,Rifamycin,Global,Kaggle Genomic Repository
Escherichia Coli,Rifamycin,Global,Kaggle Genomic Repository
Escherichia Coli,Rifamycin,Global,Kaggle Genomic Repository
Escherichia Coli,Rifamycin,Global,Kaggle Genomic Repository
Escherichia Coli,Rifamycin,Global,Kaggle Genomic Repository
Escherichia Coli,Rifamycin,Global,Kaggle Genomic Repository
Escherichia Coli,Rifamycin,Global,Kaggle Genomic Repository
Escherichia Coli,Rifamycin,Global,Kaggle Genomic Repository
Escherichia Coli,Rifamycin,Global,Kaggle Genomic Repository
Escherichia Coli,Rifamycin,Global,Kaggle Genomic Repository
Escherichia Coli,Rifamycin,Global,Kaggle Genomic Repository
Escherichia Coli,Rifamycin,Global,Kaggle Genomic Repository
Escherichia Coli,Rifamycin,Global,Kaggle Genomic Repository
Escherichia Coli,Rifamycin,Global,Kaggle Genomic Repository
Escherichia Coli,Rifamycin,Global,Kaggle Genomic Repository
Escherichia Coli,Rifamycin,Global,Kaggle Genomic Repository
Escherichia Coli,Rifamycin,Global,Kaggle Genomic Repository
Escherichia Coli,Rifamycin,Global,Kaggle Genomic Repository
Escherichia Coli,Rifamycin,Global,Kaggle Genomic Repository
Escherichia Coli,Rifamycin,Global,Kaggle Genomic Repository
,Rifamycin,Global,Kaggle Genomic Repository
Escherichia Coli,Rifamycin,Global,Kaggle Genomic Repository
Escherichia Coli,Rifamycin,Global,Kaggle Genomic Repository
Escherichia Coli,Rifamycin,Global,Kaggle Genomic Repository
Escherichia Coli,Rifamycin,Global,Kaggle Genomic Repository
Escherichia Coli,Rifamycin,Global,Kaggle Genomic Repository
Escherichia Coli,Rifamycin,Global,Kaggle Genomic Repository
Escherichia Coli,Rifamycin,Global,Kaggle Genomic Repository
Escherichia Coli,Rifamycin,Global,Kaggle Genomic Repository
Escherichia Coli,Rifamycin,Global,Kaggle Genomic Repository
Escherichia Coli,Rifamycin,Global,Kaggle Genomic Repository
Escherichia Coli,Sulfonamide,Global,Kaggle Genomic Repository
Escherichia Coli,Sulfonamide,Global,Kaggle Genomic Repository
Escherichia Coli,Sulfonamide,Global,Kaggle Genomic Repository
Escherichia Coli,Sulfonamide,Global,Kaggle Genomic Repository
Escherichia Coli,Sulfonamide,Global,Kaggle Genomic Repository
Escherichia Coli,Sulfonamide,Global,Kaggle Genomic Repository
Escherichia Coli,Sulfonamide,Global,Kaggle Genomic Repository
Escherichia Coli,Sulfonamide,Global,Kaggle Genomic Repository
Escherichia Coli,Sulfonamide,Global,Kaggle Genomic Repository
Escherichia Coli,Sulfonamide,Global,Kaggle Genomic Repository
Escherichia Coli,Sulfonamide,Global,Kaggle Genomic Repository
Escherichia Coli,Tetracycline,Global,Kaggle Genomic Repository
Escherichia Coli,Tetracycline,Global,Kaggle Genomic Repository
Escherichia Coli,Tetracycline,Global,Kaggle Genomic Repository
Escherichia Coli,Tetracycline,Global,Kaggle Genomic Repository
Escherichia Coli,Tetracycline,Global,Kaggle Genomic Repository
Escherichia Coli,Tetracycline,Global,Kaggle Genomic Repository
Escherichia Coli,Tetracycline,Global,Kaggle Genomic Repository
Escherichia Coli,Tetracycline,Global,Kaggle Genomic Repository
Escherichia Coli,Tetracycline,Global,Kaggle Genomic Repository
Escherichia Coli,Tetracycline,Global,Kaggle Genomic Repository
Escherichia Coli,Tetracycline,Global,Kaggle Genomic Repository
Escherichia Coli,Tetracycline,Global,Kaggle Genomic Repository
Escherichia Coli,Tetracycline,Global,Kaggle Genomic Repository
Escherichia Coli,Tetracycline,Global,Kaggle Genomic Repository
Escherichia Coli,Tetracycline,Global,Kaggle Genomic Repository
Escherichia Coli,Tetracycline,Global,Kaggle Genomic Repository
Escherichia Coli,Tetracycline,Global,Kaggle Genomic Repository
Escherichia Coli,Tetracycline,Global,Kaggle Genomic Repository
Escherichia Coli,Tetracycline,Global,Kaggle Genomic Repository
Escherichia Coli,Tetracycline,Global,Kaggle Genomic Repository
Escherichia Coli,Tetracycline,Global,Kaggle Genomic Repository
Escherichia Coli,Tetracycline,Global,Kaggle Genomic Repository
Escherichia Coli,Tetracycline,Global,Kaggle Genomic Repository
Escherichia Coli,Tetracycline,Global,Kaggle Genomic Repository
Escherichia Coli,Tetracycline,Global,Kaggle Genomic Repository
Escherichia Coli,Tetracycline,Global,Kaggle Genomic Repository
Escherichia Coli,Tetracycline,Global,Kaggle Genomic Repository
Escherichia Coli,Tetracycline,Global,Kaggle Genomic Repository
Escherichia Coli,Tetracycline,Global,Kaggle Genomic Repository
Escherichia Coli,Tetracycline,Global,Kaggle Genomic Repository
Escherichia Coli,Tetracycline,Global,Kaggle Genomic Repository
Escherichia Coli,Tetracycline,Global,Kaggle Genomic Repository
Escherichia Coli,Tetracycline,Global,Kaggle Genomic Repository
Escherichia Coli,Tetracycline,Global,Kaggle Genomic Repository
Escherichia Coli,Tetracycline,Global,Kaggle Genomic Repository
Escherichia Coli,Tetracycline,Global,Kaggle Genomic Repository
Escherichia Coli,Tetracycline,Global,Kaggle Genomic Repository
Escherichia Coli,Tetracycline,Global,Kaggle Genomic Repository
Escherichia Coli,Tetracycline,Global,Kaggle Genomic Repository
,Tetracycline,Global,Kaggle Genomic Repository
Escherichia Coli,Tetracycline,Global,Kaggle Genomic Repository
Escherichia Coli,Tetracycline,Global,Kaggle Genomic Repository
Escherichia Coli,Tetracycline,Global,Kaggle Genomic Repository
Escherichia Coli,Tetracycline,Global,Kaggle Genomic Repository
Escherichia Coli,Tetracycline,Global,Kaggle Genomic Repository
Escherichia Coli,Tetracycline,Global,Kaggle Genomic Repository
Escherichia Coli,Tetracycline,Global,Kaggle Genomic Repository
Escherichia Coli,Tetracycline,Global,Kaggle Genomic Repository
Escherichia Coli,Tetracycline,Global,Kaggle Genomic Repository
Escherichia Coli,Tetracycline,Global,Kaggle Genomic Repository
Escherichia Coli,Triclosan,Global,Kaggle Genomic Repository
Escherichia Coli,Triclosan,Global,Kaggle Genomic Repository
Escherichia Coli,Triclosan,Global,Kaggle Genomic Repository
Escherichia Coli,Triclosan,Global,Kaggle Genomic Repository
Escherichia Coli,Triclosan,Global,Kaggle Genomic Repository
Escherichia Coli,Triclosan,Global,Kaggle Genomic Repository
Escherichia Coli,Triclosan,Global,Kaggle Genomic Repository
Escherichia Coli,Triclosan,Global,Kaggle Genomic Repository
Escherichia Coli,Triclosan,Global,Kaggle Genomic Repository
Escherichia Coli,Triclosan,Global,Kaggle Genomic Repository
Escherichia Coli,Triclosan,Global,Kaggle Genomic Repository
Escherichia Coli,Triclosan,Global,Kaggle Genomic Repository
Escherichia Coli,Triclosan,Global,Kaggle Genomic Repository
Escherichia Coli,Triclosan,Global,Kaggle Genomic Repository
Escherichia Coli,Triclosan,Global,Kaggle Genomic Repository
Escherichia Coli,Triclosan,Global,Kaggle Genomic Repository
Escherichia Coli,Triclosan,Global,Kaggle Genomic Repository
Escherichia Coli,Triclosan,Global,Kaggle Genomic Repository
Escherichia Coli,Triclosan,Global,Kaggle Genomic Repository
Escherichia Coli,Triclosan,Global,Kaggle Genomic Repository
Escherichia Coli,Triclosan,Global,Kaggle Genomic Repository
Escherichia Coli,Triclosan,Global,Kaggle Genomic Repository
Escherichia Coli,Triclosan,Global,Kaggle Genomic Repository
Escherichia Coli,Triclosan,Global,Kaggle Genomic Repository
Escherichia Coli,Triclosan,Global,Kaggle Genomic Repository
Escherichia Coli,Triclosan,Global,Kaggle Genomic Repository
Escherichia Coli,Triclosan,Global,Kaggle Genomic Repository
Escherichia Coli,Triclosan,Global,Kaggle Genomic Repository
Escherichia Coli,Triclosan,Global,Kaggle Genomic Repository
Escherichia Coli,Triclosan,Global,Kaggle Genomic Repository
Escherichia Coli,Triclosan,Global,Kaggle Genomic Repository
Escherichia Coli,Triclosan,Global,Kaggle Genomic Repository
Escherichia Coli,Triclosan,Global,Kaggle Genomic Repository
Escherichia Coli,Triclosan,Global,Kaggle Genomic Repository
Escherichia Coli,Triclosan,Global,Kaggle Genomic Repository
Escherichia Coli,Triclosan,Global,Kaggle Genomic Repository
Escherichia Coli,Triclosan,Global,Kaggle Genomic Repository
Escherichia Coli,Triclosan,Global,Kaggle Genomic Repository
Escherichia Coli,Triclosan,Global,Kaggle Genomic Repository
,Triclosan,Global,Kaggle Genomic Repository
Escherichia Coli,Triclosan,Global,Kaggle Genomic Repository
Escherichia Coli,Triclosan,Global,Kaggle Genomic Repository
Escherichia Coli,Triclosan,Global,Kaggle Genomic Repository
Escherichia Coli,Triclosan,Global,Kaggle Genomic Repository
Escherichia Coli,Triclosan,Global,Kaggle Genomic Repository
Escherichia Coli,Triclosan,Global,Kaggle Genomic Repository
Escherichia Coli,Triclosan,Global,Kaggle Genomic Repository
Escherichia Coli,Triclosan,Global,Kaggle Genomic Repository
Escherichia Coli,Triclosan,Global,Kaggle Genomic Repository
Escherichia Coli,Triclosan,Global,Kaggle Genomic Repository
Acinetobacter Spp.,Colistin,United Arab Emirates,WHO GLASS (ML Excel)
Acinetobacter Spp.,Colistin,United Arab Emirates,WHO GLASS (ML Excel)
Acinetobacter Spp.,Colistin,United Arab Emirates,WHO GLASS (ML Excel)
Acinetobacter Spp.,Colistin,United Arab Emirates,WHO GLASS (ML Excel)
Acinetobacter Spp.,Colistin,Argentina,WHO GLASS (ML Excel)
Acinetobacter Spp.,Colistin,Argentina,WHO GLASS (ML Excel)
Acinetobacter Spp.,Colistin,Argentina,WHO GLASS (ML Excel)
Acinetobacter Spp.,Colistin,Argentina,WHO GLASS (ML Excel)
Acinetobacter Spp.,Colistin,India,WHO GLASS (ML Excel)
Acinetobacter Spp.,Colistin,India,WHO GLASS (ML Excel)
Acinetobacter Spp.,Colistin,India,WHO GLASS (ML Excel)
Acinetobacter Spp.,Colistin,India,WHO GLASS (ML Excel)
Acinetobacter Spp.,Colistin,North Macedonia,WHO GLASS (ML Excel)
Acinetobacter Spp.,Colistin,North Macedonia,WHO GLASS (ML Excel)
Acinetobacter Spp.,Colistin,North Macedonia,WHO GLASS (ML Excel)
Acinetobacter Spp.,Colistin,North Macedonia,WHO GLASS (ML Excel)
Acinetobacter Spp.,Colistin,Malaysia,WHO GLASS (ML Excel)
Acinetobacter Spp.,Colistin,Malaysia,WHO GLASS (ML Excel)
Acinetobacter Spp.,Colistin,Malaysia,WHO GLASS (ML Excel)
Acinetobacter Spp.,Colistin,Malaysia,WHO GLASS (ML Excel)
Acinetobacter Spp.,Colistin,Oman,WHO GLASS (ML Excel)
Acinetobacter Spp.,Colistin,Oman,WHO GLASS (ML Excel)
Acinetobacter Spp.,Colistin,Oman,WHO GLASS (ML Excel)
Acinetobacter Spp.,Colistin,Oman,WHO GLASS (ML Excel)
Acinetobacter Spp.,Colistin,Philippines,WHO GLASS (ML Excel)
Acinetobacter Spp.,Colistin,Philippines,WHO GLASS (ML Excel)
Acinetobacter Spp.,Colistin,Philippines,WHO GLASS (ML Excel)
Acinetobacter Spp.,Colistin,Philippines,WHO GLASS (ML Excel)
Acinetobacter Spp.,Colistin,Saudi Arabia,WHO GLASS (ML Excel)
Acinetobacter Spp.,Colistin,Saudi Arabia,WHO GLASS (ML Excel)
Acinetobacter Spp.,Colistin,Saudi Arabia,WHO GLASS (ML Excel)
Acinetobacter Spp.,Colistin,Saudi Arabia,WHO GLASS (ML Excel)
Acinetobacter Spp.,Colistin,Thailand,WHO GLASS (ML Excel)
Acinetobacter Spp.,Colistin,Thailand,WHO GLASS (ML Excel)
Acinetobacter Spp.,Colistin,Thailand,WHO GLASS (ML Excel)
Acinetobacter Spp.,Colistin,Thailand,WHO GLASS (ML Excel)
Escherichia Coli,Cefotaxime,United Arab Emirates,WHO GLASS (ML Excel)
Escherichia Coli,Cefotaxime,United Arab Emirates,WHO GLASS (ML Excel)
Escherichia Coli,Cefotaxime,United Arab Emirates,WHO GLASS (ML Excel)
Escherichia Coli,Cefotaxime,United Arab Emirates,WHO GLASS (ML Excel)
Escherichia Coli,Cefotaxime,Argentina,WHO GLASS (ML Excel)
Escherichia Coli,Cefotaxime,Argentina,WHO GLASS (ML Excel)
Escherichia Coli,Cefotaxime,Argentina,WHO GLASS (ML Excel)
Escherichia Coli,Cefotaxime,Argentina,WHO GLASS (ML Excel)
Escherichia Coli,Cefotaxime,Bosnia and Herzegovina,WHO GLASS (ML Excel)
Escherichia Coli,Cefotaxime,Bosnia and Herzegovina,WHO GLASS (ML Excel)
Escherichia Coli,Cefotaxime,Bosnia and Herzegovina,WHO GLASS (ML Excel)
Escherichia Coli,Cefotaxime,Bosnia and Herzegovina,WHO GLASS (ML Excel)
Escherichia Coli,Cefotaxime,Switzerland,WHO GLASS (ML Excel)
Escherichia Coli,Cefotaxime,Switzerland,WHO GLASS (ML Excel)
Escherichia Coli,Cefotaxime,Switzerland,WHO GLASS (ML Excel)
Escherichia Coli,Cefotaxime,Switzerland,WHO GLASS (ML Excel)
Escherichia Coli,Cefotaxime,Georgia,WHO GLASS (ML Excel)
Escherichia Coli,Cefotaxime,Georgia,WHO GLASS (ML Excel)
Escherichia Coli,Cefotaxime,Georgia,WHO GLASS (ML Excel)
Escherichia Coli,Cefotaxime,Georgia,WHO GLASS (ML Excel)
Escherichia Coli,Cefotaxime,India,WHO GLASS (ML Excel)
Escherichia Coli,Cefotaxime,India,WHO GLASS (ML Excel)
Escherichia Coli,Cefotaxime,India,WHO GLASS (ML Excel)
Escherichia Coli,Cefotaxime,India,WHO GLASS (ML Excel)
Escherichia Coli,Cefotaxime,Japan,WHO GLASS (ML Excel)
Escherichia Coli,Cefotaxime,Japan,WHO GLASS (ML Excel)
Escherichia Coli,Cefotaxime,Japan,WHO GLASS (ML Excel)
Escherichia Coli,Cefotaxime,Japan,WHO GLASS (ML Excel)
Escherichia Coli,Cefotaxime,Republic of Korea,WHO GLASS (ML Excel)
Escherichia Coli,Cefotaxime,Republic of Korea,WHO GLASS (ML Excel)
Escherichia Coli,Cefotaxime,Republic of Korea,WHO GLASS (ML Excel)
Escherichia Coli,Cefotaxime,Republic of Korea,WHO GLASS (ML Excel)
Escherichia Coli,Cefotaxime,North Macedonia,WHO GLASS (ML Excel)
Escherichia Coli,Cefotaxime,North Macedonia,WHO GLASS (ML Excel)
Escherichia Coli,Cefotaxime,North Macedonia,WHO GLASS (ML Excel)
Escherichia Coli,Cefotaxime,North Macedonia,WHO GLASS (ML Excel)
Escherichia Coli,Cefotaxime,Malta,WHO GLASS (ML Excel)
Escherichia Coli,Cefotaxime,Malta,WHO GLASS (ML Excel)
Escherichia Coli,Cefotaxime,Malta,WHO GLASS (ML Excel)
Escherichia Coli,Cefotaxime,Malta,WHO GLASS (ML Excel)
Escherichia Coli,Cefotaxime,Malaysia,WHO GLASS (ML Excel)
Escherichia Coli,Cefotaxime,Malaysia,WHO GLASS (ML Excel)
Escherichia Coli,Cefotaxime,Malaysia,WHO GLASS (ML Excel)
Escherichia Coli,Cefotaxime,Malaysia,WHO GLASS (ML Excel)
Escherichia Coli,Cefotaxime,Oman,WHO GLASS (ML Excel)
Escherichia Coli,Cefotaxime,Oman,WHO GLASS (ML Excel)
Escherichia Coli,Cefotaxime,Oman,WHO GLASS (ML Excel)
Escherichia Coli,Cefotaxime,Oman,WHO GLASS (ML Excel)
Escherichia Coli,Cefotaxime,Philippines,WHO GLASS (ML Excel)
Escherichia Coli,Cefotaxime,Philippines,WHO GLASS (ML Excel)
Escherichia Coli,Cefotaxime,Philippines,WHO GLASS (ML Excel)
Escherichia Coli,Cefotaxime,Philippines,WHO GLASS (ML Excel)
Escherichia Coli,Cefotaxime,Russian Federation,WHO GLASS (ML Excel)
Escherichia Coli,Cefotaxime,Russian Federation,WHO GLASS (ML Excel)
Escherichia Coli,Cefotaxime,Russian Federation,WHO GLASS (ML Excel)
Escherichia Coli,Cefotaxime,Russian Federation,WHO GLASS (ML Excel)
Escherichia Coli,Cefotaxime,Saudi Arabia,WHO GLASS (ML Excel)
Escherichia Coli,Cefotaxime,Saudi Arabia,WHO GLASS (ML Excel)
Escherichia Coli,Cefotaxime,Saudi Arabia,WHO GLASS (ML Excel)
Escherichia Coli,Cefotaxime,Saudi Arabia,WHO GLASS (ML Excel)
Escherichia Coli,Cefotaxime,Thailand,WHO GLASS (ML Excel)
Escherichia Coli,Cefotaxime,Thailand,WHO GLASS (ML Excel)
Escherichia Coli,Cefotaxime,Thailand,WHO GLASS (ML Excel)
Escherichia Coli,Cefotaxime,Thailand,WHO GLASS (ML Excel)
Escherichia Coli,Cefotaxime,Tunisia,WHO GLASS (ML Excel)
Escherichia Coli,Cefotaxime,Tunisia,WHO GLASS (ML Excel)
Escherichia Coli,Cefotaxime,Tunisia,WHO GLASS (ML Excel)
Escherichia Coli,Cefotaxime,Tunisia,WHO GLASS (ML Excel)
Escherichia Coli,Ceftazidime,United Arab Emirates,WHO GLASS (ML Excel)
Escherichia Coli,Ceftazidime,United Arab Emirates,WHO GLASS (ML Excel)
Escherichia Coli,Ceftazidime,United Arab Emirates,WHO GLASS (ML Excel)
Escherichia Coli,Ceftazidime,United Arab Emirates,WHO GLASS (ML Excel)
Escherichia Coli,Ceftazidime,Argentina,WHO GLASS (ML Excel)
Escherichia Coli,Ceftazidime,Argentina,WHO GLASS (ML Excel)
Escherichia Coli,Ceftazidime,Argentina,WHO GLASS (ML Excel)
Escherichia Coli,Ceftazidime,Argentina,WHO GLASS (ML Excel)
Escherichia Coli,Ceftazidime,Bosnia and Herzegovina,WHO GLASS (ML Excel)
Escherichia Coli,Ceftazidime,Bosnia and Herzegovina,WHO GLASS (ML Excel)
Escherichia Coli,Ceftazidime,Bosnia and Herzegovina,WHO GLASS (ML Excel)
Escherichia Coli,Ceftazidime,Bosnia and Herzegovina,WHO GLASS (ML Excel)
Escherichia Coli,Ceftazidime,Switzerland,WHO GLASS (ML Excel)
Escherichia Coli,Ceftazidime,Switzerland,WHO GLASS (ML Excel)
Escherichia Coli,Ceftazidime,Switzerland,WHO GLASS (ML Excel)
Escherichia Coli,Ceftazidime,Switzerland,WHO GLASS (ML Excel)
Escherichia Coli,Ceftazidime,Georgia,WHO GLASS (ML Excel)
Escherichia Coli,Ceftazidime,Georgia,WHO GLASS (ML Excel)
Escherichia Coli,Ceftazidime,Georgia,WHO GLASS (ML Excel)
Escherichia Coli,Ceftazidime,Georgia,WHO GLASS (ML Excel)
Escherichia Coli,Ceftazidime,India,WHO GLASS (ML Excel)
Escherichia Coli,Ceftazidime,India,WHO GLASS (ML Excel)
Escherichia Coli,Ceftazidime,India,WHO GLASS (ML Excel)
Escherichia Coli,Ceftazidime,India,WHO GLASS (ML Excel)
Escherichia Coli,Ceftazidime,Japan,WHO GLASS (ML Excel)
Escherichia Coli,Ceftazidime,Japan,WHO GLASS (ML Excel)
Escherichia Coli,Ceftazidime,Japan,WHO GLASS (ML Excel)
Escherichia Coli,Ceftazidime,Japan,WHO GLASS (ML Excel)
Escherichia Coli,Ceftazidime,Republic of Korea,WHO GLASS (ML Excel)
Escherichia Coli,Ceftazidime,Republic of Korea,WHO GLASS (ML Excel)
Escherichia Coli,Ceftazidime,Republic of Korea,WHO GLASS (ML Excel)
Escherichia Coli,Ceftazidime,Republic of Korea,WHO GLASS (ML Excel)
Escherichia Coli,Ceftazidime,Lao People's Democratic Republic,WHO GLASS (ML Excel)
Escherichia Coli,Ceftazidime,Lao People's Democratic Republic,WHO GLASS (ML Excel)
Escherichia Coli,Ceftazidime,Lao People's Democratic Republic,WHO GLASS (ML Excel)
Escherichia Coli,Ceftazidime,Lao People's Democratic Republic,WHO GLASS (ML Excel)
Escherichia Coli,Ceftazidime,North Macedonia,WHO GLASS (ML Excel)
Escherichia Coli,Ceftazidime,North Macedonia,WHO GLASS (ML Excel)
Escherichia Coli,Ceftazidime,North Macedonia,WHO GLASS (ML Excel)
Escherichia Coli,Ceftazidime,North Macedonia,WHO GLASS (ML Excel)
Escherichia Coli,Ceftazidime,Malta,WHO GLASS (ML Excel)
Escherichia Coli,Ceftazidime,Malta,WHO GLASS (ML Excel)
Escherichia Coli,Ceftazidime,Malta,WHO GLASS (ML Excel)
Escherichia Coli,Ceftazidime,Malta,WHO GLASS (ML Excel)
Escherichia Coli,Ceftazidime,Malaysia,WHO GLASS (ML Excel)
Escherichia Coli,Ceftazidime,Malaysia,WHO GLASS (ML Excel)
Escherichia Coli,Ceftazidime,Malaysia,WHO GLASS (ML Excel)
Escherichia Coli,Ceftazidime,Malaysia,WHO GLASS (ML Excel)
Escherichia Coli,Ceftazidime,Oman,WHO GLASS (ML Excel)
Escherichia Coli,Ceftazidime,Oman,WHO GLASS (ML Excel)
Escherichia Coli,Ceftazidime,Oman,WHO GLASS (ML Excel)
Escherichia Coli,Ceftazidime,Oman,WHO GLASS (ML Excel)
Escherichia Coli,Ceftazidime,Pakistan,WHO GLASS (ML Excel)
Escherichia Coli,Ceftazidime,Pakistan,WHO GLASS (ML Excel)
Escherichia Coli,Ceftazidime,Pakistan,WHO GLASS (ML Excel)
Escherichia Coli,Ceftazidime,Pakistan,WHO GLASS (ML Excel)
Escherichia Coli,Ceftazidime,Philippines,WHO GLASS (ML Excel)
Escherichia Coli,Ceftazidime,Philippines,WHO GLASS (ML Excel)
Escherichia Coli,Ceftazidime,Philippines,WHO GLASS (ML Excel)
Escherichia Coli,Ceftazidime,Philippines,WHO GLASS (ML Excel)
Escherichia Coli,Ceftazidime,Russian Federation,WHO GLASS (ML Excel)
Escherichia Coli,Ceftazidime,Russian Federation,WHO GLASS (ML Excel)
Escherichia Coli,Ceftazidime,Russian Federation,WHO GLASS (ML Excel)
Escherichia Coli,Ceftazidime,Russian Federation,WHO GLASS (ML Excel)
Escherichia Coli,Ceftazidime,Saudi Arabia,WHO GLASS (ML Excel)
Escherichia Coli,Ceftazidime,Saudi Arabia,WHO GLASS (ML Excel)
Escherichia Coli,Ceftazidime,Saudi Arabia,WHO GLASS (ML Excel)
Escherichia Coli,Ceftazidime,Saudi Arabia,WHO GLASS (ML Excel)
Escherichia Coli,Ceftazidime,Thailand,WHO GLASS (ML Excel)
Escherichia Coli,Ceftazidime,Thailand,WHO GLASS (ML Excel)
Escherichia Coli,Ceftazidime,Thailand,WHO GLASS (ML Excel)
Escherichia Coli,Ceftazidime,Thailand,WHO GLASS (ML Excel)
Escherichia Coli,Ceftazidime,Tunisia,WHO GLASS (ML Excel)
Escherichia Coli,Ceftazidime,Tunisia,WHO GLASS (ML Excel)
Escherichia Coli,Ceftazidime,Tunisia,WHO GLASS (ML Excel)
Escherichia Coli,Ceftazidime,Tunisia,WHO GLASS (ML Excel)
Escherichia Coli,Ceftriaxone,United Arab Emirates,WHO GLASS (ML Excel)
Escherichia Coli,Ceftriaxone,United Arab Emirates,WHO GLASS (ML Excel)
Escherichia Coli,Ceftriaxone,United Arab Emirates,WHO GLASS (ML Excel)
Escherichia Coli,Ceftriaxone,United Arab Emirates,WHO GLASS (ML Excel)
Escherichia Coli,Ceftriaxone,Bosnia and Herzegovina,WHO GLASS (ML Excel)
Escherichia Coli,Ceftriaxone,Bosnia and Herzegovina,WHO GLASS (ML Excel)
Escherichia Coli,Ceftriaxone,Bosnia and Herzegovina,WHO GLASS (ML Excel)
Escherichia Coli,Ceftriaxone,Bosnia and Herzegovina,WHO GLASS (ML Excel)
Escherichia Coli,Ceftriaxone,Switzerland,WHO GLASS (ML Excel)
Escherichia Coli,Ceftriaxone,Switzerland,WHO GLASS (ML Excel)
Escherichia Coli,Ceftriaxone,Switzerland,WHO GLASS (ML Excel)
Escherichia Coli,Ceftriaxone,Switzerland,WHO GLASS (ML Excel)
Escherichia Coli,Ceftriaxone,Georgia,WHO GLASS (ML Excel)
Escherichia Coli,Ceftriaxone,Georgia,WHO GLASS (ML Excel)
Escherichia Coli,Ceftriaxone,Georgia,WHO GLASS (ML Excel)
Escherichia Coli,Ceftriaxone,Georgia,WHO GLASS (ML Excel)
Escherichia Coli,Ceftriaxone,India,WHO GLASS (ML Excel)
Escherichia Coli,Ceftriaxone,India,WHO GLASS (ML Excel)
Escherichia Coli,Ceftriaxone,India,WHO GLASS (ML Excel)
Escherichia Coli,Ceftriaxone,India,WHO GLASS (ML Excel)
Escherichia Coli,Ceftriaxone,Japan,WHO GLASS (ML Excel)
Escherichia Coli,Ceftriaxone,Japan,WHO GLASS (ML Excel)
Escherichia Coli,Ceftriaxone,Japan,WHO GLASS (ML Excel)
Escherichia Coli,Ceftriaxone,Japan,WHO GLASS (ML Excel)
Escherichia Coli,Ceftriaxone,Lao People's Democratic Republic,WHO GLASS (ML Excel)
Escherichia Coli,Ceftriaxone,Lao People's Democratic Republic,WHO GLASS (ML Excel)
Escherichia Coli,Ceftriaxone,Lao People's Democratic Republic,WHO GLASS (ML Excel)
Escherichia Coli,Ceftriaxone,Lao People's Democratic Republic,WHO GLASS (ML Excel)
Escherichia Coli,Ceftriaxone,Lebanon,WHO GLASS (ML Excel)
Escherichia Coli,Ceftriaxone,Lebanon,WHO GLASS (ML Excel)
Escherichia Coli,Ceftriaxone,Lebanon,WHO GLASS (ML Excel)
Escherichia Coli,Ceftriaxone,Lebanon,WHO GLASS (ML Excel)
Escherichia Coli,Ceftriaxone,North Macedonia,WHO GLASS (ML Excel)
Escherichia Coli,Ceftriaxone,North Macedonia,WHO GLASS (ML Excel)
Escherichia Coli,Ceftriaxone,North Macedonia,WHO GLASS (ML Excel)
Escherichia Coli,Ceftriaxone,North Macedonia,WHO GLASS (ML Excel)
Escherichia Coli,Ceftriaxone,Malaysia,WHO GLASS (ML Excel)
Escherichia Coli,Ceftriaxone,Malaysia,WHO GLASS (ML Excel)
Escherichia Coli,Ceftriaxone,Malaysia,WHO GLASS (ML Excel)
Escherichia Coli,Ceftriaxone,Malaysia,WHO GLASS (ML Excel)
Escherichia Coli,Ceftriaxone,Oman,WHO GLASS (ML Excel)
Escherichia Coli,Ceftriaxone,Oman,WHO GLASS (ML Excel)
Escherichia Coli,Ceftriaxone,Oman,WHO GLASS (ML Excel)
Escherichia Coli,Ceftriaxone,Oman,WHO GLASS (ML Excel)
Escherichia Coli,Ceftriaxone,Pakistan,WHO GLASS (ML Excel)
Escherichia Coli,Ceftriaxone,Pakistan,WHO GLASS (ML Excel)
Escherichia Coli,Ceftriaxone,Pakistan,WHO GLASS (ML Excel)
Escherichia Coli,Ceftriaxone,Pakistan,WHO GLASS (ML Excel)
Escherichia Coli,Ceftriaxone,Philippines,WHO GLASS (ML Excel)
Escherichia Coli,Ceftriaxone,Philippines,WHO GLASS (ML Excel)
Escherichia Coli,Ceftriaxone,Philippines,WHO GLASS (ML Excel)
Escherichia Coli,Ceftriaxone,Philippines,WHO GLASS (ML Excel)
Escherichia Coli,Ceftriaxone,Saudi Arabia,WHO GLASS (ML Excel)
Escherichia Coli,Ceftriaxone,Saudi Arabia,WHO GLASS (ML Excel)
Escherichia Coli,Ceftriaxone,Saudi Arabia,WHO GLASS (ML Excel)
Escherichia Coli,Ceftriaxone,Saudi Arabia,WHO GLASS (ML Excel)
Escherichia Coli,Ceftriaxone,Thailand,WHO GLASS (ML Excel)
Escherichia Coli,Ceftriaxone,Thailand,WHO GLASS (ML Excel)
Escherichia Coli,Ceftriaxone,Thailand,WHO GLASS (ML Excel)
Escherichia Coli,Ceftriaxone,Thailand,WHO GLASS (ML Excel)
Escherichia Coli,Ciprofloxacin,United Arab Emirates,WHO GLASS (ML Excel)
Escherichia Coli,Ciprofloxacin,United Arab Emirates,WHO GLASS (ML Excel)
Escherichia Coli,Ciprofloxacin,United Arab Emirates,WHO GLASS (ML Excel)
Escherichia Coli,Ciprofloxacin,United Arab Emirates,WHO GLASS (ML Excel)
Escherichia Coli,Ciprofloxacin,Argentina,WHO GLASS (ML Excel)
Escherichia Coli,Ciprofloxacin,Argentina,WHO GLASS (ML Excel)
Escherichia Coli,Ciprofloxacin,Argentina,WHO GLASS (ML Excel)
Escherichia Coli,Ciprofloxacin,Argentina,WHO GLASS (ML Excel)
Escherichia Coli,Ciprofloxacin,Bosnia and Herzegovina,WHO GLASS (ML Excel)
Escherichia Coli,Ciprofloxacin,Bosnia and Herzegovina,WHO GLASS (ML Excel)
Escherichia Coli,Ciprofloxacin,Bosnia and Herzegovina,WHO GLASS (ML Excel)
Escherichia Coli,Ciprofloxacin,Bosnia and Herzegovina,WHO GLASS (ML Excel)
Escherichia Coli,Ciprofloxacin,Switzerland,WHO GLASS (ML Excel)
Escherichia Coli,Ciprofloxacin,Switzerland,WHO GLASS (ML Excel)
Escherichia Coli,Ciprofloxacin,Switzerland,WHO GLASS (ML Excel)
Escherichia Coli,Ciprofloxacin,Switzerland,WHO GLASS (ML Excel)
Escherichia Coli,Ciprofloxacin,Georgia,WHO GLASS (ML Excel)
Escherichia Coli,Ciprofloxacin,Georgia,WHO GLASS (ML Excel)
Escherichia Coli,Ciprofloxacin,Georgia,WHO GLASS (ML Excel)
Escherichia Coli,Ciprofloxacin,Georgia,WHO GLASS (ML Excel)
Escherichia Coli,Ciprofloxacin,India,WHO GLASS (ML Excel)
Escherichia Coli,Ciprofloxacin,India,WHO GLASS (ML Excel)
Escherichia Coli,Ciprofloxacin,India,WHO GLASS (ML Excel)
Escherichia Coli,Ciprofloxacin,India,WHO GLASS (ML Excel)
Escherichia Coli,Ciprofloxacin,Jordan,WHO GLASS (ML Excel)
Escherichia Coli,Ciprofloxacin,Jordan,WHO GLASS (ML Excel)
Escherichia Coli,Ciprofloxacin,Jordan,WHO GLASS (ML Excel)
Escherichia Coli,Ciprofloxacin,Jordan,WHO GLASS (ML Excel)
Escherichia Coli,Ciprofloxacin,Japan,WHO GLASS (ML Excel)
Escherichia Coli,Ciprofloxacin,Japan,WHO GLASS (ML Excel)
Escherichia Coli,Ciprofloxacin,Japan,WHO GLASS (ML Excel)
Escherichia Coli,Ciprofloxacin,Japan,WHO GLASS (ML Excel)
Escherichia Coli,Ciprofloxacin,Republic of Korea,WHO GLASS (ML Excel)
Escherichia Coli,Ciprofloxacin,Republic of Korea,WHO GLASS (ML Excel)
Escherichia Coli,Ciprofloxacin,Republic of Korea,WHO GLASS (ML Excel)
Escherichia Coli,Ciprofloxacin,Republic of Korea,WHO GLASS (ML Excel)
Escherichia Coli,Ciprofloxacin,Lao People's Democratic Republic,WHO GLASS (ML Excel)
Escherichia Coli,Ciprofloxacin,Lao People's Democratic Republic,WHO GLASS (ML Excel)
Escherichia Coli,Ciprofloxacin,Lao People's Democratic Republic,WHO GLASS (ML Excel)
Escherichia Coli,Ciprofloxacin,Lao People's Democratic Republic,WHO GLASS (ML Excel)
Escherichia Coli,Ciprofloxacin,Lebanon,WHO GLASS (ML Excel)
Escherichia Coli,Ciprofloxacin,Lebanon,WHO GLASS (ML Excel)
Escherichia Coli,Ciprofloxacin,Lebanon,WHO GLASS (ML Excel)
Escherichia Coli,Ciprofloxacin,Lebanon,WHO GLASS (ML Excel)
Escherichia Coli,Ciprofloxacin,North Macedonia,WHO GLASS (ML Excel)
Escherichia Coli,Ciprofloxacin,North Macedonia,WHO GLASS (ML Excel)
Escherichia Coli,Ciprofloxacin,North Macedonia,WHO GLASS (ML Excel)
Escherichia Coli,Ciprofloxacin,North Macedonia,WHO GLASS (ML Excel)
Escherichia Coli,Ciprofloxacin,Malta,WHO GLASS (ML Excel)
Escherichia Coli,Ciprofloxacin,Malta,WHO GLASS (ML Excel)
Escherichia Coli,Ciprofloxacin,Malta,WHO GLASS (ML Excel)
Escherichia Coli,Ciprofloxacin,Malta,WHO GLASS (ML Excel)
Escherichia Coli,Ciprofloxacin,Malaysia,WHO GLASS (ML Excel)
Escherichia Coli,Ciprofloxacin,Malaysia,WHO GLASS (ML Excel)
Escherichia Coli,Ciprofloxacin,Malaysia,WHO GLASS (ML Excel)
Escherichia Coli,Ciprofloxacin,Malaysia,WHO GLASS (ML Excel)
Escherichia Coli,Ciprofloxacin,Oman,WHO GLASS (ML Excel)
Escherichia Coli,Ciprofloxacin,Oman,WHO GLASS (ML Excel)
Escherichia Coli,Ciprofloxacin,Oman,WHO GLASS (ML Excel)
Escherichia Coli,Ciprofloxacin,Oman,WHO GLASS (ML Excel)
Escherichia Coli,Ciprofloxacin,Pakistan,WHO GLASS (ML Excel)
Escherichia Coli,Ciprofloxacin,Pakistan,WHO GLASS (ML Excel)
Escherichia Coli,Ciprofloxacin,Pakistan,WHO GLASS (ML Excel)
Escherichia Coli,Ciprofloxacin,Pakistan,WHO GLASS (ML Excel)
Escherichia Coli,Ciprofloxacin,Philippines,WHO GLASS (ML Excel)
Escherichia Coli,Ciprofloxacin,Philippines,WHO GLASS (ML Excel)
Escherichia Coli,Ciprofloxacin,Philippines,WHO GLASS (ML Excel)
Escherichia Coli,Ciprofloxacin,Philippines,WHO GLASS (ML Excel)
Escherichia Coli,Ciprofloxacin,Russian Federation,WHO GLASS (ML Excel)
Escherichia Coli,Ciprofloxacin,Russian Federation,WHO GLASS (ML Excel)
Escherichia Coli,Ciprofloxacin,Russian Federation,WHO GLASS (ML Excel)
Escherichia Coli,Ciprofloxacin,Russian Federation,WHO GLASS (ML Excel)
Escherichia Coli,Ciprofloxacin,Saudi Arabia,WHO GLASS (ML Excel)
Escherichia Coli,Ciprofloxacin,Saudi Arabia,WHO GLASS (ML Excel)
Escherichia Coli,Ciprofloxacin,Saudi Arabia,WHO GLASS (ML Excel)
Escherichia Coli,Ciprofloxacin,Saudi Arabia,WHO GLASS (ML Excel)
Escherichia Coli,Ciprofloxacin,Thailand,WHO GLASS (ML Excel)
Escherichia Coli,Ciprofloxacin,Thailand,WHO GLASS (ML Excel)
Escherichia Coli,Ciprofloxacin,Thailand,WHO GLASS (ML Excel)
Escherichia Coli,Ciprofloxacin,Thailand,WHO GLASS (ML Excel)
Escherichia Coli,Ciprofloxacin,Tunisia,WHO GLASS (ML Excel)
Escherichia Coli,Ciprofloxacin,Tunisia,WHO GLASS (ML Excel)
Escherichia Coli,Ciprofloxacin,Tunisia,WHO GLASS (ML Excel)
Escherichia Coli,Ciprofloxacin,Tunisia,WHO GLASS (ML Excel)
Escherichia Coli,Co-Trimoxazole,United Arab Emirates,WHO GLASS (ML Excel)
Escherichia Coli,Co-Trimoxazole,United Arab Emirates,WHO GLASS (ML Excel)
Escherichia Coli,Co-Trimoxazole,United Arab Emirates,WHO GLASS (ML Excel)
Escherichia Coli,Co-Trimoxazole,United Arab Emirates,WHO GLASS (ML Excel)
Escherichia Coli,Co-Trimoxazole,Argentina,WHO GLASS (ML Excel)
Escherichia Coli,Co-Trimoxazole,Argentina,WHO GLASS (ML Excel)
Escherichia Coli,Co-Trimoxazole,Argentina,WHO GLASS (ML Excel)
Escherichia Coli,Co-Trimoxazole,Argentina,WHO GLASS (ML Excel)
Escherichia Coli,Co-Trimoxazole,India,WHO GLASS (ML Excel)
Escherichia Coli,Co-Trimoxazole,India,WHO GLASS (ML Excel)
Escherichia Coli,Co-Trimoxazole,India,WHO GLASS (ML Excel)
Escherichia Coli,Co-Trimoxazole,India,WHO GLASS (ML Excel)
Escherichia Coli,Co-Trimoxazole,Republic of Korea,WHO GLASS (ML Excel)
Escherichia Coli,Co-Trimoxazole,Republic of Korea,WHO GLASS (ML Excel)
Escherichia Coli,Co-Trimoxazole,Republic of Korea,WHO GLASS (ML Excel)
Escherichia Coli,Co-Trimoxazole,Republic of Korea,WHO GLASS (ML Excel)
Escherichia Coli,Co-Trimoxazole,Lao People's Democratic Republic,WHO GLASS (ML Excel)
Escherichia Coli,Co-Trimoxazole,Lao People's Democratic Republic,WHO GLASS (ML Excel)
Escherichia Coli,Co-Trimoxazole,Lao People's Democratic Republic,WHO GLASS (ML Excel)
Escherichia Coli,Co-Trimoxazole,Lao People's Democratic Republic,WHO GLASS (ML Excel)
Escherichia Coli,Co-Trimoxazole,North Macedonia,WHO GLASS (ML Excel)
Escherichia Coli,Co-Trimoxazole,North Macedonia,WHO GLASS (ML Excel)
Escherichia Coli,Co-Trimoxazole,North Macedonia,WHO GLASS (ML Excel)
Escherichia Coli,Co-Trimoxazole,North Macedonia,WHO GLASS (ML Excel)
Escherichia Coli,Co-Trimoxazole,Malaysia,WHO GLASS (ML Excel)
Escherichia Coli,Co-Trimoxazole,Malaysia,WHO GLASS (ML Excel)
Escherichia Coli,Co-Trimoxazole,Malaysia,WHO GLASS (ML Excel)
Escherichia Coli,Co-Trimoxazole,Malaysia,WHO GLASS (ML Excel)
Escherichia Coli,Co-Trimoxazole,Oman,WHO GLASS (ML Excel)
Escherichia Coli,Co-Trimoxazole,Oman,WHO GLASS (ML Excel)
Escherichia Coli,Co-Trimoxazole,Oman,WHO GLASS (ML Excel)
Escherichia Coli,Co-Trimoxazole,Oman,WHO GLASS (ML Excel)
Escherichia Coli,Co-Trimoxazole,Pakistan,WHO GLASS (ML Excel)
Escherichia Coli,Co-Trimoxazole,Pakistan,WHO GLASS (ML Excel)
Escherichia Coli,Co-Trimoxazole,Pakistan,WHO GLASS (ML Excel)
Escherichia Coli,Co-Trimoxazole,Pakistan,WHO GLASS (ML Excel)
Escherichia Coli,Co-Trimoxazole,Philippines,WHO GLASS (ML Excel)
Escherichia Coli,Co-Trimoxazole,Philippines,WHO GLASS (ML Excel)
Escherichia Coli,Co-Trimoxazole,Philippines,WHO GLASS (ML Excel)
Escherichia Coli,Co-Trimoxazole,Philippines,WHO GLASS (ML Excel)
Escherichia Coli,Co-Trimoxazole,Saudi Arabia,WHO GLASS (ML Excel)
Escherichia Coli,Co-Trimoxazole,Saudi Arabia,WHO GLASS (ML Excel)
Escherichia Coli,Co-Trimoxazole,Saudi Arabia,WHO GLASS (ML Excel)
Escherichia Coli,Co-Trimoxazole,Saudi Arabia,WHO GLASS (ML Excel)
Escherichia Coli,Co-Trimoxazole,Thailand,WHO GLASS (ML Excel)
Escherichia Coli,Co-Trimoxazole,Thailand,WHO GLASS (ML Excel)
Escherichia Coli,Co-Trimoxazole,Thailand,WHO GLASS (ML Excel)
Escherichia Coli,Co-Trimoxazole,Thailand,WHO GLASS (ML Excel)
Escherichia Coli,Colistin,United Arab Emirates,WHO GLASS (ML Excel)
Escherichia Coli,Colistin,United Arab Emirates,WHO GLASS (ML Excel)
Escherichia Coli,Colistin,United Arab Emirates,WHO GLASS (ML Excel)
Escherichia Coli,Colistin,United Arab Emirates,WHO GLASS (ML Excel)
Escherichia Coli,Colistin,Argentina,WHO GLASS (ML Excel)
Escherichia Coli,Colistin,Argentina,WHO GLASS (ML Excel)
Escherichia Coli,Colistin,Argentina,WHO GLASS (ML Excel)
Escherichia Coli,Colistin,Argentina,WHO GLASS (ML Excel)
Escherichia Coli,Colistin,Switzerland,WHO GLASS (ML Excel)
Escherichia Coli,Colistin,Switzerland,WHO GLASS (ML Excel)
Escherichia Coli,Colistin,Switzerland,WHO GLASS (ML Excel)
Escherichia Coli,Colistin,Switzerland,WHO GLASS (ML Excel)
Escherichia Coli,Colistin,North Macedonia,WHO GLASS (ML Excel)
Escherichia Coli,Colistin,North Macedonia,WHO GLASS (ML Excel)
Escherichia Coli,Colistin,North Macedonia,WHO GLASS (ML Excel)
Escherichia Coli,Colistin,North Macedonia,WHO GLASS (ML Excel)
Escherichia Coli,Colistin,Malaysia,WHO GLASS (ML Excel)
Escherichia Coli,Colistin,Malaysia,WHO GLASS (ML Excel)
Escherichia Coli,Colistin,Malaysia,WHO GLASS (ML Excel)
Escherichia Coli,Colistin,Malaysia,WHO GLASS (ML Excel)
Escherichia Coli,Colistin,Oman,WHO GLASS (ML Excel)
Escherichia Coli,Colistin,Oman,WHO GLASS (ML Excel)
Escherichia Coli,Colistin,Oman,WHO GLASS (ML Excel)
Escherichia Coli,Colistin,Oman,WHO GLASS (ML Excel)
Escherichia Coli,Colistin,Philippines,WHO GLASS (ML Excel)
Escherichia Coli,Colistin,Philippines,WHO GLASS (ML Excel)
Escherichia Coli,Colistin,Philippines,WHO GLASS (ML Excel)
Escherichia Coli,Colistin,Philippines,WHO GLASS (ML Excel)
Escherichia Coli,Colistin,Saudi Arabia,WHO GLASS (ML Excel)
Escherichia Coli,Colistin,Saudi Arabia,WHO GLASS (ML Excel)
Escherichia Coli,Colistin,Saudi Arabia,WHO GLASS (ML Excel)
Escherichia Coli,Colistin,Saudi Arabia,WHO GLASS (ML Excel)
Escherichia Coli,Colistin,Thailand,WHO GLASS (ML Excel)
Escherichia Coli,Colistin,Thailand,WHO GLASS (ML Excel)
Escherichia Coli,Colistin,Thailand,WHO GLASS (ML Excel)
Escherichia Coli,Colistin,Thailand,WHO GLASS (ML Excel)
Escherichia Coli,Doripenem,Malaysia,WHO GLASS (ML Excel)
Escherichia Coli,Doripenem,Malaysia,WHO GLASS (ML Excel)
Escherichia Coli,Doripenem,Malaysia,WHO GLASS (ML Excel)
Escherichia Coli,Doripenem,Malaysia,WHO GLASS (ML Excel)
Escherichia Coli,Doripenem,Philippines,WHO GLASS (ML Excel)
Escherichia Coli,Doripenem,Philippines,WHO GLASS (ML Excel)
Escherichia Coli,Doripenem,Philippines,WHO GLASS (ML Excel)
Escherichia Coli,Doripenem,Philippines,WHO GLASS (ML Excel)
Escherichia Coli,Doripenem,Thailand,WHO GLASS (ML Excel)
Escherichia Coli,Doripenem,Thailand,WHO GLASS (ML Excel)
Escherichia Coli,Doripenem,Thailand,WHO GLASS (ML Excel)
Escherichia Coli,Doripenem,Thailand,WHO GLASS (ML Excel)
Escherichia Coli,Ertapenem,United Arab Emirates,WHO GLASS (ML Excel)
Escherichia Coli,Ertapenem,United Arab Emirates,WHO GLASS (ML Excel)
Escherichia Coli,Ertapenem,United Arab Emirates,WHO GLASS (ML Excel)
Escherichia Coli,Ertapenem,United Arab Emirates,WHO GLASS (ML Excel)
Escherichia Coli,Ertapenem,Argentina,WHO GLASS (ML Excel)
Escherichia Coli,Ertapenem,Argentina,WHO GLASS (ML Excel)
Escherichia Coli,Ertapenem,Argentina,WHO GLASS (ML Excel)
Escherichia Coli,Ertapenem,Argentina,WHO GLASS (ML Excel)
Escherichia Coli,Ertapenem,Bosnia and Herzegovina,WHO GLASS (ML Excel)
Escherichia Coli,Ertapenem,Bosnia and Herzegovina,WHO GLASS (ML Excel)
Escherichia Coli,Ertapenem,Bosnia and Herzegovina,WHO GLASS (ML Excel)
Escherichia Coli,Ertapenem,Bosnia and Herzegovina,WHO GLASS (ML Excel)
Escherichia Coli,Ertapenem,Switzerland,WHO GLASS (ML Excel)
Escherichia Coli,Ertapenem,Switzerland,WHO GLASS (ML Excel)
Escherichia Coli,Ertapenem,Switzerland,WHO GLASS (ML Excel)
Escherichia Coli,Ertapenem,Switzerland,WHO GLASS (ML Excel)
Escherichia Coli,Ertapenem,India,WHO GLASS (ML Excel)
Escherichia Coli,Ertapenem,India,WHO GLASS (ML Excel)
Escherichia Coli,Ertapenem,India,WHO GLASS (ML Excel)
Escherichia Coli,Ertapenem,India,WHO GLASS (ML Excel)
Escherichia Coli,Ertapenem,Jordan,WHO GLASS (ML Excel)
Escherichia Coli,Ertapenem,Jordan,WHO GLASS (ML Excel)
Escherichia Coli,Ertapenem,Jordan,WHO GLASS (ML Excel)
Escherichia Coli,Ertapenem,Jordan,WHO GLASS (ML Excel)
Escherichia Coli,Ertapenem,Republic of Korea,WHO GLASS (ML Excel)
Escherichia Coli,Ertapenem,Republic of Korea,WHO GLASS (ML Excel)
Escherichia Coli,Ertapenem,Republic of Korea,WHO GLASS (ML Excel)
Escherichia Coli,Ertapenem,Republic of Korea,WHO GLASS (ML Excel)
Escherichia Coli,Ertapenem,North Macedonia,WHO GLASS (ML Excel)
Escherichia Coli,Ertapenem,North Macedonia,WHO GLASS (ML Excel)
Escherichia Coli,Ertapenem,North Macedonia,WHO GLASS (ML Excel)
Escherichia Coli,Ertapenem,North Macedonia,WHO GLASS (ML Excel)
Escherichia Coli,Ertapenem,Malaysia,WHO GLASS (ML Excel)
Escherichia Coli,Ertapenem,Malaysia,WHO GLASS (ML Excel)
Escherichia Coli,Ertapenem,Malaysia,WHO GLASS (ML Excel)
Escherichia Coli,Ertapenem,Malaysia,WHO GLASS (ML Excel)
Escherichia Coli,Ertapenem,Philippines,WHO GLASS (ML Excel)
Escherichia Coli,Ertapenem,Philippines,WHO GLASS (ML Excel)
Escherichia Coli,Ertapenem,Philippines,WHO GLASS (ML Excel)
Escherichia Coli,Ertapenem,Philippines,WHO GLASS (ML Excel)
Escherichia Coli,Ertapenem,Russian Federation,WHO GLASS (ML Excel)
Escherichia Coli,Ertapenem,Russian Federation,WHO GLASS (ML Excel)
Escherichia Coli,Ertapenem,Russian Federation,WHO GLASS (ML Excel)
Escherichia Coli,Ertapenem,Russian Federation,WHO GLASS (ML Excel)
Escherichia Coli,Ertapenem,Saudi Arabia,WHO GLASS (ML Excel)
Escherichia Coli,Ertapenem,Saudi Arabia,WHO GLASS (ML Excel)
Escherichia Coli,Ertapenem,Saudi Arabia,WHO GLASS (ML Excel)
Escherichia Coli,Ertapenem,Saudi Arabia,WHO GLASS (ML Excel)
Escherichia Coli,Ertapenem,Thailand,WHO GLASS (ML Excel)
Escherichia Coli,Ertapenem,Thailand,WHO GLASS (ML Excel)
Escherichia Coli,Ertapenem,Thailand,WHO GLASS (ML Excel)
Escherichia Coli,Ertapenem,Thailand,WHO GLASS (ML Excel)
Escherichia Coli,Ertapenem,Tunisia,WHO GLASS (ML Excel)
Escherichia Coli,Ertapenem,Tunisia,WHO GLASS (ML Excel)
Escherichia Coli,Ertapenem,Tunisia,WHO GLASS (ML Excel)
Escherichia Coli,Ertapenem,Tunisia,WHO GLASS (ML Excel)
Escherichia Coli,Imipenem,United Arab Emirates,WHO GLASS (ML Excel)
Escherichia Coli,Imipenem,United Arab Emirates,WHO GLASS (ML Excel)
Escherichia Coli,Imipenem,United Arab Emirates,WHO GLASS (ML Excel)
Escherichia Coli,Imipenem,United Arab Emirates,WHO GLASS (ML Excel)
Escherichia Coli,Imipenem,Argentina,WHO GLASS (ML Excel)
Escherichia Coli,Imipenem,Argentina,WHO GLASS (ML Excel)
Escherichia Coli,Imipenem,Argentina,WHO GLASS (ML Excel)
Escherichia Coli,Imipenem,Argentina,WHO GLASS (ML Excel)
Escherichia Coli,Imipenem,Bosnia and Herzegovina,WHO GLASS (ML Excel)
Escherichia Coli,Imipenem,Bosnia and Herzegovina,WHO GLASS (ML Excel)
Escherichia Coli,Imipenem,Bosnia and Herzegovina,WHO GLASS (ML Excel)
Escherichia Coli,Imipenem,Bosnia and Herzegovina,WHO GLASS (ML Excel)
Escherichia Coli,Imipenem,Switzerland,WHO GLASS (ML Excel)
Escherichia Coli,Imipenem,Switzerland,WHO GLASS (ML Excel)
Escherichia Coli,Imipenem,Switzerland,WHO GLASS (ML Excel)
Escherichia Coli,Imipenem,Switzerland,WHO GLASS (ML Excel)
Escherichia Coli,Imipenem,Georgia,WHO GLASS (ML Excel)
Escherichia Coli,Imipenem,Georgia,WHO GLASS (ML Excel)
Escherichia Coli,Imipenem,Georgia,WHO GLASS (ML Excel)
Escherichia Coli,Imipenem,Georgia,WHO GLASS (ML Excel)
Escherichia Coli,Imipenem,India,WHO GLASS (ML Excel)
Escherichia Coli,Imipenem,India,WHO GLASS (ML Excel)
Escherichia Coli,Imipenem,India,WHO GLASS (ML Excel)
Escherichia Coli,Imipenem,India,WHO GLASS (ML Excel)
Escherichia Coli,Imipenem,Jordan,WHO GLASS (ML Excel)
Escherichia Coli,Imipenem,Jordan,WHO GLASS (ML Excel)
Escherichia Coli,Imipenem,Jordan,WHO GLASS (ML Excel)
Escherichia Coli,Imipenem,Jordan,WHO GLASS (ML Excel)
Escherichia Coli,Imipenem,Japan,WHO GLASS (ML Excel)
Escherichia Coli,Imipenem,Japan,WHO GLASS (ML Excel)
Escherichia Coli,Imipenem,Japan,WHO GLASS (ML Excel)
Escherichia Coli,Imipenem,Japan,WHO GLASS (ML Excel)
Escherichia Coli,Imipenem,Republic of Korea,WHO GLASS (ML Excel)
Escherichia Coli,Imipenem,Republic of Korea,WHO GLASS (ML Excel)
Escherichia Coli,Imipenem,Republic of Korea,WHO GLASS (ML Excel)
Escherichia Coli,Imipenem,Republic of Korea,WHO GLASS (ML Excel)
Escherichia Coli,Imipenem,North Macedonia,WHO GLASS (ML Excel)
Escherichia Coli,Imipenem,North Macedonia,WHO GLASS (ML Excel)
Escherichia Coli,Imipenem,North Macedonia,WHO GLASS (ML Excel)
Escherichia Coli,Imipenem,North Macedonia,WHO GLASS (ML Excel)
Escherichia Coli,Imipenem,Malta,WHO GLASS (ML Excel)
Escherichia Coli,Imipenem,Malta,WHO GLASS (ML Excel)
Escherichia Coli,Imipenem,Malta,WHO GLASS (ML Excel)
Escherichia Coli,Imipenem,Malta,WHO GLASS (ML Excel)
Escherichia Coli,Imipenem,Malaysia,WHO GLASS (ML Excel)
Escherichia Coli,Imipenem,Malaysia,WHO GLASS (ML Excel)
Escherichia Coli,Imipenem,Malaysia,WHO GLASS (ML Excel)
Escherichia Coli,Imipenem,Malaysia,WHO GLASS (ML Excel)
Escherichia Coli,Imipenem,Oman,WHO GLASS (ML Excel)
Escherichia Coli,Imipenem,Oman,WHO GLASS (ML Excel)
Escherichia Coli,Imipenem,Oman,WHO GLASS (ML Excel)
Escherichia Coli,Imipenem,Oman,WHO GLASS (ML Excel)
Escherichia Coli,Imipenem,Pakistan,WHO GLASS (ML Excel)
Escherichia Coli,Imipenem,Pakistan,WHO GLASS (ML Excel)
Escherichia Coli,Imipenem,Pakistan,WHO GLASS (ML Excel)
Escherichia Coli,Imipenem,Pakistan,WHO GLASS (ML Excel)
Escherichia Coli,Imipenem,Philippines,WHO GLASS (ML Excel)
Escherichia Coli,Imipenem,Philippines,WHO GLASS (ML Excel)
Escherichia Coli,Imipenem,Philippines,WHO GLASS (ML Excel)
Escherichia Coli,Imipenem,Philippines,WHO GLASS (ML Excel)
Escherichia Coli,Imipenem,Russian Federation,WHO GLASS (ML Excel)
Escherichia Coli,Imipenem,Russian Federation,WHO GLASS (ML Excel)
Escherichia Coli,Imipenem,Russian Federation,WHO GLASS (ML Excel)
Escherichia Coli,Imipenem,Russian Federation,WHO GLASS (ML Excel)
Escherichia Coli,Imipenem,Saudi Arabia,WHO GLASS (ML Excel)
Escherichia Coli,Imipenem,Saudi Arabia,WHO GLASS (ML Excel)
Escherichia Coli,Imipenem,Saudi Arabia,WHO GLASS (ML Excel)
Escherichia Coli,Imipenem,Saudi Arabia,WHO GLASS (ML Excel)
Escherichia Coli,Imipenem,Thailand,WHO GLASS (ML Excel)
Escherichia Coli,Imipenem,Thailand,WHO GLASS (ML Excel)
Escherichia Coli,Imipenem,Thailand,WHO GLASS (ML Excel)
Escherichia Coli,Imipenem,Thailand,WHO GLASS (ML Excel)
Escherichia Coli,Imipenem,Tunisia,WHO GLASS (ML Excel)
Escherichia Coli,Imipenem,Tunisia,WHO GLASS (ML Excel)
Escherichia Coli,Imipenem,Tunisia,WHO GLASS (ML Excel)
Escherichia Coli,Imipenem,Tunisia,WHO GLASS (ML Excel)
Escherichia Coli,Levofloxacin,United Arab Emirates,WHO GLASS (ML Excel)
Escherichia Coli,Levofloxacin,United Arab Emirates,WHO GLASS (ML Excel)
Escherichia Coli,Levofloxacin,United Arab Emirates,WHO GLASS (ML Excel)
Escherichia Coli,Levofloxacin,United Arab Emirates,WHO GLASS (ML Excel)
Escherichia Coli,Levofloxacin,Bosnia and Herzegovina,WHO GLASS (ML Excel)
Escherichia Coli,Levofloxacin,Bosnia and Herzegovina,WHO GLASS (ML Excel)
Escherichia Coli,Levofloxacin,Bosnia and Herzegovina,WHO GLASS (ML Excel)
Escherichia Coli,Levofloxacin,Bosnia and Herzegovina,WHO GLASS (ML Excel)
Escherichia Coli,Levofloxacin,Switzerland,WHO GLASS (ML Excel)
Escherichia Coli,Levofloxacin,Switzerland,WHO GLASS (ML Excel)
Escherichia Coli,Levofloxacin,Switzerland,WHO GLASS (ML Excel)
Escherichia Coli,Levofloxacin,Switzerland,WHO GLASS (ML Excel)
Escherichia Coli,Levofloxacin,Georgia,WHO GLASS (ML Excel)
Escherichia Coli,Levofloxacin,Georgia,WHO GLASS (ML Excel)
Escherichia Coli,Levofloxacin,Georgia,WHO GLASS (ML Excel)
Escherichia Coli,Levofloxacin,Georgia,WHO GLASS (ML Excel)
Escherichia Coli,Levofloxacin,Japan,WHO GLASS (ML Excel)
Escherichia Coli,Levofloxacin,Japan,WHO GLASS (ML Excel)
Escherichia Coli,Levofloxacin,Japan,WHO GLASS (ML Excel)
Escherichia Coli,Levofloxacin,Japan,WHO GLASS (ML Excel)
Escherichia Coli,Levofloxacin,North Macedonia,WHO GLASS (ML Excel)
Escherichia Coli,Levofloxacin,North Macedonia,WHO GLASS (ML Excel)
Escherichia Coli,Levofloxacin,North Macedonia,WHO GLASS (ML Excel)
Escherichia Coli,Levofloxacin,North Macedonia,WHO GLASS (ML Excel)
Escherichia Coli,Levofloxacin,Pakistan,WHO GLASS (ML Excel)
Escherichia Coli,Levofloxacin,Pakistan,WHO GLASS (ML Excel)
Escherichia Coli,Levofloxacin,Pakistan,WHO GLASS (ML Excel)
Escherichia Coli,Levofloxacin,Pakistan,WHO GLASS (ML Excel)
Escherichia Coli,Levofloxacin,Philippines,WHO GLASS (ML Excel)
Escherichia Coli,Levofloxacin,Philippines,WHO GLASS (ML Excel)
Escherichia Coli,Levofloxacin,Philippines,WHO GLASS (ML Excel)
Escherichia Coli,Levofloxacin,Philippines,WHO GLASS (ML Excel)
Escherichia Coli,Levofloxacin,Saudi Arabia,WHO GLASS (ML Excel)
Escherichia Coli,Levofloxacin,Saudi Arabia,WHO GLASS (ML Excel)
Escherichia Coli,Levofloxacin,Saudi Arabia,WHO GLASS (ML Excel)
Escherichia Coli,Levofloxacin,Saudi Arabia,WHO GLASS (ML Excel)
Escherichia Coli,Levofloxacin,Thailand,WHO GLASS (ML Excel)
Escherichia Coli,Levofloxacin,Thailand,WHO GLASS (ML Excel)
Escherichia Coli,Levofloxacin,Thailand,WHO GLASS (ML Excel)
Escherichia Coli,Levofloxacin,Thailand,WHO GLASS (ML Excel)
Acinetobacter Spp.,Doripenem,Thailand,WHO GLASS (ML Excel)
Acinetobacter Spp.,Doripenem,Thailand,WHO GLASS (ML Excel)
Acinetobacter Spp.,Doripenem,Thailand,WHO GLASS (ML Excel)
Acinetobacter Spp.,Doripenem,Thailand,WHO GLASS (ML Excel)
Escherichia Coli,Meropenem,United Arab Emirates,WHO GLASS (ML Excel)
Escherichia Coli,Meropenem,United Arab Emirates,WHO GLASS (ML Excel)
Escherichia Coli,Meropenem,United Arab Emirates,WHO GLASS (ML Excel)
Escherichia Coli,Meropenem,United Arab Emirates,WHO GLASS (ML Excel)
Escherichia Coli,Meropenem,Argentina,WHO GLASS (ML Excel)
Escherichia Coli,Meropenem,Argentina,WHO GLASS (ML Excel)
Escherichia Coli,Meropenem,Argentina,WHO GLASS (ML Excel)
Escherichia Coli,Meropenem,Argentina,WHO GLASS (ML Excel)
Escherichia Coli,Meropenem,Bosnia and Herzegovina,WHO GLASS (ML Excel)
Escherichia Coli,Meropenem,Bosnia and Herzegovina,WHO GLASS (ML Excel)
Escherichia Coli,Meropenem,Bosnia and Herzegovina,WHO GLASS (ML Excel)
Escherichia Coli,Meropenem,Bosnia and Herzegovina,WHO GLASS (ML Excel)
Escherichia Coli,Meropenem,Switzerland,WHO GLASS (ML Excel)
Escherichia Coli,Meropenem,Switzerland,WHO GLASS (ML Excel)
Escherichia Coli,Meropenem,Switzerland,WHO GLASS (ML Excel)
Escherichia Coli,Meropenem,Switzerland,WHO GLASS (ML Excel)
Escherichia Coli,Meropenem,Georgia,WHO GLASS (ML Excel)
Escherichia Coli,Meropenem,Georgia,WHO GLASS (ML Excel)
Escherichia Coli,Meropenem,Georgia,WHO GLASS (ML Excel)
Escherichia Coli,Meropenem,Georgia,WHO GLASS (ML Excel)
Escherichia Coli,Meropenem,India,WHO GLASS (ML Excel)
Escherichia Coli,Meropenem,India,WHO GLASS (ML Excel)
Escherichia Coli,Meropenem,India,WHO GLASS (ML Excel)
Escherichia Coli,Meropenem,India,WHO GLASS (ML Excel)
Escherichia Coli,Meropenem,Japan,WHO GLASS (ML Excel)
Escherichia Coli,Meropenem,Japan,WHO GLASS (ML Excel)
Escherichia Coli,Meropenem,Japan,WHO GLASS (ML Excel)
Escherichia Coli,Meropenem,Japan,WHO GLASS (ML Excel)
Escherichia Coli,Meropenem,Republic of Korea,WHO GLASS (ML Excel)
Escherichia Coli,Meropenem,Republic of Korea,WHO GLASS (ML Excel)
Escherichia Coli,Meropenem,Republic of Korea,WHO GLASS (ML Excel)
Escherichia Coli,Meropenem,Republic of Korea,WHO GLASS (ML Excel)
Escherichia Coli,Meropenem,Lao People's Democratic Republic,WHO GLASS (ML Excel)
Escherichia Coli,Meropenem,Lao People's Democratic Republic,WHO GLASS (ML Excel)
Escherichia Coli,Meropenem,Lao People's Democratic Republic,WHO GLASS (ML Excel)
Escherichia Coli,Meropenem,Lao People's Democratic Republic,WHO GLASS (ML Excel)
Escherichia Coli,Meropenem,North Macedonia,WHO GLASS (ML Excel)
Escherichia Coli,Meropenem,North Macedonia,WHO GLASS (ML Excel)
Escherichia Coli,Meropenem,North Macedonia,WHO GLASS (ML Excel)
Escherichia Coli,Meropenem,North Macedonia,WHO GLASS (ML Excel)
Escherichia Coli,Meropenem,Malta,WHO GLASS (ML Excel)
Escherichia Coli,Meropenem,Malta,WHO GLASS (ML Excel)
Escherichia Coli,Meropenem,Malta,WHO GLASS (ML Excel)
Escherichia Coli,Meropenem,Malta,WHO GLASS (ML Excel)
Escherichia Coli,Meropenem,Malaysia,WHO GLASS (ML Excel)
Escherichia Coli,Meropenem,Malaysia,WHO GLASS (ML Excel)
Escherichia Coli,Meropenem,Malaysia,WHO GLASS (ML Excel)
Escherichia Coli,Meropenem,Malaysia,WHO GLASS (ML Excel)
Escherichia Coli,Meropenem,Oman,WHO GLASS (ML Excel)
Escherichia Coli,Meropenem,Oman,WHO GLASS (ML Excel)
Escherichia Coli,Meropenem,Oman,WHO GLASS (ML Excel)
Escherichia Coli,Meropenem,Oman,WHO GLASS (ML Excel)
Escherichia Coli,Meropenem,Pakistan,WHO GLASS (ML Excel)
Escherichia Coli,Meropenem,Pakistan,WHO GLASS (ML Excel)
Escherichia Coli,Meropenem,Pakistan,WHO GLASS (ML Excel)
Escherichia Coli,Meropenem,Pakistan,WHO GLASS (ML Excel)
Escherichia Coli,Meropenem,Philippines,WHO GLASS (ML Excel)
Escherichia Coli,Meropenem,Philippines,WHO GLASS (ML Excel)
Escherichia Coli,Meropenem,Philippines,WHO GLASS (ML Excel)
Escherichia Coli,Meropenem,Philippines,WHO GLASS (ML Excel)
Escherichia Coli,Meropenem,Russian Federation,WHO GLASS (ML Excel)
Escherichia Coli,Meropenem,Russian Federation,WHO GLASS (ML Excel)
Escherichia Coli,Meropenem,Russian Federation,WHO GLASS (ML Excel)
Escherichia Coli,Meropenem,Russian Federation,WHO GLASS (ML Excel)
Escherichia Coli,Meropenem,Saudi Arabia,WHO GLASS (ML Excel)
Escherichia Coli,Meropenem,Saudi Arabia,WHO GLASS (ML Excel)
Escherichia Coli,Meropenem,Saudi Arabia,WHO GLASS (ML Excel)
Escherichia Coli,Meropenem,Saudi Arabia,WHO GLASS (ML Excel)
Escherichia Coli,Meropenem,Thailand,WHO GLASS (ML Excel)
Escherichia Coli,Meropenem,Thailand,WHO GLASS (ML Excel)
Escherichia Coli,Meropenem,Thailand,WHO GLASS (ML Excel)
Escherichia Coli,Meropenem,Thailand,WHO GLASS (ML Excel)
Klebsiella Pneumoniae,Cefepime,United Arab Emirates,WHO GLASS (ML Excel)
Klebsiella Pneumoniae,Cefepime,United Arab Emirates,WHO GLASS (ML Excel)
Klebsiella Pneumoniae,Cefepime,United Arab Emirates,WHO GLASS (ML Excel)
Klebsiella Pneumoniae,Cefepime,United Arab Emirates,WHO GLASS (ML Excel)
Klebsiella Pneumoniae,Cefepime,Argentina,WHO GLASS (ML Excel)
Klebsiella Pneumoniae,Cefepime,Argentina,WHO GLASS (ML Excel)
Klebsiella Pneumoniae,Cefepime,Argentina,WHO GLASS (ML Excel)
Klebsiella Pneumoniae,Cefepime,Argentina,WHO GLASS (ML Excel)
Klebsiella Pneumoniae,Cefepime,Bahrain,WHO GLASS (ML Excel)
Klebsiella Pneumoniae,Cefepime,Bahrain,WHO GLASS (ML Excel)
Klebsiella Pneumoniae,Cefepime,Bahrain,WHO GLASS (ML Excel)
Klebsiella Pneumoniae,Cefepime,Bahrain,WHO GLASS (ML Excel)
Klebsiella Pneumoniae,Cefepime,Egypt,WHO GLASS (ML Excel)
Klebsiella Pneumoniae,Cefepime,Egypt,WHO GLASS (ML Excel)
Klebsiella Pneumoniae,Cefepime,Egypt,WHO GLASS (ML Excel)
Klebsiella Pneumoniae,Cefepime,Egypt,WHO GLASS (ML Excel)
Klebsiella Pneumoniae,Cefepime,India,WHO GLASS (ML Excel)
Klebsiella Pneumoniae,Cefepime,India,WHO GLASS (ML Excel)
Klebsiella Pneumoniae,Cefepime,India,WHO GLASS (ML Excel)
Klebsiella Pneumoniae,Cefepime,India,WHO GLASS (ML Excel)
Klebsiella Pneumoniae,Cefepime,Japan,WHO GLASS (ML Excel)
Klebsiella Pneumoniae,Cefepime,Japan,WHO GLASS (ML Excel)
Klebsiella Pneumoniae,Cefepime,Japan,WHO GLASS (ML Excel)
Klebsiella Pneumoniae,Cefepime,Japan,WHO GLASS (ML Excel)
Klebsiella Pneumoniae,Cefepime,Republic of Korea,WHO GLASS (ML Excel)
Klebsiella Pneumoniae,Cefepime,Republic of Korea,WHO GLASS (ML Excel)
Klebsiella Pneumoniae,Cefepime,Republic of Korea,WHO GLASS (ML Excel)
Klebsiella Pneumoniae,Cefepime,Republic of Korea,WHO GLASS (ML Excel)
Klebsiella Pneumoniae,Cefepime,Malta,WHO GLASS (ML Excel)
Klebsiella Pneumoniae,Cefepime,Malta,WHO GLASS (ML Excel)
Klebsiella Pneumoniae,Cefepime,Malta,WHO GLASS (ML Excel)
Klebsiella Pneumoniae,Cefepime,Malta,WHO GLASS (ML Excel)
Klebsiella Pneumoniae,Cefepime,Malaysia,WHO GLASS (ML Excel)
Klebsiella Pneumoniae,Cefepime,Malaysia,WHO GLASS (ML Excel)
Klebsiella Pneumoniae,Cefepime,Malaysia,WHO GLASS (ML Excel)
Klebsiella Pneumoniae,Cefepime,Malaysia,WHO GLASS (ML Excel)
Klebsiella Pneumoniae,Cefepime,Oman,WHO GLASS (ML Excel)
Klebsiella Pneumoniae,Cefepime,Oman,WHO GLASS (ML Excel)
Klebsiella Pneumoniae,Cefepime,Oman,WHO GLASS (ML Excel)
Klebsiella Pneumoniae,Cefepime,Oman,WHO GLASS (ML Excel)
Klebsiella Pneumoniae,Cefepime,Pakistan,WHO GLASS (ML Excel)
Klebsiella Pneumoniae,Cefepime,Pakistan,WHO GLASS (ML Excel)
Klebsiella Pneumoniae,Cefepime,Pakistan,WHO GLASS (ML Excel)
Klebsiella Pneumoniae,Cefepime,Pakistan,WHO GLASS (ML Excel)
Klebsiella Pneumoniae,Cefepime,Philippines,WHO GLASS (ML Excel)
Klebsiella Pneumoniae,Cefepime,Philippines,WHO GLASS (ML Excel)
Klebsiella Pneumoniae,Cefepime,Philippines,WHO GLASS (ML Excel)
Klebsiella Pneumoniae,Cefepime,Philippines,WHO GLASS (ML Excel)
Klebsiella Pneumoniae,Cefepime,Saudi Arabia,WHO GLASS (ML Excel)
Klebsiella Pneumoniae,Cefepime,Saudi Arabia,WHO GLASS (ML Excel)
Klebsiella Pneumoniae,Cefepime,Saudi Arabia,WHO GLASS (ML Excel)
Klebsiella Pneumoniae,Cefepime,Saudi Arabia,WHO GLASS (ML Excel)
Klebsiella Pneumoniae,Cefepime,Tunisia,WHO GLASS (ML Excel)
Klebsiella Pneumoniae,Cefepime,Tunisia,WHO GLASS (ML Excel)
Klebsiella Pneumoniae,Cefepime,Tunisia,WHO GLASS (ML Excel)
Klebsiella Pneumoniae,Cefepime,Tunisia,WHO GLASS (ML Excel)
Klebsiella Pneumoniae,Cefotaxime,United Arab Emirates,WHO GLASS (ML Excel)
Klebsiella Pneumoniae,Cefotaxime,United Arab Emirates,WHO GLASS (ML Excel)
Klebsiella Pneumoniae,Cefotaxime,United Arab Emirates,WHO GLASS (ML Excel)
Klebsiella Pneumoniae,Cefotaxime,United Arab Emirates,WHO GLASS (ML Excel)
Klebsiella Pneumoniae,Cefotaxime,Bosnia and Herzegovina,WHO GLASS (ML Excel)
Klebsiella Pneumoniae,Cefotaxime,Bosnia and Herzegovina,WHO GLASS (ML Excel)
Klebsiella Pneumoniae,Cefotaxime,Bosnia and Herzegovina,WHO GLASS (ML Excel)
Klebsiella Pneumoniae,Cefotaxime,Bosnia and Herzegovina,WHO GLASS (ML Excel)
Klebsiella Pneumoniae,Cefotaxime,Switzerland,WHO GLASS (ML Excel)
Klebsiella Pneumoniae,Cefotaxime,Switzerland,WHO GLASS (ML Excel)
Klebsiella Pneumoniae,Cefotaxime,Switzerland,WHO GLASS (ML Excel)
Klebsiella Pneumoniae,Cefotaxime,Switzerland,WHO GLASS (ML Excel)
Klebsiella Pneumoniae,Cefotaxime,Egypt,WHO GLASS (ML Excel)
Klebsiella Pneumoniae,Cefotaxime,Egypt,WHO GLASS (ML Excel)
Klebsiella Pneumoniae,Cefotaxime,Egypt,WHO GLASS (ML Excel)
Klebsiella Pneumoniae,Cefotaxime,Egypt,WHO GLASS (ML Excel)
Klebsiella Pneumoniae,Cefotaxime,Georgia,WHO GLASS (ML Excel)
Klebsiella Pneumoniae,Cefotaxime,Georgia,WHO GLASS (ML Excel)
Klebsiella Pneumoniae,Cefotaxime,Georgia,WHO GLASS (ML Excel)
Klebsiella Pneumoniae,Cefotaxime,Georgia,WHO GLASS (ML Excel)
Klebsiella Pneumoniae,Cefotaxime,India,WHO GLASS (ML Excel)
Klebsiella Pneumoniae,Cefotaxime,India,WHO GLASS (ML Excel)
Klebsiella Pneumoniae,Cefotaxime,India,WHO GLASS (ML Excel)
Klebsiella Pneumoniae,Cefotaxime,India,WHO GLASS (ML Excel)
Klebsiella Pneumoniae,Cefotaxime,Japan,WHO GLASS (ML Excel)
Klebsiella Pneumoniae,Cefotaxime,Japan,WHO GLASS (ML Excel)
Klebsiella Pneumoniae,Cefotaxime,Japan,WHO GLASS (ML Excel)
Klebsiella Pneumoniae,Cefotaxime,Japan,WHO GLASS (ML Excel)
Klebsiella Pneumoniae,Cefotaxime,Republic of Korea,WHO GLASS (ML Excel)
Klebsiella Pneumoniae,Cefotaxime,Republic of Korea,WHO GLASS (ML Excel)
Klebsiella Pneumoniae,Cefotaxime,Republic of Korea,WHO GLASS (ML Excel)
Klebsiella Pneumoniae,Cefotaxime,Republic of Korea,WHO GLASS (ML Excel)
Klebsiella Pneumoniae,Cefotaxime,North Macedonia,WHO GLASS (ML Excel)
Klebsiella Pneumoniae,Cefotaxime,North Macedonia,WHO GLASS (ML Excel)
Klebsiella Pneumoniae,Cefotaxime,North Macedonia,WHO GLASS (ML Excel)
Klebsiella Pneumoniae,Cefotaxime,North Macedonia,WHO GLASS (ML Excel)
Klebsiella Pneumoniae,Cefotaxime,Malta,WHO GLASS (ML Excel)
Klebsiella Pneumoniae,Cefotaxime,Malta,WHO GLASS (ML Excel)
Klebsiella Pneumoniae,Cefotaxime,Malta,WHO GLASS (ML Excel)
Klebsiella Pneumoniae,Cefotaxime,Malta,WHO GLASS (ML Excel)
Klebsiella Pneumoniae,Cefotaxime,Malaysia,WHO GLASS (ML Excel)
Klebsiella Pneumoniae,Cefotaxime,Malaysia,WHO GLASS (ML Excel)
Klebsiella Pneumoniae,Cefotaxime,Malaysia,WHO GLASS (ML Excel)
Klebsiella Pneumoniae,Cefotaxime,Malaysia,WHO GLASS (ML Excel)
Klebsiella Pneumoniae,Cefotaxime,Oman,WHO GLASS (ML Excel)
Klebsiella Pneumoniae,Cefotaxime,Oman,WHO GLASS (ML Excel)
Klebsiella Pneumoniae,Cefotaxime,Oman,WHO GLASS (ML Excel)
Klebsiella Pneumoniae,Cefotaxime,Oman,WHO GLASS (ML Excel)
Klebsiella Pneumoniae,Cefotaxime,Philippines,WHO GLASS (ML Excel)
Klebsiella Pneumoniae,Cefotaxime,Philippines,WHO GLASS (ML Excel)
Klebsiella Pneumoniae,Cefotaxime,Philippines,WHO GLASS (ML Excel)
Klebsiella Pneumoniae,Cefotaxime,Philippines,WHO GLASS (ML Excel)
Klebsiella Pneumoniae,Cefotaxime,Russian Federation,WHO GLASS (ML Excel)
Klebsiella Pneumoniae,Cefotaxime,Russian Federation,WHO GLASS (ML Excel)
Klebsiella Pneumoniae,Cefotaxime,Russian Federation,WHO GLASS (ML Excel)
Klebsiella Pneumoniae,Cefotaxime,Russian Federation,WHO GLASS (ML Excel)
Klebsiella Pneumoniae,Cefotaxime,Saudi Arabia,WHO GLASS (ML Excel)
Klebsiella Pneumoniae,Cefotaxime,Saudi Arabia,WHO GLASS (ML Excel)
Klebsiella Pneumoniae,Cefotaxime,Saudi Arabia,WHO GLASS (ML Excel)
Klebsiella Pneumoniae,Cefotaxime,Saudi Arabia,WHO GLASS (ML Excel)
Klebsiella Pneumoniae,Cefotaxime,Thailand,WHO GLASS (ML Excel)
Klebsiella Pneumoniae,Cefotaxime,Thailand,WHO GLASS (ML Excel)
Klebsiella Pneumoniae,Cefotaxime,Thailand,WHO GLASS (ML Excel)
Klebsiella Pneumoniae,Cefotaxime,Thailand,WHO GLASS (ML Excel)
Klebsiella Pneumoniae,Cefotaxime,Tunisia,WHO GLASS (ML Excel)
Klebsiella Pneumoniae,Cefotaxime,Tunisia,WHO GLASS (ML Excel)
Klebsiella Pneumoniae,Cefotaxime,Tunisia,WHO GLASS (ML Excel)
Klebsiella Pneumoniae,Cefotaxime,Tunisia,WHO GLASS (ML Excel)
Klebsiella Pneumoniae,Ceftazidime,United Arab Emirates,WHO GLASS (ML Excel)
Klebsiella Pneumoniae,Ceftazidime,United Arab Emirates,WHO GLASS (ML Excel)
Klebsiella Pneumoniae,Ceftazidime,United Arab Emirates,WHO GLASS (ML Excel)
Klebsiella Pneumoniae,Ceftazidime,United Arab Emirates,WHO GLASS (ML Excel)
Klebsiella Pneumoniae,Ceftazidime,Argentina,WHO GLASS (ML Excel)
Klebsiella Pneumoniae,Ceftazidime,Argentina,WHO GLASS (ML Excel)
Klebsiella Pneumoniae,Ceftazidime,Argentina,WHO GLASS (ML Excel)
Klebsiella Pneumoniae,Ceftazidime,Argentina,WHO GLASS (ML Excel)
Klebsiella Pneumoniae,Ceftazidime,Bosnia and Herzegovina,WHO GLASS (ML Excel)
Klebsiella Pneumoniae,Ceftazidime,Bosnia and Herzegovina,WHO GLASS (ML Excel)
Klebsiella Pneumoniae,Ceftazidime,Bosnia and Herzegovina,WHO GLASS (ML Excel)
Klebsiella Pneumoniae,Ceftazidime,Bosnia and Herzegovina,WHO GLASS (ML Excel)
Klebsiella Pneumoniae,Ceftazidime,Switzerland,WHO GLASS (ML Excel)
Klebsiella Pneumoniae,Ceftazidime,Switzerland,WHO GLASS (ML Excel)
Klebsiella Pneumoniae,Ceftazidime,Switzerland,WHO GLASS (ML Excel)
Klebsiella Pneumoniae,Ceftazidime,Switzerland,WHO GLASS (ML Excel)
Klebsiella Pneumoniae,Ceftazidime,Egypt,WHO GLASS (ML Excel)
Klebsiella Pneumoniae,Ceftazidime,Egypt,WHO GLASS (ML Excel)
Klebsiella Pneumoniae,Ceftazidime,Egypt,WHO GLASS (ML Excel)
Klebsiella Pneumoniae,Ceftazidime,Egypt,WHO GLASS (ML Excel)
Klebsiella Pneumoniae,Ceftazidime,Georgia,WHO GLASS (ML Excel)
Klebsiella Pneumoniae,Ceftazidime,Georgia,WHO GLASS (ML Excel)
Klebsiella Pneumoniae,Ceftazidime,Georgia,WHO GLASS (ML Excel)
Klebsiella Pneumoniae,Ceftazidime,Georgia,WHO GLASS (ML Excel)
Klebsiella Pneumoniae,Ceftazidime,India,WHO GLASS (ML Excel)
Klebsiella Pneumoniae,Ceftazidime,India,WHO GLASS (ML Excel)
Klebsiella Pneumoniae,Ceftazidime,India,WHO GLASS (ML Excel)
Klebsiella Pneumoniae,Ceftazidime,India,WHO GLASS (ML Excel)
Klebsiella Pneumoniae,Ceftazidime,Japan,WHO GLASS (ML Excel)
Klebsiella Pneumoniae,Ceftazidime,Japan,WHO GLASS (ML Excel)
Klebsiella Pneumoniae,Ceftazidime,Japan,WHO GLASS (ML Excel)
Klebsiella Pneumoniae,Ceftazidime,Japan,WHO GLASS (ML Excel)
Klebsiella Pneumoniae,Ceftazidime,Republic of Korea,WHO GLASS (ML Excel)
Klebsiella Pneumoniae,Ceftazidime,Republic of Korea,WHO GLASS (ML Excel)
Klebsiella Pneumoniae,Ceftazidime,Republic of Korea,WHO GLASS (ML Excel)
Klebsiella Pneumoniae,Ceftazidime,Republic of Korea,WHO GLASS (ML Excel)
Klebsiella Pneumoniae,Ceftazidime,North Macedonia,WHO GLASS (ML Excel)
Klebsiella Pneumoniae,Ceftazidime,North Macedonia,WHO GLASS (ML Excel)
Klebsiella Pneumoniae,Ceftazidime,North Macedonia,WHO GLASS (ML Excel)
Klebsiella Pneumoniae,Ceftazidime,North Macedonia,WHO GLASS (ML Excel)
Klebsiella Pneumoniae,Ceftazidime,Malta,WHO GLASS (ML Excel)
Klebsiella Pneumoniae,Ceftazidime,Malta,WHO GLASS (ML Excel)
Klebsiella Pneumoniae,Ceftazidime,Malta,WHO GLASS (ML Excel)
Klebsiella Pneumoniae,Ceftazidime,Malta,WHO GLASS (ML Excel)
Klebsiella Pneumoniae,Ceftazidime,Malaysia,WHO GLASS (ML Excel)
Klebsiella Pneumoniae,Ceftazidime,Malaysia,WHO GLASS (ML Excel)
Klebsiella Pneumoniae,Ceftazidime,Malaysia,WHO GLASS (ML Excel)
Klebsiella Pneumoniae,Ceftazidime,Malaysia,WHO GLASS (ML Excel)
Klebsiella Pneumoniae,Ceftazidime,Oman,WHO GLASS (ML Excel)
Klebsiella Pneumoniae,Ceftazidime,Oman,WHO GLASS (ML Excel)
Klebsiella Pneumoniae,Ceftazidime,Oman,WHO GLASS (ML Excel)
Klebsiella Pneumoniae,Ceftazidime,Oman,WHO GLASS (ML Excel)
Klebsiella Pneumoniae,Ceftazidime,Philippines,WHO GLASS (ML Excel)
Klebsiella Pneumoniae,Ceftazidime,Philippines,WHO GLASS (ML Excel)
Klebsiella Pneumoniae,Ceftazidime,Philippines,WHO GLASS (ML Excel)
Klebsiella Pneumoniae,Ceftazidime,Philippines,WHO GLASS (ML Excel)
Klebsiella Pneumoniae,Ceftazidime,Russian Federation,WHO GLASS (ML Excel)
Klebsiella Pneumoniae,Ceftazidime,Russian Federation,WHO GLASS (ML Excel)
Klebsiella Pneumoniae,Ceftazidime,Russian Federation,WHO GLASS (ML Excel)
Klebsiella Pneumoniae,Ceftazidime,Russian Federation,WHO GLASS (ML Excel)
Klebsiella Pneumoniae,Ceftazidime,Saudi Arabia,WHO GLASS (ML Excel)
Klebsiella Pneumoniae,Ceftazidime,Saudi Arabia,WHO GLASS (ML Excel)
Klebsiella Pneumoniae,Ceftazidime,Saudi Arabia,WHO GLASS (ML Excel)
Klebsiella Pneumoniae,Ceftazidime,Saudi Arabia,WHO GLASS (ML Excel)
Klebsiella Pneumoniae,Ceftazidime,Thailand,WHO GLASS (ML Excel)
Klebsiella Pneumoniae,Ceftazidime,Thailand,WHO GLASS (ML Excel)
Klebsiella Pneumoniae,Ceftazidime,Thailand,WHO GLASS (ML Excel)
Klebsiella Pneumoniae,Ceftazidime,Thailand,WHO GLASS (ML Excel)
Klebsiella Pneumoniae,Ceftazidime,Tunisia,WHO GLASS (ML Excel)
Klebsiella Pneumoniae,Ceftazidime,Tunisia,WHO GLASS (ML Excel)
Klebsiella Pneumoniae,Ceftazidime,Tunisia,WHO GLASS (ML Excel)
Klebsiella Pneumoniae,Ceftazidime,Tunisia,WHO GLASS (ML Excel)
Klebsiella Pneumoniae,Ceftazidime,Uganda,WHO GLASS (ML Excel)
Klebsiella Pneumoniae,Ceftazidime,Uganda,WHO GLASS (ML Excel)
Klebsiella Pneumoniae,Ceftazidime,Uganda,WHO GLASS (ML Excel)
Klebsiella Pneumoniae,Ceftazidime,Uganda,WHO GLASS (ML Excel)
Klebsiella Pneumoniae,Ceftriaxone,United Arab Emirates,WHO GLASS (ML Excel)
Klebsiella Pneumoniae,Ceftriaxone,United Arab Emirates,WHO GLASS (ML Excel)
Klebsiella Pneumoniae,Ceftriaxone,United Arab Emirates,WHO GLASS (ML Excel)
Klebsiella Pneumoniae,Ceftriaxone,United Arab Emirates,WHO GLASS (ML Excel)
Klebsiella Pneumoniae,Ceftriaxone,Bahrain,WHO GLASS (ML Excel)
Klebsiella Pneumoniae,Ceftriaxone,Bahrain,WHO GLASS (ML Excel)
Klebsiella Pneumoniae,Ceftriaxone,Bahrain,WHO GLASS (ML Excel)
Klebsiella Pneumoniae,Ceftriaxone,Bahrain,WHO GLASS (ML Excel)
Klebsiella Pneumoniae,Ceftriaxone,Bosnia and Herzegovina,WHO GLASS (ML Excel)
Klebsiella Pneumoniae,Ceftriaxone,Bosnia and Herzegovina,WHO GLASS (ML Excel)
Klebsiella Pneumoniae,Ceftriaxone,Bosnia and Herzegovina,WHO GLASS (ML Excel)
Klebsiella Pneumoniae,Ceftriaxone,Bosnia and Herzegovina,WHO GLASS (ML Excel)
Klebsiella Pneumoniae,Ceftriaxone,Switzerland,WHO GLASS (ML Excel)
Klebsiella Pneumoniae,Ceftriaxone,Switzerland,WHO GLASS (ML Excel)
Klebsiella Pneumoniae,Ceftriaxone,Switzerland,WHO GLASS (ML Excel)
Klebsiella Pneumoniae,Ceftriaxone,Switzerland,WHO GLASS (ML Excel)
Klebsiella Pneumoniae,Ceftriaxone,Egypt,WHO GLASS (ML Excel)
Klebsiella Pneumoniae,Ceftriaxone,Egypt,WHO GLASS (ML Excel)
Klebsiella Pneumoniae,Ceftriaxone,Egypt,WHO GLASS (ML Excel)
Klebsiella Pneumoniae,Ceftriaxone,Egypt,WHO GLASS (ML Excel)
Klebsiella Pneumoniae,Ceftriaxone,Georgia,WHO GLASS (ML Excel)
Klebsiella Pneumoniae,Ceftriaxone,Georgia,WHO GLASS (ML Excel)
Klebsiella Pneumoniae,Ceftriaxone,Georgia,WHO GLASS (ML Excel)
Klebsiella Pneumoniae,Ceftriaxone,Georgia,WHO GLASS (ML Excel)
Klebsiella Pneumoniae,Ceftriaxone,India,WHO GLASS (ML Excel)
Klebsiella Pneumoniae,Ceftriaxone,India,WHO GLASS (ML Excel)
Klebsiella Pneumoniae,Ceftriaxone,India,WHO GLASS (ML Excel)
Klebsiella Pneumoniae,Ceftriaxone,India,WHO GLASS (ML Excel)
Klebsiella Pneumoniae,Ceftriaxone,Japan,WHO GLASS (ML Excel)
Klebsiella Pneumoniae,Ceftriaxone,Japan,WHO GLASS (ML Excel)
Klebsiella Pneumoniae,Ceftriaxone,Japan,WHO GLASS (ML Excel)
Klebsiella Pneumoniae,Ceftriaxone,Japan,WHO GLASS (ML Excel)
Klebsiella Pneumoniae,Ceftriaxone,Lao People's Democratic Republic,WHO GLASS (ML Excel)
Klebsiella Pneumoniae,Ceftriaxone,Lao People's Democratic Republic,WHO GLASS (ML Excel)
Klebsiella Pneumoniae,Ceftriaxone,Lao People's Democratic Republic,WHO GLASS (ML Excel)
Klebsiella Pneumoniae,Ceftriaxone,Lao People's Democratic Republic,WHO GLASS (ML Excel)
Klebsiella Pneumoniae,Ceftriaxone,North Macedonia,WHO GLASS (ML Excel)
Klebsiella Pneumoniae,Ceftriaxone,North Macedonia,WHO GLASS (ML Excel)
Klebsiella Pneumoniae,Ceftriaxone,North Macedonia,WHO GLASS (ML Excel)
Klebsiella Pneumoniae,Ceftriaxone,North Macedonia,WHO GLASS (ML Excel)
Klebsiella Pneumoniae,Ceftriaxone,Malaysia,WHO GLASS (ML Excel)
Klebsiella Pneumoniae,Ceftriaxone,Malaysia,WHO GLASS (ML Excel)
Klebsiella Pneumoniae,Ceftriaxone,Malaysia,WHO GLASS (ML Excel)
Klebsiella Pneumoniae,Ceftriaxone,Malaysia,WHO GLASS (ML Excel)
Klebsiella Pneumoniae,Ceftriaxone,Oman,WHO GLASS (ML Excel)
Klebsiella Pneumoniae,Ceftriaxone,Oman,WHO GLASS (ML Excel)
Klebsiella Pneumoniae,Ceftriaxone,Oman,WHO GLASS (ML Excel)
Klebsiella Pneumoniae,Ceftriaxone,Oman,WHO GLASS (ML Excel)
Klebsiella Pneumoniae,Ceftriaxone,Pakistan,WHO GLASS (ML Excel)
Klebsiella Pneumoniae,Ceftriaxone,Pakistan,WHO GLASS (ML Excel)
Klebsiella Pneumoniae,Ceftriaxone,Pakistan,WHO GLASS (ML Excel)
Klebsiella Pneumoniae,Ceftriaxone,Pakistan,WHO GLASS (ML Excel)
Klebsiella Pneumoniae,Ceftriaxone,Philippines,WHO GLASS (ML Excel)
Klebsiella Pneumoniae,Ceftriaxone,Philippines,WHO GLASS (ML Excel)
Klebsiella Pneumoniae,Ceftriaxone,Philippines,WHO GLASS (ML Excel)
Klebsiella Pneumoniae,Ceftriaxone,Philippines,WHO GLASS (ML Excel)
Klebsiella Pneumoniae,Ceftriaxone,Saudi Arabia,WHO GLASS (ML Excel)
Klebsiella Pneumoniae,Ceftriaxone,Saudi Arabia,WHO GLASS (ML Excel)
Klebsiella Pneumoniae,Ceftriaxone,Saudi Arabia,WHO GLASS (ML Excel)
Klebsiella Pneumoniae,Ceftriaxone,Saudi Arabia,WHO GLASS (ML Excel)
Klebsiella Pneumoniae,Ceftriaxone,Thailand,WHO GLASS (ML Excel)
Klebsiella Pneumoniae,Ceftriaxone,Thailand,WHO GLASS (ML Excel)
Klebsiella Pneumoniae,Ceftriaxone,Thailand,WHO GLASS (ML Excel)
Klebsiella Pneumoniae,Ceftriaxone,Thailand,WHO GLASS (ML Excel)
Klebsiella Pneumoniae,Ciprofloxacin,United Arab Emirates,WHO GLASS (ML Excel)
Klebsiella Pneumoniae,Ciprofloxacin,United Arab Emirates,WHO GLASS (ML Excel)
Klebsiella Pneumoniae,Ciprofloxacin,United Arab Emirates,WHO GLASS (ML Excel)
Klebsiella Pneumoniae,Ciprofloxacin,United Arab Emirates,WHO GLASS (ML Excel)
Klebsiella Pneumoniae,Ciprofloxacin,Argentina,WHO GLASS (ML Excel)
Klebsiella Pneumoniae,Ciprofloxacin,Argentina,WHO GLASS (ML Excel)
Klebsiella Pneumoniae,Ciprofloxacin,Argentina,WHO GLASS (ML Excel)
Klebsiella Pneumoniae,Ciprofloxacin,Argentina,WHO GLASS (ML Excel)
Klebsiella Pneumoniae,Ciprofloxacin,Bahrain,WHO GLASS (ML Excel)
Klebsiella Pneumoniae,Ciprofloxacin,Bahrain,WHO GLASS (ML Excel)
Klebsiella Pneumoniae,Ciprofloxacin,Bahrain,WHO GLASS (ML Excel)
Klebsiella Pneumoniae,Ciprofloxacin,Bahrain,WHO GLASS (ML Excel)
Klebsiella Pneumoniae,Ciprofloxacin,Bosnia and Herzegovina,WHO GLASS (ML Excel)
Klebsiella Pneumoniae,Ciprofloxacin,Bosnia and Herzegovina,WHO GLASS (ML Excel)
Klebsiella Pneumoniae,Ciprofloxacin,Bosnia and Herzegovina,WHO GLASS (ML Excel)
Klebsiella Pneumoniae,Ciprofloxacin,Bosnia and Herzegovina,WHO GLASS (ML Excel)
Klebsiella Pneumoniae,Ciprofloxacin,Switzerland,WHO GLASS (ML Excel)
Klebsiella Pneumoniae,Ciprofloxacin,Switzerland,WHO GLASS (ML Excel)
Klebsiella Pneumoniae,Ciprofloxacin,Switzerland,WHO GLASS (ML Excel)
Klebsiella Pneumoniae,Ciprofloxacin,Switzerland,WHO GLASS (ML Excel)
Klebsiella Pneumoniae,Ciprofloxacin,Egypt,WHO GLASS (ML Excel)
Klebsiella Pneumoniae,Ciprofloxacin,Egypt,WHO GLASS (ML Excel)
Klebsiella Pneumoniae,Ciprofloxacin,Egypt,WHO GLASS (ML Excel)
Klebsiella Pneumoniae,Ciprofloxacin,Egypt,WHO GLASS (ML Excel)
Klebsiella Pneumoniae,Ciprofloxacin,Georgia,WHO GLASS (ML Excel)
Klebsiella Pneumoniae,Ciprofloxacin,Georgia,WHO GLASS (ML Excel)
Klebsiella Pneumoniae,Ciprofloxacin,Georgia,WHO GLASS (ML Excel)
Klebsiella Pneumoniae,Ciprofloxacin,Georgia,WHO GLASS (ML Excel)
Klebsiella Pneumoniae,Ciprofloxacin,India,WHO GLASS (ML Excel)
Klebsiella Pneumoniae,Ciprofloxacin,India,WHO GLASS (ML Excel)
Klebsiella Pneumoniae,Ciprofloxacin,India,WHO GLASS (ML Excel)
Klebsiella Pneumoniae,Ciprofloxacin,India,WHO GLASS (ML Excel)
Klebsiella Pneumoniae,Ciprofloxacin,Japan,WHO GLASS (ML Excel)
Klebsiella Pneumoniae,Ciprofloxacin,Japan,WHO GLASS (ML Excel)
Klebsiella Pneumoniae,Ciprofloxacin,Japan,WHO GLASS (ML Excel)
Klebsiella Pneumoniae,Ciprofloxacin,Japan,WHO GLASS (ML Excel)
Klebsiella Pneumoniae,Ciprofloxacin,Republic of Korea,WHO GLASS (ML Excel)
Klebsiella Pneumoniae,Ciprofloxacin,Republic of Korea,WHO GLASS (ML Excel)
Klebsiella Pneumoniae,Ciprofloxacin,Republic of Korea,WHO GLASS (ML Excel)
Klebsiella Pneumoniae,Ciprofloxacin,Republic of Korea,WHO GLASS (ML Excel)
Klebsiella Pneumoniae,Ciprofloxacin,Lao People's Democratic Republic,WHO GLASS (ML Excel)
Klebsiella Pneumoniae,Ciprofloxacin,Lao People's Democratic Republic,WHO GLASS (ML Excel)
Klebsiella Pneumoniae,Ciprofloxacin,Lao People's Democratic Republic,WHO GLASS (ML Excel)
Klebsiella Pneumoniae,Ciprofloxacin,Lao People's Democratic Republic,WHO GLASS (ML Excel)
Klebsiella Pneumoniae,Ciprofloxacin,North Macedonia,WHO GLASS (ML Excel)
Klebsiella Pneumoniae,Ciprofloxacin,North Macedonia,WHO GLASS (ML Excel)
Klebsiella Pneumoniae,Ciprofloxacin,North Macedonia,WHO GLASS (ML Excel)
Klebsiella Pneumoniae,Ciprofloxacin,North Macedonia,WHO GLASS (ML Excel)
Klebsiella Pneumoniae,Ciprofloxacin,Malta,WHO GLASS (ML Excel)
Klebsiella Pneumoniae,Ciprofloxacin,Malta,WHO GLASS (ML Excel)
Klebsiella Pneumoniae,Ciprofloxacin,Malta,WHO GLASS (ML Excel)
Klebsiella Pneumoniae,Ciprofloxacin,Malta,WHO GLASS (ML Excel)
Klebsiella Pneumoniae,Ciprofloxacin,Malaysia,WHO GLASS (ML Excel)
Klebsiella Pneumoniae,Ciprofloxacin,Malaysia,WHO GLASS (ML Excel)
Klebsiella Pneumoniae,Ciprofloxacin,Malaysia,WHO GLASS (ML Excel)
Klebsiella Pneumoniae,Ciprofloxacin,Malaysia,WHO GLASS (ML Excel)
Klebsiella Pneumoniae,Ciprofloxacin,Oman,WHO GLASS (ML Excel)
Klebsiella Pneumoniae,Ciprofloxacin,Oman,WHO GLASS (ML Excel)
Klebsiella Pneumoniae,Ciprofloxacin,Oman,WHO GLASS (ML Excel)
Klebsiella Pneumoniae,Ciprofloxacin,Oman,WHO GLASS (ML Excel)
Klebsiella Pneumoniae,Ciprofloxacin,Pakistan,WHO GLASS (ML Excel)
Klebsiella Pneumoniae,Ciprofloxacin,Pakistan,WHO GLASS (ML Excel)
Klebsiella Pneumoniae,Ciprofloxacin,Pakistan,WHO GLASS (ML Excel)
Klebsiella Pneumoniae,Ciprofloxacin,Pakistan,WHO GLASS (ML Excel)
Klebsiella Pneumoniae,Ciprofloxacin,Philippines,WHO GLASS (ML Excel)
Klebsiella Pneumoniae,Ciprofloxacin,Philippines,WHO GLASS (ML Excel)
Klebsiella Pneumoniae,Ciprofloxacin,Philippines,WHO GLASS (ML Excel)
Klebsiella Pneumoniae,Ciprofloxacin,Philippines,WHO GLASS (ML Excel)
Klebsiella Pneumoniae,Ciprofloxacin,Russian Federation,WHO GLASS (ML Excel)
Klebsiella Pneumoniae,Ciprofloxacin,Russian Federation,WHO GLASS (ML Excel)
Klebsiella Pneumoniae,Ciprofloxacin,Russian Federation,WHO GLASS (ML Excel)
Klebsiella Pneumoniae,Ciprofloxacin,Russian Federation,WHO GLASS (ML Excel)
Klebsiella Pneumoniae,Ciprofloxacin,Saudi Arabia,WHO GLASS (ML Excel)
Klebsiella Pneumoniae,Ciprofloxacin,Saudi Arabia,WHO GLASS (ML Excel)
Klebsiella Pneumoniae,Ciprofloxacin,Saudi Arabia,WHO GLASS (ML Excel)
Klebsiella Pneumoniae,Ciprofloxacin,Saudi Arabia,WHO GLASS (ML Excel)
Klebsiella Pneumoniae,Ciprofloxacin,Thailand,WHO GLASS (ML Excel)
Klebsiella Pneumoniae,Ciprofloxacin,Thailand,WHO GLASS (ML Excel)
Klebsiella Pneumoniae,Ciprofloxacin,Thailand,WHO GLASS (ML Excel)
Klebsiella Pneumoniae,Ciprofloxacin,Thailand,WHO GLASS (ML Excel)
Klebsiella Pneumoniae,Ciprofloxacin,Tunisia,WHO GLASS (ML Excel)
Klebsiella Pneumoniae,Ciprofloxacin,Tunisia,WHO GLASS (ML Excel)
Klebsiella Pneumoniae,Ciprofloxacin,Tunisia,WHO GLASS (ML Excel)
Klebsiella Pneumoniae,Ciprofloxacin,Tunisia,WHO GLASS (ML Excel)
Klebsiella Pneumoniae,Ciprofloxacin,Uganda,WHO GLASS (ML Excel)
Klebsiella Pneumoniae,Ciprofloxacin,Uganda,WHO GLASS (ML Excel)
Klebsiella Pneumoniae,Ciprofloxacin,Uganda,WHO GLASS (ML Excel)
Klebsiella Pneumoniae,Ciprofloxacin,Uganda,WHO GLASS (ML Excel)
Klebsiella Pneumoniae,Co-Trimoxazole,United Arab Emirates,WHO GLASS (ML Excel)
Klebsiella Pneumoniae,Co-Trimoxazole,United Arab Emirates,WHO GLASS (ML Excel)
Klebsiella Pneumoniae,Co-Trimoxazole,United Arab Emirates,WHO GLASS (ML Excel)
Klebsiella Pneumoniae,Co-Trimoxazole,United Arab Emirates,WHO GLASS (ML Excel)
Klebsiella Pneumoniae,Co-Trimoxazole,Argentina,WHO GLASS (ML Excel)
Klebsiella Pneumoniae,Co-Trimoxazole,Argentina,WHO GLASS (ML Excel)
Klebsiella Pneumoniae,Co-Trimoxazole,Argentina,WHO GLASS (ML Excel)
Klebsiella Pneumoniae,Co-Trimoxazole,Argentina,WHO GLASS (ML Excel)
Klebsiella Pneumoniae,Co-Trimoxazole,Bahrain,WHO GLASS (ML Excel)
Klebsiella Pneumoniae,Co-Trimoxazole,Bahrain,WHO GLASS (ML Excel)
Klebsiella Pneumoniae,Co-Trimoxazole,Bahrain,WHO GLASS (ML Excel)
Klebsiella Pneumoniae,Co-Trimoxazole,Bahrain,WHO GLASS (ML Excel)
Klebsiella Pneumoniae,Co-Trimoxazole,India,WHO GLASS (ML Excel)
Klebsiella Pneumoniae,Co-Trimoxazole,India,WHO GLASS (ML Excel)
Klebsiella Pneumoniae,Co-Trimoxazole,India,WHO GLASS (ML Excel)
Klebsiella Pneumoniae,Co-Trimoxazole,India,WHO GLASS (ML Excel)
Klebsiella Pneumoniae,Co-Trimoxazole,Republic of Korea,WHO GLASS (ML Excel)
Klebsiella Pneumoniae,Co-Trimoxazole,Republic of Korea,WHO GLASS (ML Excel)
Klebsiella Pneumoniae,Co-Trimoxazole,Republic of Korea,WHO GLASS (ML Excel)
Klebsiella Pneumoniae,Co-Trimoxazole,Republic of Korea,WHO GLASS (ML Excel)
Klebsiella Pneumoniae,Co-Trimoxazole,Lao People's Democratic Republic,WHO GLASS (ML Excel)
Klebsiella Pneumoniae,Co-Trimoxazole,Lao People's Democratic Republic,WHO GLASS (ML Excel)
Klebsiella Pneumoniae,Co-Trimoxazole,Lao People's Democratic Republic,WHO GLASS (ML Excel)
Klebsiella Pneumoniae,Co-Trimoxazole,Lao People's Democratic Republic,WHO GLASS (ML Excel)
Klebsiella Pneumoniae,Co-Trimoxazole,Malaysia,WHO GLASS (ML Excel)
Klebsiella Pneumoniae,Co-Trimoxazole,Malaysia,WHO GLASS (ML Excel)
Klebsiella Pneumoniae,Co-Trimoxazole,Malaysia,WHO GLASS (ML Excel)
Klebsiella Pneumoniae,Co-Trimoxazole,Malaysia,WHO GLASS (ML Excel)
Klebsiella Pneumoniae,Co-Trimoxazole,Oman,WHO GLASS (ML Excel)
Klebsiella Pneumoniae,Co-Trimoxazole,Oman,WHO GLASS (ML Excel)
Klebsiella Pneumoniae,Co-Trimoxazole,Oman,WHO GLASS (ML Excel)
Klebsiella Pneumoniae,Co-Trimoxazole,Oman,WHO GLASS (ML Excel)
Klebsiella Pneumoniae,Co-Trimoxazole,Pakistan,WHO GLASS (ML Excel)
Klebsiella Pneumoniae,Co-Trimoxazole,Pakistan,WHO GLASS (ML Excel)
Klebsiella Pneumoniae,Co-Trimoxazole,Pakistan,WHO GLASS (ML Excel)
Klebsiella Pneumoniae,Co-Trimoxazole,Pakistan,WHO GLASS (ML Excel)
Klebsiella Pneumoniae,Co-Trimoxazole,Philippines,WHO GLASS (ML Excel)
Klebsiella Pneumoniae,Co-Trimoxazole,Philippines,WHO GLASS (ML Excel)
Klebsiella Pneumoniae,Co-Trimoxazole,Philippines,WHO GLASS (ML Excel)
Klebsiella Pneumoniae,Co-Trimoxazole,Philippines,WHO GLASS (ML Excel)
Klebsiella Pneumoniae,Co-Trimoxazole,Saudi Arabia,WHO GLASS (ML Excel)
Klebsiella Pneumoniae,Co-Trimoxazole,Saudi Arabia,WHO GLASS (ML Excel)
Klebsiella Pneumoniae,Co-Trimoxazole,Saudi Arabia,WHO GLASS (ML Excel)
Klebsiella Pneumoniae,Co-Trimoxazole,Saudi Arabia,WHO GLASS (ML Excel)
Klebsiella Pneumoniae,Co-Trimoxazole,Thailand,WHO GLASS (ML Excel)
Klebsiella Pneumoniae,Co-Trimoxazole,Thailand,WHO GLASS (ML Excel)
Klebsiella Pneumoniae,Co-Trimoxazole,Thailand,WHO GLASS (ML Excel)
Klebsiella Pneumoniae,Co-Trimoxazole,Thailand,WHO GLASS (ML Excel)
Klebsiella Pneumoniae,Co-Trimoxazole,Uganda,WHO GLASS (ML Excel)
Klebsiella Pneumoniae,Co-Trimoxazole,Uganda,WHO GLASS (ML Excel)
Klebsiella Pneumoniae,Co-Trimoxazole,Uganda,WHO GLASS (ML Excel)
Klebsiella Pneumoniae,Co-Trimoxazole,Uganda,WHO GLASS (ML Excel)
Klebsiella Pneumoniae,Colistin,Argentina,WHO GLASS (ML Excel)
Klebsiella Pneumoniae,Colistin,Argentina,WHO GLASS (ML Excel)
Klebsiella Pneumoniae,Colistin,Argentina,WHO GLASS (ML Excel)
Klebsiella Pneumoniae,Colistin,Argentina,WHO GLASS (ML Excel)
Klebsiella Pneumoniae,Colistin,Bahrain,WHO GLASS (ML Excel)
Klebsiella Pneumoniae,Colistin,Bahrain,WHO GLASS (ML Excel)
Klebsiella Pneumoniae,Colistin,Bahrain,WHO GLASS (ML Excel)
Klebsiella Pneumoniae,Colistin,Bahrain,WHO GLASS (ML Excel)
Klebsiella Pneumoniae,Colistin,Switzerland,WHO GLASS (ML Excel)
Klebsiella Pneumoniae,Colistin,Switzerland,WHO GLASS (ML Excel)
Klebsiella Pneumoniae,Colistin,Switzerland,WHO GLASS (ML Excel)
Klebsiella Pneumoniae,Colistin,Switzerland,WHO GLASS (ML Excel)
Klebsiella Pneumoniae,Colistin,Georgia,WHO GLASS (ML Excel)
Klebsiella Pneumoniae,Colistin,Georgia,WHO GLASS (ML Excel)
Klebsiella Pneumoniae,Colistin,Georgia,WHO GLASS (ML Excel)
Klebsiella Pneumoniae,Colistin,Georgia,WHO GLASS (ML Excel)
Klebsiella Pneumoniae,Colistin,North Macedonia,WHO GLASS (ML Excel)
Klebsiella Pneumoniae,Colistin,North Macedonia,WHO GLASS (ML Excel)
Klebsiella Pneumoniae,Colistin,North Macedonia,WHO GLASS (ML Excel)
Klebsiella Pneumoniae,Colistin,North Macedonia,WHO GLASS (ML Excel)
Klebsiella Pneumoniae,Colistin,Malta,WHO GLASS (ML Excel)
Klebsiella Pneumoniae,Colistin,Malta,WHO GLASS (ML Excel)
Klebsiella Pneumoniae,Colistin,Malta,WHO GLASS (ML Excel)
Klebsiella Pneumoniae,Colistin,Malta,WHO GLASS (ML Excel)
Klebsiella Pneumoniae,Colistin,Malaysia,WHO GLASS (ML Excel)
Klebsiella Pneumoniae,Colistin,Malaysia,WHO GLASS (ML Excel)
Klebsiella Pneumoniae,Colistin,Malaysia,WHO GLASS (ML Excel)
Klebsiella Pneumoniae,Colistin,Malaysia,WHO GLASS (ML Excel)
Klebsiella Pneumoniae,Colistin,Oman,WHO GLASS (ML Excel)
Klebsiella Pneumoniae,Colistin,Oman,WHO GLASS (ML Excel)
Klebsiella Pneumoniae,Colistin,Oman,WHO GLASS (ML Excel)
Klebsiella Pneumoniae,Colistin,Oman,WHO GLASS (ML Excel)
Klebsiella Pneumoniae,Colistin,Philippines,WHO GLASS (ML Excel)
Klebsiella Pneumoniae,Colistin,Philippines,WHO GLASS (ML Excel)
Klebsiella Pneumoniae,Colistin,Philippines,WHO GLASS (ML Excel)
Klebsiella Pneumoniae,Colistin,Philippines,WHO GLASS (ML Excel)
Klebsiella Pneumoniae,Colistin,Saudi Arabia,WHO GLASS (ML Excel)
Klebsiella Pneumoniae,Colistin,Saudi Arabia,WHO GLASS (ML Excel)
Klebsiella Pneumoniae,Colistin,Saudi Arabia,WHO GLASS (ML Excel)
Klebsiella Pneumoniae,Colistin,Saudi Arabia,WHO GLASS (ML Excel)
Klebsiella Pneumoniae,Colistin,Thailand,WHO GLASS (ML Excel)
Klebsiella Pneumoniae,Colistin,Thailand,WHO GLASS (ML Excel)
Klebsiella Pneumoniae,Colistin,Thailand,WHO GLASS (ML Excel)
Klebsiella Pneumoniae,Colistin,Thailand,WHO GLASS (ML Excel)
Klebsiella Pneumoniae,Colistin,Tunisia,WHO GLASS (ML Excel)
Klebsiella Pneumoniae,Colistin,Tunisia,WHO GLASS (ML Excel)
Klebsiella Pneumoniae,Colistin,Tunisia,WHO GLASS (ML Excel)
Klebsiella Pneumoniae,Colistin,Tunisia,WHO GLASS (ML Excel)
Klebsiella Pneumoniae,Doripenem,Malaysia,WHO GLASS (ML Excel)
Klebsiella Pneumoniae,Doripenem,Malaysia,WHO GLASS (ML Excel)
Klebsiella Pneumoniae,Doripenem,Malaysia,WHO GLASS (ML Excel)
Klebsiella Pneumoniae,Doripenem,Malaysia,WHO GLASS (ML Excel)
Klebsiella Pneumoniae,Doripenem,Philippines,WHO GLASS (ML Excel)
Klebsiella Pneumoniae,Doripenem,Philippines,WHO GLASS (ML Excel)
Klebsiella Pneumoniae,Doripenem,Philippines,WHO GLASS (ML Excel)
Klebsiella Pneumoniae,Doripenem,Philippines,WHO GLASS (ML Excel)
Klebsiella Pneumoniae,Doripenem,Thailand,WHO GLASS (ML Excel)
Klebsiella Pneumoniae,Doripenem,Thailand,WHO GLASS (ML Excel)
Klebsiella Pneumoniae,Doripenem,Thailand,WHO GLASS (ML Excel)
Klebsiella Pneumoniae,Doripenem,Thailand,WHO GLASS (ML Excel)
Klebsiella Pneumoniae,Ertapenem,United Arab Emirates,WHO GLASS (ML Excel)
Klebsiella Pneumoniae,Ertapenem,United Arab Emirates,WHO GLASS (ML Excel)
Klebsiella Pneumoniae,Ertapenem,United Arab Emirates,WHO GLASS (ML Excel)
Klebsiella Pneumoniae,Ertapenem,United Arab Emirates,WHO GLASS (ML Excel)
Klebsiella Pneumoniae,Ertapenem,Argentina,WHO GLASS (ML Excel)
Klebsiella Pneumoniae,Ertapenem,Argentina,WHO GLASS (ML Excel)
Klebsiella Pneumoniae,Ertapenem,Argentina,WHO GLASS (ML Excel)
Klebsiella Pneumoniae,Ertapenem,Argentina,WHO GLASS (ML Excel)
Klebsiella Pneumoniae,Ertapenem,Bahrain,WHO GLASS (ML Excel)
Klebsiella Pneumoniae,Ertapenem,Bahrain,WHO GLASS (ML Excel)
Klebsiella Pneumoniae,Ertapenem,Bahrain,WHO GLASS (ML Excel)
Klebsiella Pneumoniae,Ertapenem,Bahrain,WHO GLASS (ML Excel)
Klebsiella Pneumoniae,Ertapenem,Bosnia and Herzegovina,WHO GLASS (ML Excel)
Klebsiella Pneumoniae,Ertapenem,Bosnia and Herzegovina,WHO GLASS (ML Excel)
Klebsiella Pneumoniae,Ertapenem,Bosnia and Herzegovina,WHO GLASS (ML Excel)
Klebsiella Pneumoniae,Ertapenem,Bosnia and Herzegovina,WHO GLASS (ML Excel)
Klebsiella Pneumoniae,Ertapenem,Switzerland,WHO GLASS (ML Excel)
Klebsiella Pneumoniae,Ertapenem,Switzerland,WHO GLASS (ML Excel)
Klebsiella Pneumoniae,Ertapenem,Switzerland,WHO GLASS (ML Excel)
Klebsiella Pneumoniae,Ertapenem,Switzerland,WHO GLASS (ML Excel)
Klebsiella Pneumoniae,Ertapenem,Georgia,WHO GLASS (ML Excel)
Klebsiella Pneumoniae,Ertapenem,Georgia,WHO GLASS (ML Excel)
Klebsiella Pneumoniae,Ertapenem,Georgia,WHO GLASS (ML Excel)
Klebsiella Pneumoniae,Ertapenem,Georgia,WHO GLASS (ML Excel)
Klebsiella Pneumoniae,Ertapenem,India,WHO GLASS (ML Excel)
Klebsiella Pneumoniae,Ertapenem,India,WHO GLASS (ML Excel)
Klebsiella Pneumoniae,Ertapenem,India,WHO GLASS (ML Excel)
Klebsiella Pneumoniae,Ertapenem,India,WHO GLASS (ML Excel)
Klebsiella Pneumoniae,Ertapenem,Republic of Korea,WHO GLASS (ML Excel)
Klebsiella Pneumoniae,Ertapenem,Republic of Korea,WHO GLASS (ML Excel)
Klebsiella Pneumoniae,Ertapenem,Republic of Korea,WHO GLASS (ML Excel)
Klebsiella Pneumoniae,Ertapenem,Republic of Korea,WHO GLASS (ML Excel)
Klebsiella Pneumoniae,Ertapenem,Malaysia,WHO GLASS (ML Excel)
Klebsiella Pneumoniae,Ertapenem,Malaysia,WHO GLASS (ML Excel)
Klebsiella Pneumoniae,Ertapenem,Malaysia,WHO GLASS (ML Excel)
Klebsiella Pneumoniae,Ertapenem,Malaysia,WHO GLASS (ML Excel)
Klebsiella Pneumoniae,Ertapenem,Oman,WHO GLASS (ML Excel)
Klebsiella Pneumoniae,Ertapenem,Oman,WHO GLASS (ML Excel)
Klebsiella Pneumoniae,Ertapenem,Oman,WHO GLASS (ML Excel)
Klebsiella Pneumoniae,Ertapenem,Oman,WHO GLASS (ML Excel)
Klebsiella Pneumoniae,Ertapenem,Philippines,WHO GLASS (ML Excel)
Klebsiella Pneumoniae,Ertapenem,Philippines,WHO GLASS (ML Excel)
Klebsiella Pneumoniae,Ertapenem,Philippines,WHO GLASS (ML Excel)
Klebsiella Pneumoniae,Ertapenem,Philippines,WHO GLASS (ML Excel)
Klebsiella Pneumoniae,Ertapenem,Russian Federation,WHO GLASS (ML Excel)
Klebsiella Pneumoniae,Ertapenem,Russian Federation,WHO GLASS (ML Excel)
Klebsiella Pneumoniae,Ertapenem,Russian Federation,WHO GLASS (ML Excel)
Klebsiella Pneumoniae,Ertapenem,Russian Federation,WHO GLASS (ML Excel)
Klebsiella Pneumoniae,Ertapenem,Saudi Arabia,WHO GLASS (ML Excel)
Klebsiella Pneumoniae,Ertapenem,Saudi Arabia,WHO GLASS (ML Excel)
Klebsiella Pneumoniae,Ertapenem,Saudi Arabia,WHO GLASS (ML Excel)
Klebsiella Pneumoniae,Ertapenem,Saudi Arabia,WHO GLASS (ML Excel)
Klebsiella Pneumoniae,Ertapenem,Thailand,WHO GLASS (ML Excel)
Klebsiella Pneumoniae,Ertapenem,Thailand,WHO GLASS (ML Excel)
Klebsiella Pneumoniae,Ertapenem,Thailand,WHO GLASS (ML Excel)
Klebsiella Pneumoniae,Ertapenem,Thailand,WHO GLASS (ML Excel)
Klebsiella Pneumoniae,Ertapenem,Tunisia,WHO GLASS (ML Excel)
Klebsiella Pneumoniae,Ertapenem,Tunisia,WHO GLASS (ML Excel)
Klebsiella Pneumoniae,Ertapenem,Tunisia,WHO GLASS (ML Excel)
Klebsiella Pneumoniae,Ertapenem,Tunisia,WHO GLASS (ML Excel)
Acinetobacter Spp.,Gentamicin,United Arab Emirates,WHO GLASS (ML Excel)
Acinetobacter Spp.,Gentamicin,United Arab Emirates,WHO GLASS (ML Excel)
Acinetobacter Spp.,Gentamicin,United Arab Emirates,WHO GLASS (ML Excel)
Acinetobacter Spp.,Gentamicin,United Arab Emirates,WHO GLASS (ML Excel)
Acinetobacter Spp.,Gentamicin,Argentina,WHO GLASS (ML Excel)
Acinetobacter Spp.,Gentamicin,Argentina,WHO GLASS (ML Excel)
Acinetobacter Spp.,Gentamicin,Argentina,WHO GLASS (ML Excel)
Acinetobacter Spp.,Gentamicin,Argentina,WHO GLASS (ML Excel)
Acinetobacter Spp.,Gentamicin,Bosnia and Herzegovina,WHO GLASS (ML Excel)
Acinetobacter Spp.,Gentamicin,Bosnia and Herzegovina,WHO GLASS (ML Excel)
Acinetobacter Spp.,Gentamicin,Bosnia and Herzegovina,WHO GLASS (ML Excel)
Acinetobacter Spp.,Gentamicin,Bosnia and Herzegovina,WHO GLASS (ML Excel)
Acinetobacter Spp.,Gentamicin,Switzerland,WHO GLASS (ML Excel)
Acinetobacter Spp.,Gentamicin,Switzerland,WHO GLASS (ML Excel)
Acinetobacter Spp.,Gentamicin,Switzerland,WHO GLASS (ML Excel)
Acinetobacter Spp.,Gentamicin,Switzerland,WHO GLASS (ML Excel)
Acinetobacter Spp.,Gentamicin,Egypt,WHO GLASS (ML Excel)
Acinetobacter Spp.,Gentamicin,Egypt,WHO GLASS (ML Excel)
Acinetobacter Spp.,Gentamicin,Egypt,WHO GLASS (ML Excel)
Acinetobacter Spp.,Gentamicin,Egypt,WHO GLASS (ML Excel)
Acinetobacter Spp.,Gentamicin,Georgia,WHO GLASS (ML Excel)
Acinetobacter Spp.,Gentamicin,Georgia,WHO GLASS (ML Excel)
Acinetobacter Spp.,Gentamicin,Georgia,WHO GLASS (ML Excel)
Acinetobacter Spp.,Gentamicin,Georgia,WHO GLASS (ML Excel)
Acinetobacter Spp.,Gentamicin,Republic of Korea,WHO GLASS (ML Excel)
Acinetobacter Spp.,Gentamicin,Republic of Korea,WHO GLASS (ML Excel)
Acinetobacter Spp.,Gentamicin,Republic of Korea,WHO GLASS (ML Excel)
Acinetobacter Spp.,Gentamicin,Republic of Korea,WHO GLASS (ML Excel)
Acinetobacter Spp.,Gentamicin,Lao People's Democratic Republic,WHO GLASS (ML Excel)
Acinetobacter Spp.,Gentamicin,Lao People's Democratic Republic,WHO GLASS (ML Excel)
Acinetobacter Spp.,Gentamicin,Lao People's Democratic Republic,WHO GLASS (ML Excel)
Acinetobacter Spp.,Gentamicin,Lao People's Democratic Republic,WHO GLASS (ML Excel)
Acinetobacter Spp.,Gentamicin,North Macedonia,WHO GLASS (ML Excel)
Acinetobacter Spp.,Gentamicin,North Macedonia,WHO GLASS (ML Excel)
Acinetobacter Spp.,Gentamicin,North Macedonia,WHO GLASS (ML Excel)
Acinetobacter Spp.,Gentamicin,North Macedonia,WHO GLASS (ML Excel)
Acinetobacter Spp.,Gentamicin,Malaysia,WHO GLASS (ML Excel)
Acinetobacter Spp.,Gentamicin,Malaysia,WHO GLASS (ML Excel)
Acinetobacter Spp.,Gentamicin,Malaysia,WHO GLASS (ML Excel)
Acinetobacter Spp.,Gentamicin,Malaysia,WHO GLASS (ML Excel)
Acinetobacter Spp.,Gentamicin,Oman,WHO GLASS (ML Excel)
Acinetobacter Spp.,Gentamicin,Oman,WHO GLASS (ML Excel)
Acinetobacter Spp.,Gentamicin,Oman,WHO GLASS (ML Excel)
Acinetobacter Spp.,Gentamicin,Oman,WHO GLASS (ML Excel)
Acinetobacter Spp.,Gentamicin,Pakistan,WHO GLASS (ML Excel)
Acinetobacter Spp.,Gentamicin,Pakistan,WHO GLASS (ML Excel)
Acinetobacter Spp.,Gentamicin,Pakistan,WHO GLASS (ML Excel)
Acinetobacter Spp.,Gentamicin,Pakistan,WHO GLASS (ML Excel)
Acinetobacter Spp.,Gentamicin,Philippines,WHO GLASS (ML Excel)
Acinetobacter Spp.,Gentamicin,Philippines,WHO GLASS (ML Excel)
Acinetobacter Spp.,Gentamicin,Philippines,WHO GLASS (ML Excel)
Acinetobacter Spp.,Gentamicin,Philippines,WHO GLASS (ML Excel)
Acinetobacter Spp.,Gentamicin,Russian Federation,WHO GLASS (ML Excel)
Acinetobacter Spp.,Gentamicin,Russian Federation,WHO GLASS (ML Excel)
Acinetobacter Spp.,Gentamicin,Russian Federation,WHO GLASS (ML Excel)
Acinetobacter Spp.,Gentamicin,Russian Federation,WHO GLASS (ML Excel)
Acinetobacter Spp.,Gentamicin,Saudi Arabia,WHO GLASS (ML Excel)
Acinetobacter Spp.,Gentamicin,Saudi Arabia,WHO GLASS (ML Excel)
Acinetobacter Spp.,Gentamicin,Saudi Arabia,WHO GLASS (ML Excel)
Acinetobacter Spp.,Gentamicin,Saudi Arabia,WHO GLASS (ML Excel)
Acinetobacter Spp.,Gentamicin,Thailand,WHO GLASS (ML Excel)
Acinetobacter Spp.,Gentamicin,Thailand,WHO GLASS (ML Excel)
Acinetobacter Spp.,Gentamicin,Thailand,WHO GLASS (ML Excel)
Acinetobacter Spp.,Gentamicin,Thailand,WHO GLASS (ML Excel)
Acinetobacter Spp.,Gentamicin,South Africa,WHO GLASS (ML Excel)
Acinetobacter Spp.,Gentamicin,South Africa,WHO GLASS (ML Excel)
Acinetobacter Spp.,Gentamicin,South Africa,WHO GLASS (ML Excel)
Acinetobacter Spp.,Gentamicin,South Africa,WHO GLASS (ML Excel)
Klebsiella Pneumoniae,Imipenem,United Arab Emirates,WHO GLASS (ML Excel)
Klebsiella Pneumoniae,Imipenem,United Arab Emirates,WHO GLASS (ML Excel)
Klebsiella Pneumoniae,Imipenem,United Arab Emirates,WHO GLASS (ML Excel)
Klebsiella Pneumoniae,Imipenem,United Arab Emirates,WHO GLASS (ML Excel)
Klebsiella Pneumoniae,Imipenem,Argentina,WHO GLASS (ML Excel)
Klebsiella Pneumoniae,Imipenem,Argentina,WHO GLASS (ML Excel)
Klebsiella Pneumoniae,Imipenem,Argentina,WHO GLASS (ML Excel)
Klebsiella Pneumoniae,Imipenem,Argentina,WHO GLASS (ML Excel)
Klebsiella Pneumoniae,Imipenem,Bahrain,WHO GLASS (ML Excel)
Klebsiella Pneumoniae,Imipenem,Bahrain,WHO GLASS (ML Excel)
Klebsiella Pneumoniae,Imipenem,Bahrain,WHO GLASS (ML Excel)
Klebsiella Pneumoniae,Imipenem,Bahrain,WHO GLASS (ML Excel)
Klebsiella Pneumoniae,Imipenem,Bosnia and Herzegovina,WHO GLASS (ML Excel)
Klebsiella Pneumoniae,Imipenem,Bosnia and Herzegovina,WHO GLASS (ML Excel)
Klebsiella Pneumoniae,Imipenem,Bosnia and Herzegovina,WHO GLASS (ML Excel)
Klebsiella Pneumoniae,Imipenem,Bosnia and Herzegovina,WHO GLASS (ML Excel)
Klebsiella Pneumoniae,Imipenem,Switzerland,WHO GLASS (ML Excel)
Klebsiella Pneumoniae,Imipenem,Switzerland,WHO GLASS (ML Excel)
Klebsiella Pneumoniae,Imipenem,Switzerland,WHO GLASS (ML Excel)
Klebsiella Pneumoniae,Imipenem,Switzerland,WHO GLASS (ML Excel)
Klebsiella Pneumoniae,Imipenem,Egypt,WHO GLASS (ML Excel)
Klebsiella Pneumoniae,Imipenem,Egypt,WHO GLASS (ML Excel)
Klebsiella Pneumoniae,Imipenem,Egypt,WHO GLASS (ML Excel)
Klebsiella Pneumoniae,Imipenem,Egypt,WHO GLASS (ML Excel)
Klebsiella Pneumoniae,Imipenem,Georgia,WHO GLASS (ML Excel)
Klebsiella Pneumoniae,Imipenem,Georgia,WHO GLASS (ML Excel)
Klebsiella Pneumoniae,Imipenem,Georgia,WHO GLASS (ML Excel)
Klebsiella Pneumoniae,Imipenem,Georgia,WHO GLASS (ML Excel)
Klebsiella Pneumoniae,Imipenem,India,WHO GLASS (ML Excel)
Klebsiella Pneumoniae,Imipenem,India,WHO GLASS (ML Excel)
Klebsiella Pneumoniae,Imipenem,India,WHO GLASS (ML Excel)
Klebsiella Pneumoniae,Imipenem,India,WHO GLASS (ML Excel)
Klebsiella Pneumoniae,Imipenem,Japan,WHO GLASS (ML Excel)
Klebsiella Pneumoniae,Imipenem,Japan,WHO GLASS (ML Excel)
Klebsiella Pneumoniae,Imipenem,Japan,WHO GLASS (ML Excel)
Klebsiella Pneumoniae,Imipenem,Japan,WHO GLASS (ML Excel)
Klebsiella Pneumoniae,Imipenem,Republic of Korea,WHO GLASS (ML Excel)
Klebsiella Pneumoniae,Imipenem,Republic of Korea,WHO GLASS (ML Excel)
Klebsiella Pneumoniae,Imipenem,Republic of Korea,WHO GLASS (ML Excel)
Klebsiella Pneumoniae,Imipenem,Republic of Korea,WHO GLASS (ML Excel)
Klebsiella Pneumoniae,Imipenem,North Macedonia,WHO GLASS (ML Excel)
Klebsiella Pneumoniae,Imipenem,North Macedonia,WHO GLASS (ML Excel)
Klebsiella Pneumoniae,Imipenem,North Macedonia,WHO GLASS (ML Excel)
Klebsiella Pneumoniae,Imipenem,North Macedonia,WHO GLASS (ML Excel)
Klebsiella Pneumoniae,Imipenem,Malta,WHO GLASS (ML Excel)
Klebsiella Pneumoniae,Imipenem,Malta,WHO GLASS (ML Excel)
Klebsiella Pneumoniae,Imipenem,Malta,WHO GLASS (ML Excel)
Klebsiella Pneumoniae,Imipenem,Malta,WHO GLASS (ML Excel)
Klebsiella Pneumoniae,Imipenem,Malaysia,WHO GLASS (ML Excel)
Klebsiella Pneumoniae,Imipenem,Malaysia,WHO GLASS (ML Excel)
Klebsiella Pneumoniae,Imipenem,Malaysia,WHO GLASS (ML Excel)
Klebsiella Pneumoniae,Imipenem,Malaysia,WHO GLASS (ML Excel)
Klebsiella Pneumoniae,Imipenem,Oman,WHO GLASS (ML Excel)
Klebsiella Pneumoniae,Imipenem,Oman,WHO GLASS (ML Excel)
Klebsiella Pneumoniae,Imipenem,Oman,WHO GLASS (ML Excel)
Klebsiella Pneumoniae,Imipenem,Oman,WHO GLASS (ML Excel)
Klebsiella Pneumoniae,Imipenem,Pakistan,WHO GLASS (ML Excel)
Klebsiella Pneumoniae,Imipenem,Pakistan,WHO GLASS (ML Excel)
Klebsiella Pneumoniae,Imipenem,Pakistan,WHO GLASS (ML Excel)
Klebsiella Pneumoniae,Imipenem,Pakistan,WHO GLASS (ML Excel)
Klebsiella Pneumoniae,Imipenem,Philippines,WHO GLASS (ML Excel)
Klebsiella Pneumoniae,Imipenem,Philippines,WHO GLASS (ML Excel)
Klebsiella Pneumoniae,Imipenem,Philippines,WHO GLASS (ML Excel)
Klebsiella Pneumoniae,Imipenem,Philippines,WHO GLASS (ML Excel)
Klebsiella Pneumoniae,Imipenem,Russian Federation,WHO GLASS (ML Excel)
Klebsiella Pneumoniae,Imipenem,Russian Federation,WHO GLASS (ML Excel)
Klebsiella Pneumoniae,Imipenem,Russian Federation,WHO GLASS (ML Excel)
Klebsiella Pneumoniae,Imipenem,Russian Federation,WHO GLASS (ML Excel)
Klebsiella Pneumoniae,Imipenem,Saudi Arabia,WHO GLASS (ML Excel)
Klebsiella Pneumoniae,Imipenem,Saudi Arabia,WHO GLASS (ML Excel)
Klebsiella Pneumoniae,Imipenem,Saudi Arabia,WHO GLASS (ML Excel)
Klebsiella Pneumoniae,Imipenem,Saudi Arabia,WHO GLASS (ML Excel)
Klebsiella Pneumoniae,Imipenem,Thailand,WHO GLASS (ML Excel)
Klebsiella Pneumoniae,Imipenem,Thailand,WHO GLASS (ML Excel)
Klebsiella Pneumoniae,Imipenem,Thailand,WHO GLASS (ML Excel)
Klebsiella Pneumoniae,Imipenem,Thailand,WHO GLASS (ML Excel)
Klebsiella Pneumoniae,Imipenem,Tunisia,WHO GLASS (ML Excel)
Klebsiella Pneumoniae,Imipenem,Tunisia,WHO GLASS (ML Excel)
Klebsiella Pneumoniae,Imipenem,Tunisia,WHO GLASS (ML Excel)
Klebsiella Pneumoniae,Imipenem,Tunisia,WHO GLASS (ML Excel)
Klebsiella Pneumoniae,Imipenem,Uganda,WHO GLASS (ML Excel)
Klebsiella Pneumoniae,Imipenem,Uganda,WHO GLASS (ML Excel)
Klebsiella Pneumoniae,Imipenem,Uganda,WHO GLASS (ML Excel)
Klebsiella Pneumoniae,Imipenem,Uganda,WHO GLASS (ML Excel)
Klebsiella Pneumoniae,Levofloxacin,United Arab Emirates,WHO GLASS (ML Excel)
Klebsiella Pneumoniae,Levofloxacin,United Arab Emirates,WHO GLASS (ML Excel)
Klebsiella Pneumoniae,Levofloxacin,United Arab Emirates,WHO GLASS (ML Excel)
Klebsiella Pneumoniae,Levofloxacin,United Arab Emirates,WHO GLASS (ML Excel)
Klebsiella Pneumoniae,Levofloxacin,Bosnia and Herzegovina,WHO GLASS (ML Excel)
Klebsiella Pneumoniae,Levofloxacin,Bosnia and Herzegovina,WHO GLASS (ML Excel)
Klebsiella Pneumoniae,Levofloxacin,Bosnia and Herzegovina,WHO GLASS (ML Excel)
Klebsiella Pneumoniae,Levofloxacin,Bosnia and Herzegovina,WHO GLASS (ML Excel)
Klebsiella Pneumoniae,Levofloxacin,Switzerland,WHO GLASS (ML Excel)
Klebsiella Pneumoniae,Levofloxacin,Switzerland,WHO GLASS (ML Excel)
Klebsiella Pneumoniae,Levofloxacin,Switzerland,WHO GLASS (ML Excel)
Klebsiella Pneumoniae,Levofloxacin,Switzerland,WHO GLASS (ML Excel)
Klebsiella Pneumoniae,Levofloxacin,Egypt,WHO GLASS (ML Excel)
Klebsiella Pneumoniae,Levofloxacin,Egypt,WHO GLASS (ML Excel)
Klebsiella Pneumoniae,Levofloxacin,Egypt,WHO GLASS (ML Excel)
Klebsiella Pneumoniae,Levofloxacin,Egypt,WHO GLASS (ML Excel)
Klebsiella Pneumoniae,Levofloxacin,Georgia,WHO GLASS (ML Excel)
Klebsiella Pneumoniae,Levofloxacin,Georgia,WHO GLASS (ML Excel)
Klebsiella Pneumoniae,Levofloxacin,Georgia,WHO GLASS (ML Excel)
Klebsiella Pneumoniae,Levofloxacin,Georgia,WHO GLASS (ML Excel)
Klebsiella Pneumoniae,Levofloxacin,Japan,WHO GLASS (ML Excel)
Klebsiella Pneumoniae,Levofloxacin,Japan,WHO GLASS (ML Excel)
Klebsiella Pneumoniae,Levofloxacin,Japan,WHO GLASS (ML Excel)
Klebsiella Pneumoniae,Levofloxacin,Japan,WHO GLASS (ML Excel)
Klebsiella Pneumoniae,Levofloxacin,Philippines,WHO GLASS (ML Excel)
Klebsiella Pneumoniae,Levofloxacin,Philippines,WHO GLASS (ML Excel)
Klebsiella Pneumoniae,Levofloxacin,Philippines,WHO GLASS (ML Excel)
Klebsiella Pneumoniae,Levofloxacin,Philippines,WHO GLASS (ML Excel)
Klebsiella Pneumoniae,Levofloxacin,Saudi Arabia,WHO GLASS (ML Excel)
Klebsiella Pneumoniae,Levofloxacin,Saudi Arabia,WHO GLASS (ML Excel)
Klebsiella Pneumoniae,Levofloxacin,Saudi Arabia,WHO GLASS (ML Excel)
Klebsiella Pneumoniae,Levofloxacin,Saudi Arabia,WHO GLASS (ML Excel)
Klebsiella Pneumoniae,Levofloxacin,Thailand,WHO GLASS (ML Excel)
Klebsiella Pneumoniae,Levofloxacin,Thailand,WHO GLASS (ML Excel)
Klebsiella Pneumoniae,Levofloxacin,Thailand,WHO GLASS (ML Excel)
Klebsiella Pneumoniae,Levofloxacin,Thailand,WHO GLASS (ML Excel)
Klebsiella Pneumoniae,Meropenem,United Arab Emirates,WHO GLASS (ML Excel)
Klebsiella Pneumoniae,Meropenem,United Arab Emirates,WHO GLASS (ML Excel)
Klebsiella Pneumoniae,Meropenem,United Arab Emirates,WHO GLASS (ML Excel)
Klebsiella Pneumoniae,Meropenem,United Arab Emirates,WHO GLASS (ML Excel)
Klebsiella Pneumoniae,Meropenem,Argentina,WHO GLASS (ML Excel)
Klebsiella Pneumoniae,Meropenem,Argentina,WHO GLASS (ML Excel)
Klebsiella Pneumoniae,Meropenem,Argentina,WHO GLASS (ML Excel)
Klebsiella Pneumoniae,Meropenem,Argentina,WHO GLASS (ML Excel)
Klebsiella Pneumoniae,Meropenem,Bahrain,WHO GLASS (ML Excel)
Klebsiella Pneumoniae,Meropenem,Bahrain,WHO GLASS (ML Excel)
Klebsiella Pneumoniae,Meropenem,Bahrain,WHO GLASS (ML Excel)
Klebsiella Pneumoniae,Meropenem,Bahrain,WHO GLASS (ML Excel)
Klebsiella Pneumoniae,Meropenem,Bosnia and Herzegovina,WHO GLASS (ML Excel)
Klebsiella Pneumoniae,Meropenem,Bosnia and Herzegovina,WHO GLASS (ML Excel)
Klebsiella Pneumoniae,Meropenem,Bosnia and Herzegovina,WHO GLASS (ML Excel)
Klebsiella Pneumoniae,Meropenem,Bosnia and Herzegovina,WHO GLASS (ML Excel)
Klebsiella Pneumoniae,Meropenem,Switzerland,WHO GLASS (ML Excel)
Klebsiella Pneumoniae,Meropenem,Switzerland,WHO GLASS (ML Excel)
Klebsiella Pneumoniae,Meropenem,Switzerland,WHO GLASS (ML Excel)
Klebsiella Pneumoniae,Meropenem,Switzerland,WHO GLASS (ML Excel)
Klebsiella Pneumoniae,Meropenem,Egypt,WHO GLASS (ML Excel)
Klebsiella Pneumoniae,Meropenem,Egypt,WHO GLASS (ML Excel)
Klebsiella Pneumoniae,Meropenem,Egypt,WHO GLASS (ML Excel)
Klebsiella Pneumoniae,Meropenem,Egypt,WHO GLASS (ML Excel)
Klebsiella Pneumoniae,Meropenem,Georgia,WHO GLASS (ML Excel)
Klebsiella Pneumoniae,Meropenem,Georgia,WHO GLASS (ML Excel)
Klebsiella Pneumoniae,Meropenem,Georgia,WHO GLASS (ML Excel)
Klebsiella Pneumoniae,Meropenem,Georgia,WHO GLASS (ML Excel)
Klebsiella Pneumoniae,Meropenem,Japan,WHO GLASS (ML Excel)
Klebsiella Pneumoniae,Meropenem,Japan,WHO GLASS (ML Excel)
Klebsiella Pneumoniae,Meropenem,Japan,WHO GLASS (ML Excel)
Klebsiella Pneumoniae,Meropenem,Japan,WHO GLASS (ML Excel)
Klebsiella Pneumoniae,Meropenem,Republic of Korea,WHO GLASS (ML Excel)
Klebsiella Pneumoniae,Meropenem,Republic of Korea,WHO GLASS (ML Excel)
Klebsiella Pneumoniae,Meropenem,Republic of Korea,WHO GLASS (ML Excel)
Klebsiella Pneumoniae,Meropenem,Republic of Korea,WHO GLASS (ML Excel)
Klebsiella Pneumoniae,Meropenem,Lao People's Democratic Republic,WHO GLASS (ML Excel)
Klebsiella Pneumoniae,Meropenem,Lao People's Democratic Republic,WHO GLASS (ML Excel)
Klebsiella Pneumoniae,Meropenem,Lao People's Democratic Republic,WHO GLASS (ML Excel)
Klebsiella Pneumoniae,Meropenem,Lao People's Democratic Republic,WHO GLASS (ML Excel)
Klebsiella Pneumoniae,Meropenem,North Macedonia,WHO GLASS (ML Excel)
Klebsiella Pneumoniae,Meropenem,North Macedonia,WHO GLASS (ML Excel)
Klebsiella Pneumoniae,Meropenem,North Macedonia,WHO GLASS (ML Excel)
Klebsiella Pneumoniae,Meropenem,North Macedonia,WHO GLASS (ML Excel)
Klebsiella Pneumoniae,Meropenem,Malta,WHO GLASS (ML Excel)
Klebsiella Pneumoniae,Meropenem,Malta,WHO GLASS (ML Excel)
Klebsiella Pneumoniae,Meropenem,Malta,WHO GLASS (ML Excel)
Klebsiella Pneumoniae,Meropenem,Malta,WHO GLASS (ML Excel)
Klebsiella Pneumoniae,Meropenem,Malaysia,WHO GLASS (ML Excel)
Klebsiella Pneumoniae,Meropenem,Malaysia,WHO GLASS (ML Excel)
Klebsiella Pneumoniae,Meropenem,Malaysia,WHO GLASS (ML Excel)
Klebsiella Pneumoniae,Meropenem,Malaysia,WHO GLASS (ML Excel)
Klebsiella Pneumoniae,Meropenem,Russian Federation,WHO GLASS (ML Excel)
Klebsiella Pneumoniae,Meropenem,Russian Federation,WHO GLASS (ML Excel)
Klebsiella Pneumoniae,Meropenem,Russian Federation,WHO GLASS (ML Excel)
Klebsiella Pneumoniae,Meropenem,Russian Federation,WHO GLASS (ML Excel)
Klebsiella Pneumoniae,Meropenem,Saudi Arabia,WHO GLASS (ML Excel)
Klebsiella Pneumoniae,Meropenem,Saudi Arabia,WHO GLASS (ML Excel)
Klebsiella Pneumoniae,Meropenem,Saudi Arabia,WHO GLASS (ML Excel)
Klebsiella Pneumoniae,Meropenem,Saudi Arabia,WHO GLASS (ML Excel)
Klebsiella Pneumoniae,Meropenem,Thailand,WHO GLASS (ML Excel)
Klebsiella Pneumoniae,Meropenem,Thailand,WHO GLASS (ML Excel)
Klebsiella Pneumoniae,Meropenem,Thailand,WHO GLASS (ML Excel)
Klebsiella Pneumoniae,Meropenem,Thailand,WHO GLASS (ML Excel)
Salmonella Spp.,Cefotaxime,United Arab Emirates,WHO GLASS (ML Excel)
Salmonella Spp.,Cefotaxime,United Arab Emirates,WHO GLASS (ML Excel)
Salmonella Spp.,Cefotaxime,United Arab Emirates,WHO GLASS (ML Excel)
Salmonella Spp.,Cefotaxime,United Arab Emirates,WHO GLASS (ML Excel)
Salmonella Spp.,Cefotaxime,Argentina,WHO GLASS (ML Excel)
Salmonella Spp.,Cefotaxime,Argentina,WHO GLASS (ML Excel)
Salmonella Spp.,Cefotaxime,Argentina,WHO GLASS (ML Excel)
Salmonella Spp.,Cefotaxime,Argentina,WHO GLASS (ML Excel)
Salmonella Spp.,Cefotaxime,Japan,WHO GLASS (ML Excel)
Salmonella Spp.,Cefotaxime,Japan,WHO GLASS (ML Excel)
Salmonella Spp.,Cefotaxime,Japan,WHO GLASS (ML Excel)
Salmonella Spp.,Cefotaxime,Japan,WHO GLASS (ML Excel)
Salmonella Spp.,Cefotaxime,Republic of Korea,WHO GLASS (ML Excel)
Salmonella Spp.,Cefotaxime,Republic of Korea,WHO GLASS (ML Excel)
Salmonella Spp.,Cefotaxime,Republic of Korea,WHO GLASS (ML Excel)
Salmonella Spp.,Cefotaxime,Republic of Korea,WHO GLASS (ML Excel)
Salmonella Spp.,Cefotaxime,Malaysia,WHO GLASS (ML Excel)
Salmonella Spp.,Cefotaxime,Malaysia,WHO GLASS (ML Excel)
Salmonella Spp.,Cefotaxime,Malaysia,WHO GLASS (ML Excel)
Salmonella Spp.,Cefotaxime,Malaysia,WHO GLASS (ML Excel)
Salmonella Spp.,Cefotaxime,Philippines,WHO GLASS (ML Excel)
Salmonella Spp.,Cefotaxime,Philippines,WHO GLASS (ML Excel)
Salmonella Spp.,Cefotaxime,Philippines,WHO GLASS (ML Excel)
Salmonella Spp.,Cefotaxime,Philippines,WHO GLASS (ML Excel)
Salmonella Spp.,Cefotaxime,Poland,WHO GLASS (ML Excel)
Salmonella Spp.,Cefotaxime,Poland,WHO GLASS (ML Excel)
Salmonella Spp.,Cefotaxime,Poland,WHO GLASS (ML Excel)
Salmonella Spp.,Cefotaxime,Poland,WHO GLASS (ML Excel)
Salmonella Spp.,Cefotaxime,Thailand,WHO GLASS (ML Excel)
Salmonella Spp.,Cefotaxime,Thailand,WHO GLASS (ML Excel)
Salmonella Spp.,Cefotaxime,Thailand,WHO GLASS (ML Excel)
Salmonella Spp.,Cefotaxime,Thailand,WHO GLASS (ML Excel)
Salmonella Spp.,Ceftazidime,United Arab Emirates,WHO GLASS (ML Excel)
Salmonella Spp.,Ceftazidime,United Arab Emirates,WHO GLASS (ML Excel)
Salmonella Spp.,Ceftazidime,United Arab Emirates,WHO GLASS (ML Excel)
Salmonella Spp.,Ceftazidime,United Arab Emirates,WHO GLASS (ML Excel)
Salmonella Spp.,Ceftazidime,Argentina,WHO GLASS (ML Excel)
Salmonella Spp.,Ceftazidime,Argentina,WHO GLASS (ML Excel)
Salmonella Spp.,Ceftazidime,Argentina,WHO GLASS (ML Excel)
Salmonella Spp.,Ceftazidime,Argentina,WHO GLASS (ML Excel)
Salmonella Spp.,Ceftazidime,Bangladesh,WHO GLASS (ML Excel)
Salmonella Spp.,Ceftazidime,Bangladesh,WHO GLASS (ML Excel)
Salmonella Spp.,Ceftazidime,Bangladesh,WHO GLASS (ML Excel)
Salmonella Spp.,Ceftazidime,Bangladesh,WHO GLASS (ML Excel)
Salmonella Spp.,Ceftazidime,Switzerland,WHO GLASS (ML Excel)
Salmonella Spp.,Ceftazidime,Switzerland,WHO GLASS (ML Excel)
Salmonella Spp.,Ceftazidime,Switzerland,WHO GLASS (ML Excel)
Salmonella Spp.,Ceftazidime,Switzerland,WHO GLASS (ML Excel)
Salmonella Spp.,Ceftazidime,Japan,WHO GLASS (ML Excel)
Salmonella Spp.,Ceftazidime,Japan,WHO GLASS (ML Excel)
Salmonella Spp.,Ceftazidime,Japan,WHO GLASS (ML Excel)
Salmonella Spp.,Ceftazidime,Japan,WHO GLASS (ML Excel)
Salmonella Spp.,Ceftazidime,Republic of Korea,WHO GLASS (ML Excel)
Salmonella Spp.,Ceftazidime,Republic of Korea,WHO GLASS (ML Excel)
Salmonella Spp.,Ceftazidime,Republic of Korea,WHO GLASS (ML Excel)
Salmonella Spp.,Ceftazidime,Republic of Korea,WHO GLASS (ML Excel)
Salmonella Spp.,Ceftazidime,Malaysia,WHO GLASS (ML Excel)
Salmonella Spp.,Ceftazidime,Malaysia,WHO GLASS (ML Excel)
Salmonella Spp.,Ceftazidime,Malaysia,WHO GLASS (ML Excel)
Salmonella Spp.,Ceftazidime,Malaysia,WHO GLASS (ML Excel)
Salmonella Spp.,Ceftazidime,Philippines,WHO GLASS (ML Excel)
Salmonella Spp.,Ceftazidime,Philippines,WHO GLASS (ML Excel)
Salmonella Spp.,Ceftazidime,Philippines,WHO GLASS (ML Excel)
Salmonella Spp.,Ceftazidime,Philippines,WHO GLASS (ML Excel)
Salmonella Spp.,Ceftazidime,Poland,WHO GLASS (ML Excel)
Salmonella Spp.,Ceftazidime,Poland,WHO GLASS (ML Excel)
Salmonella Spp.,Ceftazidime,Poland,WHO GLASS (ML Excel)
Salmonella Spp.,Ceftazidime,Poland,WHO GLASS (ML Excel)
Salmonella Spp.,Ceftazidime,Saudi Arabia,WHO GLASS (ML Excel)
Salmonella Spp.,Ceftazidime,Saudi Arabia,WHO GLASS (ML Excel)
Salmonella Spp.,Ceftazidime,Saudi Arabia,WHO GLASS (ML Excel)
Salmonella Spp.,Ceftazidime,Saudi Arabia,WHO GLASS (ML Excel)
Salmonella Spp.,Ceftazidime,Thailand,WHO GLASS (ML Excel)
Salmonella Spp.,Ceftazidime,Thailand,WHO GLASS (ML Excel)
Salmonella Spp.,Ceftazidime,Thailand,WHO GLASS (ML Excel)
Salmonella Spp.,Ceftazidime,Thailand,WHO GLASS (ML Excel)
Salmonella Spp.,Ceftriaxone,United Arab Emirates,WHO GLASS (ML Excel)
Salmonella Spp.,Ceftriaxone,United Arab Emirates,WHO GLASS (ML Excel)
Salmonella Spp.,Ceftriaxone,United Arab Emirates,WHO GLASS (ML Excel)
Salmonella Spp.,Ceftriaxone,United Arab Emirates,WHO GLASS (ML Excel)
Salmonella Spp.,Ceftriaxone,Bangladesh,WHO GLASS (ML Excel)
Salmonella Spp.,Ceftriaxone,Bangladesh,WHO GLASS (ML Excel)
Salmonella Spp.,Ceftriaxone,Bangladesh,WHO GLASS (ML Excel)
Salmonella Spp.,Ceftriaxone,Bangladesh,WHO GLASS (ML Excel)
Salmonella Spp.,Ceftriaxone,Switzerland,WHO GLASS (ML Excel)
Salmonella Spp.,Ceftriaxone,Switzerland,WHO GLASS (ML Excel)
Salmonella Spp.,Ceftriaxone,Switzerland,WHO GLASS (ML Excel)
Salmonella Spp.,Ceftriaxone,Switzerland,WHO GLASS (ML Excel)
Salmonella Spp.,Ceftriaxone,India,WHO GLASS (ML Excel)
Salmonella Spp.,Ceftriaxone,India,WHO GLASS (ML Excel)
Salmonella Spp.,Ceftriaxone,India,WHO GLASS (ML Excel)
Salmonella Spp.,Ceftriaxone,India,WHO GLASS (ML Excel)
Salmonella Spp.,Ceftriaxone,Japan,WHO GLASS (ML Excel)
Salmonella Spp.,Ceftriaxone,Japan,WHO GLASS (ML Excel)
Salmonella Spp.,Ceftriaxone,Japan,WHO GLASS (ML Excel)
Salmonella Spp.,Ceftriaxone,Japan,WHO GLASS (ML Excel)
Salmonella Spp.,Ceftriaxone,Lao People's Democratic Republic,WHO GLASS (ML Excel)
Salmonella Spp.,Ceftriaxone,Lao People's Democratic Republic,WHO GLASS (ML Excel)
Salmonella Spp.,Ceftriaxone,Lao People's Democratic Republic,WHO GLASS (ML Excel)
Salmonella Spp.,Ceftriaxone,Lao People's Democratic Republic,WHO GLASS (ML Excel)
Salmonella Spp.,Ceftriaxone,Malaysia,WHO GLASS (ML Excel)
Salmonella Spp.,Ceftriaxone,Malaysia,WHO GLASS (ML Excel)
Salmonella Spp.,Ceftriaxone,Malaysia,WHO GLASS (ML Excel)
Salmonella Spp.,Ceftriaxone,Malaysia,WHO GLASS (ML Excel)
Salmonella Spp.,Ceftriaxone,Nepal,WHO GLASS (ML Excel)
Salmonella Spp.,Ceftriaxone,Nepal,WHO GLASS (ML Excel)
Salmonella Spp.,Ceftriaxone,Nepal,WHO GLASS (ML Excel)
Salmonella Spp.,Ceftriaxone,Nepal,WHO GLASS (ML Excel)
Salmonella Spp.,Ceftriaxone,Pakistan,WHO GLASS (ML Excel)
Salmonella Spp.,Ceftriaxone,Pakistan,WHO GLASS (ML Excel)
Salmonella Spp.,Ceftriaxone,Pakistan,WHO GLASS (ML Excel)
Salmonella Spp.,Ceftriaxone,Pakistan,WHO GLASS (ML Excel)
Salmonella Spp.,Ceftriaxone,Philippines,WHO GLASS (ML Excel)
Salmonella Spp.,Ceftriaxone,Philippines,WHO GLASS (ML Excel)
Salmonella Spp.,Ceftriaxone,Philippines,WHO GLASS (ML Excel)
Salmonella Spp.,Ceftriaxone,Philippines,WHO GLASS (ML Excel)
Salmonella Spp.,Ceftriaxone,Saudi Arabia,WHO GLASS (ML Excel)
Salmonella Spp.,Ceftriaxone,Saudi Arabia,WHO GLASS (ML Excel)
Salmonella Spp.,Ceftriaxone,Saudi Arabia,WHO GLASS (ML Excel)
Salmonella Spp.,Ceftriaxone,Saudi Arabia,WHO GLASS (ML Excel)
Salmonella Spp.,Ceftriaxone,Thailand,WHO GLASS (ML Excel)
Salmonella Spp.,Ceftriaxone,Thailand,WHO GLASS (ML Excel)
Salmonella Spp.,Ceftriaxone,Thailand,WHO GLASS (ML Excel)
Salmonella Spp.,Ceftriaxone,Thailand,WHO GLASS (ML Excel)
Salmonella Spp.,Ciprofloxacin,United Arab Emirates,WHO GLASS (ML Excel)
Salmonella Spp.,Ciprofloxacin,United Arab Emirates,WHO GLASS (ML Excel)
Salmonella Spp.,Ciprofloxacin,United Arab Emirates,WHO GLASS (ML Excel)
Salmonella Spp.,Ciprofloxacin,United Arab Emirates,WHO GLASS (ML Excel)
Salmonella Spp.,Ciprofloxacin,Argentina,WHO GLASS (ML Excel)
Salmonella Spp.,Ciprofloxacin,Argentina,WHO GLASS (ML Excel)
Salmonella Spp.,Ciprofloxacin,Argentina,WHO GLASS (ML Excel)
Salmonella Spp.,Ciprofloxacin,Argentina,WHO GLASS (ML Excel)
Salmonella Spp.,Ciprofloxacin,Bangladesh,WHO GLASS (ML Excel)
Salmonella Spp.,Ciprofloxacin,Bangladesh,WHO GLASS (ML Excel)
Salmonella Spp.,Ciprofloxacin,Bangladesh,WHO GLASS (ML Excel)
Salmonella Spp.,Ciprofloxacin,Bangladesh,WHO GLASS (ML Excel)
Salmonella Spp.,Ciprofloxacin,Switzerland,WHO GLASS (ML Excel)
Salmonella Spp.,Ciprofloxacin,Switzerland,WHO GLASS (ML Excel)
Salmonella Spp.,Ciprofloxacin,Switzerland,WHO GLASS (ML Excel)
Salmonella Spp.,Ciprofloxacin,Switzerland,WHO GLASS (ML Excel)
Salmonella Spp.,Ciprofloxacin,India,WHO GLASS (ML Excel)
Salmonella Spp.,Ciprofloxacin,India,WHO GLASS (ML Excel)
Salmonella Spp.,Ciprofloxacin,India,WHO GLASS (ML Excel)
Salmonella Spp.,Ciprofloxacin,India,WHO GLASS (ML Excel)
Salmonella Spp.,Ciprofloxacin,Japan,WHO GLASS (ML Excel)
Salmonella Spp.,Ciprofloxacin,Japan,WHO GLASS (ML Excel)
Salmonella Spp.,Ciprofloxacin,Japan,WHO GLASS (ML Excel)
Salmonella Spp.,Ciprofloxacin,Japan,WHO GLASS (ML Excel)
Salmonella Spp.,Ciprofloxacin,Republic of Korea,WHO GLASS (ML Excel)
Salmonella Spp.,Ciprofloxacin,Republic of Korea,WHO GLASS (ML Excel)
Salmonella Spp.,Ciprofloxacin,Republic of Korea,WHO GLASS (ML Excel)
Salmonella Spp.,Ciprofloxacin,Republic of Korea,WHO GLASS (ML Excel)
Salmonella Spp.,Ciprofloxacin,Malaysia,WHO GLASS (ML Excel)
Salmonella Spp.,Ciprofloxacin,Malaysia,WHO GLASS (ML Excel)
Salmonella Spp.,Ciprofloxacin,Malaysia,WHO GLASS (ML Excel)
Salmonella Spp.,Ciprofloxacin,Malaysia,WHO GLASS (ML Excel)
Salmonella Spp.,Ciprofloxacin,Nepal,WHO GLASS (ML Excel)
Salmonella Spp.,Ciprofloxacin,Nepal,WHO GLASS (ML Excel)
Salmonella Spp.,Ciprofloxacin,Nepal,WHO GLASS (ML Excel)
Salmonella Spp.,Ciprofloxacin,Nepal,WHO GLASS (ML Excel)
Salmonella Spp.,Ciprofloxacin,Pakistan,WHO GLASS (ML Excel)
Salmonella Spp.,Ciprofloxacin,Pakistan,WHO GLASS (ML Excel)
Salmonella Spp.,Ciprofloxacin,Pakistan,WHO GLASS (ML Excel)
Salmonella Spp.,Ciprofloxacin,Pakistan,WHO GLASS (ML Excel)
Salmonella Spp.,Ciprofloxacin,Philippines,WHO GLASS (ML Excel)
Salmonella Spp.,Ciprofloxacin,Philippines,WHO GLASS (ML Excel)
Salmonella Spp.,Ciprofloxacin,Philippines,WHO GLASS (ML Excel)
Salmonella Spp.,Ciprofloxacin,Philippines,WHO GLASS (ML Excel)
Salmonella Spp.,Ciprofloxacin,Poland,WHO GLASS (ML Excel)
Salmonella Spp.,Ciprofloxacin,Poland,WHO GLASS (ML Excel)
Salmonella Spp.,Ciprofloxacin,Poland,WHO GLASS (ML Excel)
Salmonella Spp.,Ciprofloxacin,Poland,WHO GLASS (ML Excel)
Salmonella Spp.,Ciprofloxacin,Saudi Arabia,WHO GLASS (ML Excel)
Salmonella Spp.,Ciprofloxacin,Saudi Arabia,WHO GLASS (ML Excel)
Salmonella Spp.,Ciprofloxacin,Saudi Arabia,WHO GLASS (ML Excel)
Salmonella Spp.,Ciprofloxacin,Saudi Arabia,WHO GLASS (ML Excel)
Salmonella Spp.,Ciprofloxacin,Thailand,WHO GLASS (ML Excel)
Salmonella Spp.,Ciprofloxacin,Thailand,WHO GLASS (ML Excel)
Salmonella Spp.,Ciprofloxacin,Thailand,WHO GLASS (ML Excel)
Salmonella Spp.,Ciprofloxacin,Thailand,WHO GLASS (ML Excel)
Salmonella Spp.,Ciprofloxacin,Uganda,WHO GLASS (ML Excel)
Salmonella Spp.,Ciprofloxacin,Uganda,WHO GLASS (ML Excel)
Salmonella Spp.,Ciprofloxacin,Uganda,WHO GLASS (ML Excel)
Salmonella Spp.,Ciprofloxacin,Uganda,WHO GLASS (ML Excel)
Salmonella Spp.,Ertapenem,United Arab Emirates,WHO GLASS (ML Excel)
Salmonella Spp.,Ertapenem,United Arab Emirates,WHO GLASS (ML Excel)
Salmonella Spp.,Ertapenem,United Arab Emirates,WHO GLASS (ML Excel)
Salmonella Spp.,Ertapenem,United Arab Emirates,WHO GLASS (ML Excel)
Salmonella Spp.,Ertapenem,Switzerland,WHO GLASS (ML Excel)
Salmonella Spp.,Ertapenem,Switzerland,WHO GLASS (ML Excel)
Salmonella Spp.,Ertapenem,Switzerland,WHO GLASS (ML Excel)
Salmonella Spp.,Ertapenem,Switzerland,WHO GLASS (ML Excel)
Salmonella Spp.,Ertapenem,Malaysia,WHO GLASS (ML Excel)
Salmonella Spp.,Ertapenem,Malaysia,WHO GLASS (ML Excel)
Salmonella Spp.,Ertapenem,Malaysia,WHO GLASS (ML Excel)
Salmonella Spp.,Ertapenem,Malaysia,WHO GLASS (ML Excel)
Salmonella Spp.,Ertapenem,Thailand,WHO GLASS (ML Excel)
Salmonella Spp.,Ertapenem,Thailand,WHO GLASS (ML Excel)
Salmonella Spp.,Ertapenem,Thailand,WHO GLASS (ML Excel)
Salmonella Spp.,Ertapenem,Thailand,WHO GLASS (ML Excel)
Salmonella Spp.,Imipenem,United Arab Emirates,WHO GLASS (ML Excel)
Salmonella Spp.,Imipenem,United Arab Emirates,WHO GLASS (ML Excel)
Salmonella Spp.,Imipenem,United Arab Emirates,WHO GLASS (ML Excel)
Salmonella Spp.,Imipenem,United Arab Emirates,WHO GLASS (ML Excel)
Salmonella Spp.,Imipenem,Argentina,WHO GLASS (ML Excel)
Salmonella Spp.,Imipenem,Argentina,WHO GLASS (ML Excel)
Salmonella Spp.,Imipenem,Argentina,WHO GLASS (ML Excel)
Salmonella Spp.,Imipenem,Argentina,WHO GLASS (ML Excel)
Salmonella Spp.,Imipenem,Bangladesh,WHO GLASS (ML Excel)
Salmonella Spp.,Imipenem,Bangladesh,WHO GLASS (ML Excel)
Salmonella Spp.,Imipenem,Bangladesh,WHO GLASS (ML Excel)
Salmonella Spp.,Imipenem,Bangladesh,WHO GLASS (ML Excel)
Salmonella Spp.,Imipenem,Japan,WHO GLASS (ML Excel)
Salmonella Spp.,Imipenem,Japan,WHO GLASS (ML Excel)
Salmonella Spp.,Imipenem,Japan,WHO GLASS (ML Excel)
Salmonella Spp.,Imipenem,Japan,WHO GLASS (ML Excel)
Salmonella Spp.,Imipenem,Republic of Korea,WHO GLASS (ML Excel)
Salmonella Spp.,Imipenem,Republic of Korea,WHO GLASS (ML Excel)
Salmonella Spp.,Imipenem,Republic of Korea,WHO GLASS (ML Excel)
Salmonella Spp.,Imipenem,Republic of Korea,WHO GLASS (ML Excel)
Salmonella Spp.,Imipenem,Malaysia,WHO GLASS (ML Excel)
Salmonella Spp.,Imipenem,Malaysia,WHO GLASS (ML Excel)
Salmonella Spp.,Imipenem,Malaysia,WHO GLASS (ML Excel)
Salmonella Spp.,Imipenem,Malaysia,WHO GLASS (ML Excel)
Salmonella Spp.,Imipenem,Pakistan,WHO GLASS (ML Excel)
Salmonella Spp.,Imipenem,Pakistan,WHO GLASS (ML Excel)
Salmonella Spp.,Imipenem,Pakistan,WHO GLASS (ML Excel)
Salmonella Spp.,Imipenem,Pakistan,WHO GLASS (ML Excel)
Salmonella Spp.,Imipenem,Philippines,WHO GLASS (ML Excel)
Salmonella Spp.,Imipenem,Philippines,WHO GLASS (ML Excel)
Salmonella Spp.,Imipenem,Philippines,WHO GLASS (ML Excel)
Salmonella Spp.,Imipenem,Philippines,WHO GLASS (ML Excel)
Salmonella Spp.,Imipenem,Poland,WHO GLASS (ML Excel)
Salmonella Spp.,Imipenem,Poland,WHO GLASS (ML Excel)
Salmonella Spp.,Imipenem,Poland,WHO GLASS (ML Excel)
Salmonella Spp.,Imipenem,Poland,WHO GLASS (ML Excel)
Salmonella Spp.,Imipenem,Saudi Arabia,WHO GLASS (ML Excel)
Salmonella Spp.,Imipenem,Saudi Arabia,WHO GLASS (ML Excel)
Salmonella Spp.,Imipenem,Saudi Arabia,WHO GLASS (ML Excel)
Salmonella Spp.,Imipenem,Saudi Arabia,WHO GLASS (ML Excel)
Salmonella Spp.,Imipenem,Thailand,WHO GLASS (ML Excel)
Salmonella Spp.,Imipenem,Thailand,WHO GLASS (ML Excel)
Salmonella Spp.,Imipenem,Thailand,WHO GLASS (ML Excel)
Salmonella Spp.,Imipenem,Thailand,WHO GLASS (ML Excel)
Salmonella Spp.,Levofloxacin,United Arab Emirates,WHO GLASS (ML Excel)
Salmonella Spp.,Levofloxacin,United Arab Emirates,WHO GLASS (ML Excel)
Salmonella Spp.,Levofloxacin,United Arab Emirates,WHO GLASS (ML Excel)
Salmonella Spp.,Levofloxacin,United Arab Emirates,WHO GLASS (ML Excel)
Salmonella Spp.,Levofloxacin,Switzerland,WHO GLASS (ML Excel)
Salmonella Spp.,Levofloxacin,Switzerland,WHO GLASS (ML Excel)
Salmonella Spp.,Levofloxacin,Switzerland,WHO GLASS (ML Excel)
Salmonella Spp.,Levofloxacin,Switzerland,WHO GLASS (ML Excel)
Salmonella Spp.,Levofloxacin,Japan,WHO GLASS (ML Excel)
Salmonella Spp.,Levofloxacin,Japan,WHO GLASS (ML Excel)
Salmonella Spp.,Levofloxacin,Japan,WHO GLASS (ML Excel)
Salmonella Spp.,Levofloxacin,Japan,WHO GLASS (ML Excel)
Salmonella Spp.,Levofloxacin,Philippines,WHO GLASS (ML Excel)
Salmonella Spp.,Levofloxacin,Philippines,WHO GLASS (ML Excel)
Salmonella Spp.,Levofloxacin,Philippines,WHO GLASS (ML Excel)
Salmonella Spp.,Levofloxacin,Philippines,WHO GLASS (ML Excel)
Salmonella Spp.,Levofloxacin,Thailand,WHO GLASS (ML Excel)
Salmonella Spp.,Levofloxacin,Thailand,WHO GLASS (ML Excel)
Salmonella Spp.,Levofloxacin,Thailand,WHO GLASS (ML Excel)
Salmonella Spp.,Levofloxacin,Thailand,WHO GLASS (ML Excel)
Acinetobacter Spp.,Imipenem,United Arab Emirates,WHO GLASS (ML Excel)
Acinetobacter Spp.,Imipenem,United Arab Emirates,WHO GLASS (ML Excel)
Acinetobacter Spp.,Imipenem,United Arab Emirates,WHO GLASS (ML Excel)
Acinetobacter Spp.,Imipenem,United Arab Emirates,WHO GLASS (ML Excel)
Acinetobacter Spp.,Imipenem,Argentina,WHO GLASS (ML Excel)
Acinetobacter Spp.,Imipenem,Argentina,WHO GLASS (ML Excel)
Acinetobacter Spp.,Imipenem,Argentina,WHO GLASS (ML Excel)
Acinetobacter Spp.,Imipenem,Argentina,WHO GLASS (ML Excel)
Acinetobacter Spp.,Imipenem,Bosnia and Herzegovina,WHO GLASS (ML Excel)
Acinetobacter Spp.,Imipenem,Bosnia and Herzegovina,WHO GLASS (ML Excel)
Acinetobacter Spp.,Imipenem,Bosnia and Herzegovina,WHO GLASS (ML Excel)
Acinetobacter Spp.,Imipenem,Bosnia and Herzegovina,WHO GLASS (ML Excel)
Acinetobacter Spp.,Imipenem,Switzerland,WHO GLASS (ML Excel)
Acinetobacter Spp.,Imipenem,Switzerland,WHO GLASS (ML Excel)
Acinetobacter Spp.,Imipenem,Switzerland,WHO GLASS (ML Excel)
Acinetobacter Spp.,Imipenem,Switzerland,WHO GLASS (ML Excel)
Acinetobacter Spp.,Imipenem,Egypt,WHO GLASS (ML Excel)
Acinetobacter Spp.,Imipenem,Egypt,WHO GLASS (ML Excel)
Acinetobacter Spp.,Imipenem,Egypt,WHO GLASS (ML Excel)
Acinetobacter Spp.,Imipenem,Egypt,WHO GLASS (ML Excel)
Acinetobacter Spp.,Imipenem,Georgia,WHO GLASS (ML Excel)
Acinetobacter Spp.,Imipenem,Georgia,WHO GLASS (ML Excel)
Acinetobacter Spp.,Imipenem,Georgia,WHO GLASS (ML Excel)
Acinetobacter Spp.,Imipenem,Georgia,WHO GLASS (ML Excel)
Acinetobacter Spp.,Imipenem,India,WHO GLASS (ML Excel)
Acinetobacter Spp.,Imipenem,India,WHO GLASS (ML Excel)
Acinetobacter Spp.,Imipenem,India,WHO GLASS (ML Excel)
Acinetobacter Spp.,Imipenem,India,WHO GLASS (ML Excel)
Acinetobacter Spp.,Imipenem,Japan,WHO GLASS (ML Excel)
Acinetobacter Spp.,Imipenem,Japan,WHO GLASS (ML Excel)
Acinetobacter Spp.,Imipenem,Japan,WHO GLASS (ML Excel)
Acinetobacter Spp.,Imipenem,Japan,WHO GLASS (ML Excel)
Acinetobacter Spp.,Imipenem,Republic of Korea,WHO GLASS (ML Excel)
Acinetobacter Spp.,Imipenem,Republic of Korea,WHO GLASS (ML Excel)
Acinetobacter Spp.,Imipenem,Republic of Korea,WHO GLASS (ML Excel)
Acinetobacter Spp.,Imipenem,Republic of Korea,WHO GLASS (ML Excel)
Acinetobacter Spp.,Imipenem,North Macedonia,WHO GLASS (ML Excel)
Acinetobacter Spp.,Imipenem,North Macedonia,WHO GLASS (ML Excel)
Acinetobacter Spp.,Imipenem,North Macedonia,WHO GLASS (ML Excel)
Acinetobacter Spp.,Imipenem,North Macedonia,WHO GLASS (ML Excel)
Acinetobacter Spp.,Imipenem,Malaysia,WHO GLASS (ML Excel)
Acinetobacter Spp.,Imipenem,Malaysia,WHO GLASS (ML Excel)
Acinetobacter Spp.,Imipenem,Malaysia,WHO GLASS (ML Excel)
Acinetobacter Spp.,Imipenem,Malaysia,WHO GLASS (ML Excel)
Acinetobacter Spp.,Imipenem,Oman,WHO GLASS (ML Excel)
Acinetobacter Spp.,Imipenem,Oman,WHO GLASS (ML Excel)
Acinetobacter Spp.,Imipenem,Oman,WHO GLASS (ML Excel)
Acinetobacter Spp.,Imipenem,Oman,WHO GLASS (ML Excel)
Acinetobacter Spp.,Imipenem,Pakistan,WHO GLASS (ML Excel)
Acinetobacter Spp.,Imipenem,Pakistan,WHO GLASS (ML Excel)
Acinetobacter Spp.,Imipenem,Pakistan,WHO GLASS (ML Excel)
Acinetobacter Spp.,Imipenem,Pakistan,WHO GLASS (ML Excel)
Acinetobacter Spp.,Imipenem,Philippines,WHO GLASS (ML Excel)
Acinetobacter Spp.,Imipenem,Philippines,WHO GLASS (ML Excel)
Acinetobacter Spp.,Imipenem,Philippines,WHO GLASS (ML Excel)
Acinetobacter Spp.,Imipenem,Philippines,WHO GLASS (ML Excel)
Acinetobacter Spp.,Imipenem,Russian Federation,WHO GLASS (ML Excel)
Acinetobacter Spp.,Imipenem,Russian Federation,WHO GLASS (ML Excel)
Acinetobacter Spp.,Imipenem,Russian Federation,WHO GLASS (ML Excel)
Acinetobacter Spp.,Imipenem,Russian Federation,WHO GLASS (ML Excel)
Acinetobacter Spp.,Imipenem,Saudi Arabia,WHO GLASS (ML Excel)
Acinetobacter Spp.,Imipenem,Saudi Arabia,WHO GLASS (ML Excel)
Acinetobacter Spp.,Imipenem,Saudi Arabia,WHO GLASS (ML Excel)
Acinetobacter Spp.,Imipenem,Saudi Arabia,WHO GLASS (ML Excel)
Acinetobacter Spp.,Imipenem,Thailand,WHO GLASS (ML Excel)
Acinetobacter Spp.,Imipenem,Thailand,WHO GLASS (ML Excel)
Acinetobacter Spp.,Imipenem,Thailand,WHO GLASS (ML Excel)
Acinetobacter Spp.,Imipenem,Thailand,WHO GLASS (ML Excel)
Acinetobacter Spp.,Imipenem,Tunisia,WHO GLASS (ML Excel)
Acinetobacter Spp.,Imipenem,Tunisia,WHO GLASS (ML Excel)
Acinetobacter Spp.,Imipenem,Tunisia,WHO GLASS (ML Excel)
Acinetobacter Spp.,Imipenem,Tunisia,WHO GLASS (ML Excel)
Acinetobacter Spp.,Imipenem,South Africa,WHO GLASS (ML Excel)
Acinetobacter Spp.,Imipenem,South Africa,WHO GLASS (ML Excel)
Acinetobacter Spp.,Imipenem,South Africa,WHO GLASS (ML Excel)
Acinetobacter Spp.,Imipenem,South Africa,WHO GLASS (ML Excel)
Salmonella Spp.,Meropenem,United Arab Emirates,WHO GLASS (ML Excel)
Salmonella Spp.,Meropenem,United Arab Emirates,WHO GLASS (ML Excel)
Salmonella Spp.,Meropenem,United Arab Emirates,WHO GLASS (ML Excel)
Salmonella Spp.,Meropenem,United Arab Emirates,WHO GLASS (ML Excel)
Salmonella Spp.,Meropenem,Argentina,WHO GLASS (ML Excel)
Salmonella Spp.,Meropenem,Argentina,WHO GLASS (ML Excel)
Salmonella Spp.,Meropenem,Argentina,WHO GLASS (ML Excel)
Salmonella Spp.,Meropenem,Argentina,WHO GLASS (ML Excel)
Salmonella Spp.,Meropenem,Switzerland,WHO GLASS (ML Excel)
Salmonella Spp.,Meropenem,Switzerland,WHO GLASS (ML Excel)
Salmonella Spp.,Meropenem,Switzerland,WHO GLASS (ML Excel)
Salmonella Spp.,Meropenem,Switzerland,WHO GLASS (ML Excel)
Salmonella Spp.,Meropenem,Japan,WHO GLASS (ML Excel)
Salmonella Spp.,Meropenem,Japan,WHO GLASS (ML Excel)
Salmonella Spp.,Meropenem,Japan,WHO GLASS (ML Excel)
Salmonella Spp.,Meropenem,Japan,WHO GLASS (ML Excel)
Salmonella Spp.,Meropenem,Malaysia,WHO GLASS (ML Excel)
Salmonella Spp.,Meropenem,Malaysia,WHO GLASS (ML Excel)
Salmonella Spp.,Meropenem,Malaysia,WHO GLASS (ML Excel)
Salmonella Spp.,Meropenem,Malaysia,WHO GLASS (ML Excel)
Salmonella Spp.,Meropenem,Pakistan,WHO GLASS (ML Excel)
Salmonella Spp.,Meropenem,Pakistan,WHO GLASS (ML Excel)
Salmonella Spp.,Meropenem,Pakistan,WHO GLASS (ML Excel)
Salmonella Spp.,Meropenem,Pakistan,WHO GLASS (ML Excel)
Salmonella Spp.,Meropenem,Poland,WHO GLASS (ML Excel)
Salmonella Spp.,Meropenem,Poland,WHO GLASS (ML Excel)
Salmonella Spp.,Meropenem,Poland,WHO GLASS (ML Excel)
Salmonella Spp.,Meropenem,Poland,WHO GLASS (ML Excel)
Salmonella Spp.,Meropenem,Saudi Arabia,WHO GLASS (ML Excel)
Salmonella Spp.,Meropenem,Saudi Arabia,WHO GLASS (ML Excel)
Salmonella Spp.,Meropenem,Saudi Arabia,WHO GLASS (ML Excel)
Salmonella Spp.,Meropenem,Saudi Arabia,WHO GLASS (ML Excel)
Salmonella Spp.,Meropenem,Thailand,WHO GLASS (ML Excel)
Salmonella Spp.,Meropenem,Thailand,WHO GLASS (ML Excel)
Salmonella Spp.,Meropenem,Thailand,WHO GLASS (ML Excel)
Salmonella Spp.,Meropenem,Thailand,WHO GLASS (ML Excel)
Streptococcus Pneumoniae,Cefotaxime,United Arab Emirates,WHO GLASS (ML Excel)
Streptococcus Pneumoniae,Cefotaxime,United Arab Emirates,WHO GLASS (ML Excel)
Streptococcus Pneumoniae,Cefotaxime,United Arab Emirates,WHO GLASS (ML Excel)
Streptococcus Pneumoniae,Cefotaxime,United Arab Emirates,WHO GLASS (ML Excel)
Streptococcus Pneumoniae,Cefotaxime,Argentina,WHO GLASS (ML Excel)
Streptococcus Pneumoniae,Cefotaxime,Argentina,WHO GLASS (ML Excel)
Streptococcus Pneumoniae,Cefotaxime,Argentina,WHO GLASS (ML Excel)
Streptococcus Pneumoniae,Cefotaxime,Argentina,WHO GLASS (ML Excel)
Streptococcus Pneumoniae,Cefotaxime,Bosnia and Herzegovina,WHO GLASS (ML Excel)
Streptococcus Pneumoniae,Cefotaxime,Bosnia and Herzegovina,WHO GLASS (ML Excel)
Streptococcus Pneumoniae,Cefotaxime,Bosnia and Herzegovina,WHO GLASS (ML Excel)
Streptococcus Pneumoniae,Cefotaxime,Bosnia and Herzegovina,WHO GLASS (ML Excel)
Streptococcus Pneumoniae,Cefotaxime,Switzerland,WHO GLASS (ML Excel)
Streptococcus Pneumoniae,Cefotaxime,Switzerland,WHO GLASS (ML Excel)
Streptococcus Pneumoniae,Cefotaxime,Switzerland,WHO GLASS (ML Excel)
Streptococcus Pneumoniae,Cefotaxime,Switzerland,WHO GLASS (ML Excel)
Streptococcus Pneumoniae,Cefotaxime,Japan,WHO GLASS (ML Excel)
Streptococcus Pneumoniae,Cefotaxime,Japan,WHO GLASS (ML Excel)
Streptococcus Pneumoniae,Cefotaxime,Japan,WHO GLASS (ML Excel)
Streptococcus Pneumoniae,Cefotaxime,Japan,WHO GLASS (ML Excel)
Streptococcus Pneumoniae,Cefotaxime,Republic of Korea,WHO GLASS (ML Excel)
Streptococcus Pneumoniae,Cefotaxime,Republic of Korea,WHO GLASS (ML Excel)
Streptococcus Pneumoniae,Cefotaxime,Republic of Korea,WHO GLASS (ML Excel)
Streptococcus Pneumoniae,Cefotaxime,Republic of Korea,WHO GLASS (ML Excel)
Streptococcus Pneumoniae,Cefotaxime,Malaysia,WHO GLASS (ML Excel)
Streptococcus Pneumoniae,Cefotaxime,Malaysia,WHO GLASS (ML Excel)
Streptococcus Pneumoniae,Cefotaxime,Malaysia,WHO GLASS (ML Excel)
Streptococcus Pneumoniae,Cefotaxime,Malaysia,WHO GLASS (ML Excel)
Streptococcus Pneumoniae,Cefotaxime,Saudi Arabia,WHO GLASS (ML Excel)
Streptococcus Pneumoniae,Cefotaxime,Saudi Arabia,WHO GLASS (ML Excel)
Streptococcus Pneumoniae,Cefotaxime,Saudi Arabia,WHO GLASS (ML Excel)
Streptococcus Pneumoniae,Cefotaxime,Saudi Arabia,WHO GLASS (ML Excel)
Streptococcus Pneumoniae,Cefotaxime,Thailand,WHO GLASS (ML Excel)
Streptococcus Pneumoniae,Cefotaxime,Thailand,WHO GLASS (ML Excel)
Streptococcus Pneumoniae,Cefotaxime,Thailand,WHO GLASS (ML Excel)
Streptococcus Pneumoniae,Cefotaxime,Thailand,WHO GLASS (ML Excel)
Streptococcus Pneumoniae,Ceftriaxone,United Arab Emirates,WHO GLASS (ML Excel)
Streptococcus Pneumoniae,Ceftriaxone,United Arab Emirates,WHO GLASS (ML Excel)
Streptococcus Pneumoniae,Ceftriaxone,United Arab Emirates,WHO GLASS (ML Excel)
Streptococcus Pneumoniae,Ceftriaxone,United Arab Emirates,WHO GLASS (ML Excel)
Streptococcus Pneumoniae,Ceftriaxone,Bosnia and Herzegovina,WHO GLASS (ML Excel)
Streptococcus Pneumoniae,Ceftriaxone,Bosnia and Herzegovina,WHO GLASS (ML Excel)
Streptococcus Pneumoniae,Ceftriaxone,Bosnia and Herzegovina,WHO GLASS (ML Excel)
Streptococcus Pneumoniae,Ceftriaxone,Bosnia and Herzegovina,WHO GLASS (ML Excel)
Streptococcus Pneumoniae,Ceftriaxone,Switzerland,WHO GLASS (ML Excel)
Streptococcus Pneumoniae,Ceftriaxone,Switzerland,WHO GLASS (ML Excel)
Streptococcus Pneumoniae,Ceftriaxone,Switzerland,WHO GLASS (ML Excel)
Streptococcus Pneumoniae,Ceftriaxone,Switzerland,WHO GLASS (ML Excel)
Streptococcus Pneumoniae,Ceftriaxone,Japan,WHO GLASS (ML Excel)
Streptococcus Pneumoniae,Ceftriaxone,Japan,WHO GLASS (ML Excel)
Streptococcus Pneumoniae,Ceftriaxone,Japan,WHO GLASS (ML Excel)
Streptococcus Pneumoniae,Ceftriaxone,Japan,WHO GLASS (ML Excel)
Streptococcus Pneumoniae,Ceftriaxone,Republic of Korea,WHO GLASS (ML Excel)
Streptococcus Pneumoniae,Ceftriaxone,Republic of Korea,WHO GLASS (ML Excel)
Streptococcus Pneumoniae,Ceftriaxone,Republic of Korea,WHO GLASS (ML Excel)
Streptococcus Pneumoniae,Ceftriaxone,Republic of Korea,WHO GLASS (ML Excel)
Streptococcus Pneumoniae,Ceftriaxone,Malta,WHO GLASS (ML Excel)
Streptococcus Pneumoniae,Ceftriaxone,Malta,WHO GLASS (ML Excel)
Streptococcus Pneumoniae,Ceftriaxone,Malta,WHO GLASS (ML Excel)
Streptococcus Pneumoniae,Ceftriaxone,Malta,WHO GLASS (ML Excel)
Streptococcus Pneumoniae,Ceftriaxone,Malaysia,WHO GLASS (ML Excel)
Streptococcus Pneumoniae,Ceftriaxone,Malaysia,WHO GLASS (ML Excel)
Streptococcus Pneumoniae,Ceftriaxone,Malaysia,WHO GLASS (ML Excel)
Streptococcus Pneumoniae,Ceftriaxone,Malaysia,WHO GLASS (ML Excel)
Streptococcus Pneumoniae,Ceftriaxone,Saudi Arabia,WHO GLASS (ML Excel)
Streptococcus Pneumoniae,Ceftriaxone,Saudi Arabia,WHO GLASS (ML Excel)
Streptococcus Pneumoniae,Ceftriaxone,Saudi Arabia,WHO GLASS (ML Excel)
Streptococcus Pneumoniae,Ceftriaxone,Saudi Arabia,WHO GLASS (ML Excel)
Streptococcus Pneumoniae,Co-Trimoxazole,United Arab Emirates,WHO GLASS (ML Excel)
Streptococcus Pneumoniae,Co-Trimoxazole,United Arab Emirates,WHO GLASS (ML Excel)
Streptococcus Pneumoniae,Co-Trimoxazole,United Arab Emirates,WHO GLASS (ML Excel)
Streptococcus Pneumoniae,Co-Trimoxazole,United Arab Emirates,WHO GLASS (ML Excel)
Streptococcus Pneumoniae,Co-Trimoxazole,Argentina,WHO GLASS (ML Excel)
Streptococcus Pneumoniae,Co-Trimoxazole,Argentina,WHO GLASS (ML Excel)
Streptococcus Pneumoniae,Co-Trimoxazole,Argentina,WHO GLASS (ML Excel)
Streptococcus Pneumoniae,Co-Trimoxazole,Argentina,WHO GLASS (ML Excel)
Streptococcus Pneumoniae,Co-Trimoxazole,Republic of Korea,WHO GLASS (ML Excel)
Streptococcus Pneumoniae,Co-Trimoxazole,Republic of Korea,WHO GLASS (ML Excel)
Streptococcus Pneumoniae,Co-Trimoxazole,Republic of Korea,WHO GLASS (ML Excel)
Streptococcus Pneumoniae,Co-Trimoxazole,Republic of Korea,WHO GLASS (ML Excel)
Streptococcus Pneumoniae,Co-Trimoxazole,Malaysia,WHO GLASS (ML Excel)
Streptococcus Pneumoniae,Co-Trimoxazole,Malaysia,WHO GLASS (ML Excel)
Streptococcus Pneumoniae,Co-Trimoxazole,Malaysia,WHO GLASS (ML Excel)
Streptococcus Pneumoniae,Co-Trimoxazole,Malaysia,WHO GLASS (ML Excel)
Streptococcus Pneumoniae,Co-Trimoxazole,Philippines,WHO GLASS (ML Excel)
Streptococcus Pneumoniae,Co-Trimoxazole,Philippines,WHO GLASS (ML Excel)
Streptococcus Pneumoniae,Co-Trimoxazole,Philippines,WHO GLASS (ML Excel)
Streptococcus Pneumoniae,Co-Trimoxazole,Philippines,WHO GLASS (ML Excel)
Streptococcus Pneumoniae,Co-Trimoxazole,Saudi Arabia,WHO GLASS (ML Excel)
Streptococcus Pneumoniae,Co-Trimoxazole,Saudi Arabia,WHO GLASS (ML Excel)
Streptococcus Pneumoniae,Co-Trimoxazole,Saudi Arabia,WHO GLASS (ML Excel)
Streptococcus Pneumoniae,Co-Trimoxazole,Saudi Arabia,WHO GLASS (ML Excel)
Streptococcus Pneumoniae,Co-Trimoxazole,Thailand,WHO GLASS (ML Excel)
Streptococcus Pneumoniae,Co-Trimoxazole,Thailand,WHO GLASS (ML Excel)
Streptococcus Pneumoniae,Co-Trimoxazole,Thailand,WHO GLASS (ML Excel)
Streptococcus Pneumoniae,Co-Trimoxazole,Thailand,WHO GLASS (ML Excel)
Streptococcus Pneumoniae,Co-Trimoxazole,South Africa,WHO GLASS (ML Excel)
Streptococcus Pneumoniae,Co-Trimoxazole,South Africa,WHO GLASS (ML Excel)
Streptococcus Pneumoniae,Co-Trimoxazole,South Africa,WHO GLASS (ML Excel)
Streptococcus Pneumoniae,Co-Trimoxazole,South Africa,WHO GLASS (ML Excel)
Streptococcus Pneumoniae,Oxacillin,Switzerland,WHO GLASS (ML Excel)
Streptococcus Pneumoniae,Oxacillin,Switzerland,WHO GLASS (ML Excel)
Streptococcus Pneumoniae,Oxacillin,Switzerland,WHO GLASS (ML Excel)
Streptococcus Pneumoniae,Oxacillin,Switzerland,WHO GLASS (ML Excel)
Streptococcus Pneumoniae,Oxacillin,Republic of Korea,WHO GLASS (ML Excel)
Streptococcus Pneumoniae,Oxacillin,Republic of Korea,WHO GLASS (ML Excel)
Streptococcus Pneumoniae,Oxacillin,Republic of Korea,WHO GLASS (ML Excel)
Streptococcus Pneumoniae,Oxacillin,Republic of Korea,WHO GLASS (ML Excel)
Streptococcus Pneumoniae,Oxacillin,Malaysia,WHO GLASS (ML Excel)
Streptococcus Pneumoniae,Oxacillin,Malaysia,WHO GLASS (ML Excel)
Streptococcus Pneumoniae,Oxacillin,Malaysia,WHO GLASS (ML Excel)
Streptococcus Pneumoniae,Oxacillin,Malaysia,WHO GLASS (ML Excel)
Streptococcus Pneumoniae,Oxacillin,Saudi Arabia,WHO GLASS (ML Excel)
Streptococcus Pneumoniae,Oxacillin,Saudi Arabia,WHO GLASS (ML Excel)
Streptococcus Pneumoniae,Oxacillin,Saudi Arabia,WHO GLASS (ML Excel)
Streptococcus Pneumoniae,Oxacillin,Saudi Arabia,WHO GLASS (ML Excel)
Streptococcus Pneumoniae,Penicillin G,United Arab Emirates,WHO GLASS (ML Excel)
Streptococcus Pneumoniae,Penicillin G,United Arab Emirates,WHO GLASS (ML Excel)
Streptococcus Pneumoniae,Penicillin G,United Arab Emirates,WHO GLASS (ML Excel)
Streptococcus Pneumoniae,Penicillin G,United Arab Emirates,WHO GLASS (ML Excel)
Streptococcus Pneumoniae,Penicillin G,Argentina,WHO GLASS (ML Excel)
Streptococcus Pneumoniae,Penicillin G,Argentina,WHO GLASS (ML Excel)
Streptococcus Pneumoniae,Penicillin G,Argentina,WHO GLASS (ML Excel)
Streptococcus Pneumoniae,Penicillin G,Argentina,WHO GLASS (ML Excel)
Streptococcus Pneumoniae,Penicillin G,Bosnia and Herzegovina,WHO GLASS (ML Excel)
Streptococcus Pneumoniae,Penicillin G,Bosnia and Herzegovina,WHO GLASS (ML Excel)
Streptococcus Pneumoniae,Penicillin G,Bosnia and Herzegovina,WHO GLASS (ML Excel)
Streptococcus Pneumoniae,Penicillin G,Bosnia and Herzegovina,WHO GLASS (ML Excel)
Streptococcus Pneumoniae,Penicillin G,Switzerland,WHO GLASS (ML Excel)
Streptococcus Pneumoniae,Penicillin G,Switzerland,WHO GLASS (ML Excel)
Streptococcus Pneumoniae,Penicillin G,Switzerland,WHO GLASS (ML Excel)
Streptococcus Pneumoniae,Penicillin G,Switzerland,WHO GLASS (ML Excel)
Streptococcus Pneumoniae,Penicillin G,Japan,WHO GLASS (ML Excel)
Streptococcus Pneumoniae,Penicillin G,Japan,WHO GLASS (ML Excel)
Streptococcus Pneumoniae,Penicillin G,Japan,WHO GLASS (ML Excel)
Streptococcus Pneumoniae,Penicillin G,Japan,WHO GLASS (ML Excel)
Streptococcus Pneumoniae,Penicillin G,Republic of Korea,WHO GLASS (ML Excel)
Streptococcus Pneumoniae,Penicillin G,Republic of Korea,WHO GLASS (ML Excel)
Streptococcus Pneumoniae,Penicillin G,Republic of Korea,WHO GLASS (ML Excel)
Streptococcus Pneumoniae,Penicillin G,Republic of Korea,WHO GLASS (ML Excel)
Streptococcus Pneumoniae,Penicillin G,Malta,WHO GLASS (ML Excel)
Streptococcus Pneumoniae,Penicillin G,Malta,WHO GLASS (ML Excel)
Streptococcus Pneumoniae,Penicillin G,Malta,WHO GLASS (ML Excel)
Streptococcus Pneumoniae,Penicillin G,Malta,WHO GLASS (ML Excel)
Streptococcus Pneumoniae,Penicillin G,Malaysia,WHO GLASS (ML Excel)
Streptococcus Pneumoniae,Penicillin G,Malaysia,WHO GLASS (ML Excel)
Streptococcus Pneumoniae,Penicillin G,Malaysia,WHO GLASS (ML Excel)
Streptococcus Pneumoniae,Penicillin G,Malaysia,WHO GLASS (ML Excel)
Streptococcus Pneumoniae,Penicillin G,Philippines,WHO GLASS (ML Excel)
Streptococcus Pneumoniae,Penicillin G,Philippines,WHO GLASS (ML Excel)
Streptococcus Pneumoniae,Penicillin G,Philippines,WHO GLASS (ML Excel)
Streptococcus Pneumoniae,Penicillin G,Philippines,WHO GLASS (ML Excel)
Streptococcus Pneumoniae,Penicillin G,Thailand,WHO GLASS (ML Excel)
Streptococcus Pneumoniae,Penicillin G,Thailand,WHO GLASS (ML Excel)
Streptococcus Pneumoniae,Penicillin G,Thailand,WHO GLASS (ML Excel)
Streptococcus Pneumoniae,Penicillin G,Thailand,WHO GLASS (ML Excel)
Streptococcus Pneumoniae,Penicillin G,South Africa,WHO GLASS (ML Excel)
Streptococcus Pneumoniae,Penicillin G,South Africa,WHO GLASS (ML Excel)
Streptococcus Pneumoniae,Penicillin G,South Africa,WHO GLASS (ML Excel)
Streptococcus Pneumoniae,Penicillin G,South Africa,WHO GLASS (ML Excel)
Acinetobacter Spp.,Meropenem,United Arab Emirates,WHO GLASS (ML Excel)
Acinetobacter Spp.,Meropenem,United Arab Emirates,WHO GLASS (ML Excel)
Acinetobacter Spp.,Meropenem,United Arab Emirates,WHO GLASS (ML Excel)
Acinetobacter Spp.,Meropenem,United Arab Emirates,WHO GLASS (ML Excel)
Acinetobacter Spp.,Meropenem,Argentina,WHO GLASS (ML Excel)
Acinetobacter Spp.,Meropenem,Argentina,WHO GLASS (ML Excel)
Acinetobacter Spp.,Meropenem,Argentina,WHO GLASS (ML Excel)
Acinetobacter Spp.,Meropenem,Argentina,WHO GLASS (ML Excel)
Acinetobacter Spp.,Meropenem,Bosnia and Herzegovina,WHO GLASS (ML Excel)
Acinetobacter Spp.,Meropenem,Bosnia and Herzegovina,WHO GLASS (ML Excel)
Acinetobacter Spp.,Meropenem,Bosnia and Herzegovina,WHO GLASS (ML Excel)
Acinetobacter Spp.,Meropenem,Bosnia and Herzegovina,WHO GLASS (ML Excel)
Acinetobacter Spp.,Meropenem,Switzerland,WHO GLASS (ML Excel)
Acinetobacter Spp.,Meropenem,Switzerland,WHO GLASS (ML Excel)
Acinetobacter Spp.,Meropenem,Switzerland,WHO GLASS (ML Excel)
Acinetobacter Spp.,Meropenem,Switzerland,WHO GLASS (ML Excel)
Acinetobacter Spp.,Meropenem,Georgia,WHO GLASS (ML Excel)
Acinetobacter Spp.,Meropenem,Georgia,WHO GLASS (ML Excel)
Acinetobacter Spp.,Meropenem,Georgia,WHO GLASS (ML Excel)
Acinetobacter Spp.,Meropenem,Georgia,WHO GLASS (ML Excel)
Acinetobacter Spp.,Meropenem,India,WHO GLASS (ML Excel)
Acinetobacter Spp.,Meropenem,India,WHO GLASS (ML Excel)
Acinetobacter Spp.,Meropenem,India,WHO GLASS (ML Excel)
Acinetobacter Spp.,Meropenem,India,WHO GLASS (ML Excel)
Acinetobacter Spp.,Meropenem,Japan,WHO GLASS (ML Excel)
Acinetobacter Spp.,Meropenem,Japan,WHO GLASS (ML Excel)
Acinetobacter Spp.,Meropenem,Japan,WHO GLASS (ML Excel)
Acinetobacter Spp.,Meropenem,Japan,WHO GLASS (ML Excel)
Acinetobacter Spp.,Meropenem,Republic of Korea,WHO GLASS (ML Excel)
Acinetobacter Spp.,Meropenem,Republic of Korea,WHO GLASS (ML Excel)
Acinetobacter Spp.,Meropenem,Republic of Korea,WHO GLASS (ML Excel)
Acinetobacter Spp.,Meropenem,Republic of Korea,WHO GLASS (ML Excel)
Acinetobacter Spp.,Meropenem,North Macedonia,WHO GLASS (ML Excel)
Acinetobacter Spp.,Meropenem,North Macedonia,WHO GLASS (ML Excel)
Acinetobacter Spp.,Meropenem,North Macedonia,WHO GLASS (ML Excel)
Acinetobacter Spp.,Meropenem,North Macedonia,WHO GLASS (ML Excel)
Acinetobacter Spp.,Meropenem,Malaysia,WHO GLASS (ML Excel)
Acinetobacter Spp.,Meropenem,Malaysia,WHO GLASS (ML Excel)
Acinetobacter Spp.,Meropenem,Malaysia,WHO GLASS (ML Excel)
Acinetobacter Spp.,Meropenem,Malaysia,WHO GLASS (ML Excel)
Acinetobacter Spp.,Meropenem,Oman,WHO GLASS (ML Excel)
Acinetobacter Spp.,Meropenem,Oman,WHO GLASS (ML Excel)
Acinetobacter Spp.,Meropenem,Oman,WHO GLASS (ML Excel)
Acinetobacter Spp.,Meropenem,Oman,WHO GLASS (ML Excel)
Acinetobacter Spp.,Meropenem,Pakistan,WHO GLASS (ML Excel)
Acinetobacter Spp.,Meropenem,Pakistan,WHO GLASS (ML Excel)
Acinetobacter Spp.,Meropenem,Pakistan,WHO GLASS (ML Excel)
Acinetobacter Spp.,Meropenem,Pakistan,WHO GLASS (ML Excel)
Acinetobacter Spp.,Meropenem,Philippines,WHO GLASS (ML Excel)
Acinetobacter Spp.,Meropenem,Philippines,WHO GLASS (ML Excel)
Acinetobacter Spp.,Meropenem,Philippines,WHO GLASS (ML Excel)
Acinetobacter Spp.,Meropenem,Philippines,WHO GLASS (ML Excel)
Acinetobacter Spp.,Meropenem,Russian Federation,WHO GLASS (ML Excel)
Acinetobacter Spp.,Meropenem,Russian Federation,WHO GLASS (ML Excel)
Acinetobacter Spp.,Meropenem,Russian Federation,WHO GLASS (ML Excel)
Acinetobacter Spp.,Meropenem,Russian Federation,WHO GLASS (ML Excel)
Acinetobacter Spp.,Meropenem,Saudi Arabia,WHO GLASS (ML Excel)
Acinetobacter Spp.,Meropenem,Saudi Arabia,WHO GLASS (ML Excel)
Acinetobacter Spp.,Meropenem,Saudi Arabia,WHO GLASS (ML Excel)
Acinetobacter Spp.,Meropenem,Saudi Arabia,WHO GLASS (ML Excel)
Acinetobacter Spp.,Meropenem,Thailand,WHO GLASS (ML Excel)
Acinetobacter Spp.,Meropenem,Thailand,WHO GLASS (ML Excel)
Acinetobacter Spp.,Meropenem,Thailand,WHO GLASS (ML Excel)
Acinetobacter Spp.,Meropenem,Thailand,WHO GLASS (ML Excel)
Acinetobacter Spp.,Meropenem,Tunisia,WHO GLASS (ML Excel)
Acinetobacter Spp.,Meropenem,Tunisia,WHO GLASS (ML Excel)
Acinetobacter Spp.,Meropenem,Tunisia,WHO GLASS (ML Excel)
Acinetobacter Spp.,Meropenem,Tunisia,WHO GLASS (ML Excel)
Acinetobacter Spp.,Meropenem,South Africa,WHO GLASS (ML Excel)
Acinetobacter Spp.,Meropenem,South Africa,WHO GLASS (ML Excel)
Acinetobacter Spp.,Meropenem,South Africa,WHO GLASS (ML Excel)
Acinetobacter Spp.,Meropenem,South Africa,WHO GLASS (ML Excel)
Acinetobacter Spp.,Minocycline,United Arab Emirates,WHO GLASS (ML Excel)
Acinetobacter Spp.,Minocycline,United Arab Emirates,WHO GLASS (ML Excel)
Acinetobacter Spp.,Minocycline,United Arab Emirates,WHO GLASS (ML Excel)
Acinetobacter Spp.,Minocycline,United Arab Emirates,WHO GLASS (ML Excel)
Acinetobacter Spp.,Minocycline,Argentina,WHO GLASS (ML Excel)
Acinetobacter Spp.,Minocycline,Argentina,WHO GLASS (ML Excel)
Acinetobacter Spp.,Minocycline,Argentina,WHO GLASS (ML Excel)
Acinetobacter Spp.,Minocycline,Argentina,WHO GLASS (ML Excel)
Acinetobacter Spp.,Minocycline,India,WHO GLASS (ML Excel)
Acinetobacter Spp.,Minocycline,India,WHO GLASS (ML Excel)
Acinetobacter Spp.,Minocycline,India,WHO GLASS (ML Excel)
Acinetobacter Spp.,Minocycline,India,WHO GLASS (ML Excel)
Acinetobacter Spp.,Minocycline,Japan,WHO GLASS (ML Excel)
Acinetobacter Spp.,Minocycline,Japan,WHO GLASS (ML Excel)
Acinetobacter Spp.,Minocycline,Japan,WHO GLASS (ML Excel)
Acinetobacter Spp.,Minocycline,Japan,WHO GLASS (ML Excel)
Acinetobacter Spp.,Minocycline,Republic of Korea,WHO GLASS (ML Excel)
Acinetobacter Spp.,Minocycline,Republic of Korea,WHO GLASS (ML Excel)
Acinetobacter Spp.,Minocycline,Republic of Korea,WHO GLASS (ML Excel)
Acinetobacter Spp.,Minocycline,Republic of Korea,WHO GLASS (ML Excel)
Acinetobacter Spp.,Minocycline,Philippines,WHO GLASS (ML Excel)
Acinetobacter Spp.,Minocycline,Philippines,WHO GLASS (ML Excel)
Acinetobacter Spp.,Minocycline,Philippines,WHO GLASS (ML Excel)
Acinetobacter Spp.,Minocycline,Philippines,WHO GLASS (ML Excel)
Acinetobacter Spp.,Minocycline,Saudi Arabia,WHO GLASS (ML Excel)
Acinetobacter Spp.,Minocycline,Saudi Arabia,WHO GLASS (ML Excel)
Acinetobacter Spp.,Minocycline,Saudi Arabia,WHO GLASS (ML Excel)
Acinetobacter Spp.,Minocycline,Saudi Arabia,WHO GLASS (ML Excel)
Acinetobacter Spp.,Tigecycline,Republic of Korea,WHO GLASS (ML Excel)
Acinetobacter Spp.,Tigecycline,Republic of Korea,WHO GLASS (ML Excel)
Acinetobacter Spp.,Tigecycline,Republic of Korea,WHO GLASS (ML Excel)
Acinetobacter Spp.,Tigecycline,Republic of Korea,WHO GLASS (ML Excel)
Acinetobacter Spp.,Tigecycline,Malaysia,WHO GLASS (ML Excel)
Acinetobacter Spp.,Tigecycline,Malaysia,WHO GLASS (ML Excel)
Acinetobacter Spp.,Tigecycline,Malaysia,WHO GLASS (ML Excel)
Acinetobacter Spp.,Tigecycline,Malaysia,WHO GLASS (ML Excel)
Acinetobacter Spp.,Tigecycline,Pakistan,WHO GLASS (ML Excel)
Acinetobacter Spp.,Tigecycline,Pakistan,WHO GLASS (ML Excel)
Acinetobacter Spp.,Tigecycline,Pakistan,WHO GLASS (ML Excel)
Acinetobacter Spp.,Tigecycline,Pakistan,WHO GLASS (ML Excel)
Acinetobacter Spp.,Tigecycline,Saudi Arabia,WHO GLASS (ML Excel)
Acinetobacter Spp.,Tigecycline,Saudi Arabia,WHO GLASS (ML Excel)
Acinetobacter Spp.,Tigecycline,Saudi Arabia,WHO GLASS (ML Excel)
Acinetobacter Spp.,Tigecycline,Saudi Arabia,WHO GLASS (ML Excel)
Escherichia Coli,Ampicillin,United Arab Emirates,WHO GLASS (ML Excel)
Escherichia Coli,Ampicillin,United Arab Emirates,WHO GLASS (ML Excel)
Escherichia Coli,Ampicillin,United Arab Emirates,WHO GLASS (ML Excel)
Escherichia Coli,Ampicillin,United Arab Emirates,WHO GLASS (ML Excel)
Escherichia Coli,Ampicillin,Argentina,WHO GLASS (ML Excel)
Escherichia Coli,Ampicillin,Argentina,WHO GLASS (ML Excel)
Escherichia Coli,Ampicillin,Argentina,WHO GLASS (ML Excel)
Escherichia Coli,Ampicillin,Argentina,WHO GLASS (ML Excel)
Escherichia Coli,Ampicillin,Bosnia and Herzegovina,WHO GLASS (ML Excel)
Escherichia Coli,Ampicillin,Bosnia and Herzegovina,WHO GLASS (ML Excel)
Escherichia Coli,Ampicillin,Bosnia and Herzegovina,WHO GLASS (ML Excel)
Escherichia Coli,Ampicillin,Bosnia and Herzegovina,WHO GLASS (ML Excel)
Escherichia Coli,Ampicillin,Switzerland,WHO GLASS (ML Excel)
Escherichia Coli,Ampicillin,Switzerland,WHO GLASS (ML Excel)
Escherichia Coli,Ampicillin,Switzerland,WHO GLASS (ML Excel)
Escherichia Coli,Ampicillin,Switzerland,WHO GLASS (ML Excel)
Escherichia Coli,Ampicillin,Japan,WHO GLASS (ML Excel)
Escherichia Coli,Ampicillin,Japan,WHO GLASS (ML Excel)
Escherichia Coli,Ampicillin,Japan,WHO GLASS (ML Excel)
Escherichia Coli,Ampicillin,Japan,WHO GLASS (ML Excel)
Escherichia Coli,Ampicillin,Republic of Korea,WHO GLASS (ML Excel)
Escherichia Coli,Ampicillin,Republic of Korea,WHO GLASS (ML Excel)
Escherichia Coli,Ampicillin,Republic of Korea,WHO GLASS (ML Excel)
Escherichia Coli,Ampicillin,Republic of Korea,WHO GLASS (ML Excel)
Escherichia Coli,Ampicillin,Lao People's Democratic Republic,WHO GLASS (ML Excel)
Escherichia Coli,Ampicillin,Lao People's Democratic Republic,WHO GLASS (ML Excel)
Escherichia Coli,Ampicillin,Lao People's Democratic Republic,WHO GLASS (ML Excel)
Escherichia Coli,Ampicillin,Lao People's Democratic Republic,WHO GLASS (ML Excel)
Escherichia Coli,Ampicillin,North Macedonia,WHO GLASS (ML Excel)
Escherichia Coli,Ampicillin,North Macedonia,WHO GLASS (ML Excel)
Escherichia Coli,Ampicillin,North Macedonia,WHO GLASS (ML Excel)
Escherichia Coli,Ampicillin,North Macedonia,WHO GLASS (ML Excel)
Escherichia Coli,Ampicillin,Malaysia,WHO GLASS (ML Excel)
Escherichia Coli,Ampicillin,Malaysia,WHO GLASS (ML Excel)
Escherichia Coli,Ampicillin,Malaysia,WHO GLASS (ML Excel)
Escherichia Coli,Ampicillin,Malaysia,WHO GLASS (ML Excel)
Escherichia Coli,Ampicillin,Oman,WHO GLASS (ML Excel)
Escherichia Coli,Ampicillin,Oman,WHO GLASS (ML Excel)
Escherichia Coli,Ampicillin,Oman,WHO GLASS (ML Excel)
Escherichia Coli,Ampicillin,Oman,WHO GLASS (ML Excel)
Escherichia Coli,Ampicillin,Pakistan,WHO GLASS (ML Excel)
Escherichia Coli,Ampicillin,Pakistan,WHO GLASS (ML Excel)
Escherichia Coli,Ampicillin,Pakistan,WHO GLASS (ML Excel)
Escherichia Coli,Ampicillin,Pakistan,WHO GLASS (ML Excel)
Escherichia Coli,Ampicillin,Philippines,WHO GLASS (ML Excel)
Escherichia Coli,Ampicillin,Philippines,WHO GLASS (ML Excel)
Escherichia Coli,Ampicillin,Philippines,WHO GLASS (ML Excel)
Escherichia Coli,Ampicillin,Philippines,WHO GLASS (ML Excel)
Escherichia Coli,Ampicillin,Russian Federation,WHO GLASS (ML Excel)
Escherichia Coli,Ampicillin,Russian Federation,WHO GLASS (ML Excel)
Escherichia Coli,Ampicillin,Russian Federation,WHO GLASS (ML Excel)
Escherichia Coli,Ampicillin,Russian Federation,WHO GLASS (ML Excel)
Escherichia Coli,Ampicillin,Saudi Arabia,WHO GLASS (ML Excel)
Escherichia Coli,Ampicillin,Saudi Arabia,WHO GLASS (ML Excel)
Escherichia Coli,Ampicillin,Saudi Arabia,WHO GLASS (ML Excel)
Escherichia Coli,Ampicillin,Saudi Arabia,WHO GLASS (ML Excel)
Escherichia Coli,Ampicillin,Thailand,WHO GLASS (ML Excel)
Escherichia Coli,Ampicillin,Thailand,WHO GLASS (ML Excel)
Escherichia Coli,Ampicillin,Thailand,WHO GLASS (ML Excel)
Escherichia Coli,Ampicillin,Thailand,WHO GLASS (ML Excel)
Escherichia Coli,Ampicillin,Tunisia,WHO GLASS (ML Excel)
Escherichia Coli,Ampicillin,Tunisia,WHO GLASS (ML Excel)
Escherichia Coli,Ampicillin,Tunisia,WHO GLASS (ML Excel)
Escherichia Coli,Ampicillin,Tunisia,WHO GLASS (ML Excel)
Escherichia Coli,Cefepime,United Arab Emirates,WHO GLASS (ML Excel)
Escherichia Coli,Cefepime,United Arab Emirates,WHO GLASS (ML Excel)
Escherichia Coli,Cefepime,United Arab Emirates,WHO GLASS (ML Excel)
Escherichia Coli,Cefepime,United Arab Emirates,WHO GLASS (ML Excel)
Escherichia Coli,Cefepime,Argentina,WHO GLASS (ML Excel)
Escherichia Coli,Cefepime,Argentina,WHO GLASS (ML Excel)
Escherichia Coli,Cefepime,Argentina,WHO GLASS (ML Excel)
Escherichia Coli,Cefepime,Argentina,WHO GLASS (ML Excel)
Escherichia Coli,Cefepime,India,WHO GLASS (ML Excel)
Escherichia Coli,Cefepime,India,WHO GLASS (ML Excel)
Escherichia Coli,Cefepime,India,WHO GLASS (ML Excel)
Escherichia Coli,Cefepime,India,WHO GLASS (ML Excel)
Escherichia Coli,Cefepime,Japan,WHO GLASS (ML Excel)
Escherichia Coli,Cefepime,Japan,WHO GLASS (ML Excel)
Escherichia Coli,Cefepime,Japan,WHO GLASS (ML Excel)
Escherichia Coli,Cefepime,Japan,WHO GLASS (ML Excel)
Escherichia Coli,Cefepime,Republic of Korea,WHO GLASS (ML Excel)
Escherichia Coli,Cefepime,Republic of Korea,WHO GLASS (ML Excel)
Escherichia Coli,Cefepime,Republic of Korea,WHO GLASS (ML Excel)
Escherichia Coli,Cefepime,Republic of Korea,WHO GLASS (ML Excel)
Escherichia Coli,Cefepime,Malta,WHO GLASS (ML Excel)
Escherichia Coli,Cefepime,Malta,WHO GLASS (ML Excel)
Escherichia Coli,Cefepime,Malta,WHO GLASS (ML Excel)
Escherichia Coli,Cefepime,Malta,WHO GLASS (ML Excel)
Escherichia Coli,Cefepime,Malaysia,WHO GLASS (ML Excel)
Escherichia Coli,Cefepime,Malaysia,WHO GLASS (ML Excel)
Escherichia Coli,Cefepime,Malaysia,WHO GLASS (ML Excel)
Escherichia Coli,Cefepime,Malaysia,WHO GLASS (ML Excel)
Escherichia Coli,Cefepime,Oman,WHO GLASS (ML Excel)
Escherichia Coli,Cefepime,Oman,WHO GLASS (ML Excel)
Escherichia Coli,Cefepime,Oman,WHO GLASS (ML Excel)
Escherichia Coli,Cefepime,Oman,WHO GLASS (ML Excel)
Escherichia Coli,Cefepime,Pakistan,WHO GLASS (ML Excel)
Escherichia Coli,Cefepime,Pakistan,WHO GLASS (ML Excel)
Escherichia Coli,Cefepime,Pakistan,WHO GLASS (ML Excel)
Escherichia Coli,Cefepime,Pakistan,WHO GLASS (ML Excel)
Escherichia Coli,Cefepime,Philippines,WHO GLASS (ML Excel)
Escherichia Coli,Cefepime,Philippines,WHO GLASS (ML Excel)
Escherichia Coli,Cefepime,Philippines,WHO GLASS (ML Excel)
Escherichia Coli,Cefepime,Philippines,WHO GLASS (ML Excel)
Escherichia Coli,Cefepime,Saudi Arabia,WHO GLASS (ML Excel)
Escherichia Coli,Cefepime,Saudi Arabia,WHO GLASS (ML Excel)
Escherichia Coli,Cefepime,Saudi Arabia,WHO GLASS (ML Excel)
Escherichia Coli,Cefepime,Saudi Arabia,WHO GLASS (ML Excel)
Escherichia Coli,Cefepime,Tunisia,WHO GLASS (ML Excel)
Escherichia Coli,Cefepime,Tunisia,WHO GLASS (ML Excel)
Escherichia Coli,Cefepime,Tunisia,WHO GLASS (ML Excel)
Escherichia Coli,Cefepime,Tunisia,WHO GLASS (ML Excel)
Acinetobacter Spp.,Amikacin,United Arab Emirates,WHO GLASS (ML Excel)
Acinetobacter Spp.,Amikacin,United Arab Emirates,WHO GLASS (ML Excel)
Acinetobacter Spp.,Amikacin,United Arab Emirates,WHO GLASS (ML Excel)
Acinetobacter Spp.,Amikacin,United Arab Emirates,WHO GLASS (ML Excel)
Acinetobacter Spp.,Amikacin,Argentina,WHO GLASS (ML Excel)
Acinetobacter Spp.,Amikacin,Argentina,WHO GLASS (ML Excel)
Acinetobacter Spp.,Amikacin,Argentina,WHO GLASS (ML Excel)
Acinetobacter Spp.,Amikacin,Argentina,WHO GLASS (ML Excel)
Acinetobacter Spp.,Amikacin,Bosnia and Herzegovina,WHO GLASS (ML Excel)
Acinetobacter Spp.,Amikacin,Bosnia and Herzegovina,WHO GLASS (ML Excel)
Acinetobacter Spp.,Amikacin,Bosnia and Herzegovina,WHO GLASS (ML Excel)
Acinetobacter Spp.,Amikacin,Bosnia and Herzegovina,WHO GLASS (ML Excel)
Acinetobacter Spp.,Amikacin,Switzerland,WHO GLASS (ML Excel)
Acinetobacter Spp.,Amikacin,Switzerland,WHO GLASS (ML Excel)
Acinetobacter Spp.,Amikacin,Switzerland,WHO GLASS (ML Excel)
Acinetobacter Spp.,Amikacin,Switzerland,WHO GLASS (ML Excel)
Acinetobacter Spp.,Amikacin,Egypt,WHO GLASS (ML Excel)
Acinetobacter Spp.,Amikacin,Egypt,WHO GLASS (ML Excel)
Acinetobacter Spp.,Amikacin,Egypt,WHO GLASS (ML Excel)
Acinetobacter Spp.,Amikacin,Egypt,WHO GLASS (ML Excel)
Acinetobacter Spp.,Amikacin,Georgia,WHO GLASS (ML Excel)
Acinetobacter Spp.,Amikacin,Georgia,WHO GLASS (ML Excel)
Acinetobacter Spp.,Amikacin,Georgia,WHO GLASS (ML Excel)
Acinetobacter Spp.,Amikacin,Georgia,WHO GLASS (ML Excel)
Acinetobacter Spp.,Amikacin,India,WHO GLASS (ML Excel)
Acinetobacter Spp.,Amikacin,India,WHO GLASS (ML Excel)
Acinetobacter Spp.,Amikacin,India,WHO GLASS (ML Excel)
Acinetobacter Spp.,Amikacin,India,WHO GLASS (ML Excel)
Acinetobacter Spp.,Amikacin,Japan,WHO GLASS (ML Excel)
Acinetobacter Spp.,Amikacin,Japan,WHO GLASS (ML Excel)
Acinetobacter Spp.,Amikacin,Japan,WHO GLASS (ML Excel)
Acinetobacter Spp.,Amikacin,Japan,WHO GLASS (ML Excel)
Acinetobacter Spp.,Amikacin,Republic of Korea,WHO GLASS (ML Excel)
Acinetobacter Spp.,Amikacin,Republic of Korea,WHO GLASS (ML Excel)
Acinetobacter Spp.,Amikacin,Republic of Korea,WHO GLASS (ML Excel)
Acinetobacter Spp.,Amikacin,Republic of Korea,WHO GLASS (ML Excel)
Acinetobacter Spp.,Amikacin,North Macedonia,WHO GLASS (ML Excel)
Acinetobacter Spp.,Amikacin,North Macedonia,WHO GLASS (ML Excel)
Acinetobacter Spp.,Amikacin,North Macedonia,WHO GLASS (ML Excel)
Acinetobacter Spp.,Amikacin,North Macedonia,WHO GLASS (ML Excel)
Acinetobacter Spp.,Amikacin,Malaysia,WHO GLASS (ML Excel)
Acinetobacter Spp.,Amikacin,Malaysia,WHO GLASS (ML Excel)
Acinetobacter Spp.,Amikacin,Malaysia,WHO GLASS (ML Excel)
Acinetobacter Spp.,Amikacin,Malaysia,WHO GLASS (ML Excel)
Acinetobacter Spp.,Amikacin,Oman,WHO GLASS (ML Excel)
Acinetobacter Spp.,Amikacin,Oman,WHO GLASS (ML Excel)
Acinetobacter Spp.,Amikacin,Oman,WHO GLASS (ML Excel)
Acinetobacter Spp.,Amikacin,Oman,WHO GLASS (ML Excel)
Acinetobacter Spp.,Amikacin,Pakistan,WHO GLASS (ML Excel)
Acinetobacter Spp.,Amikacin,Pakistan,WHO GLASS (ML Excel)
Acinetobacter Spp.,Amikacin,Pakistan,WHO GLASS (ML Excel)
Acinetobacter Spp.,Amikacin,Pakistan,WHO GLASS (ML Excel)
Acinetobacter Spp.,Amikacin,Philippines,WHO GLASS (ML Excel)
Acinetobacter Spp.,Amikacin,Philippines,WHO GLASS (ML Excel)
Acinetobacter Spp.,Amikacin,Philippines,WHO GLASS (ML Excel)
Acinetobacter Spp.,Amikacin,Philippines,WHO GLASS (ML Excel)
Acinetobacter Spp.,Amikacin,Russian Federation,WHO GLASS (ML Excel)
Acinetobacter Spp.,Amikacin,Russian Federation,WHO GLASS (ML Excel)
Acinetobacter Spp.,Amikacin,Russian Federation,WHO GLASS (ML Excel)
Acinetobacter Spp.,Amikacin,Russian Federation,WHO GLASS (ML Excel)
Acinetobacter Spp.,Amikacin,Saudi Arabia,WHO GLASS (ML Excel)
Acinetobacter Spp.,Amikacin,Saudi Arabia,WHO GLASS (ML Excel)
Acinetobacter Spp.,Amikacin,Saudi Arabia,WHO GLASS (ML Excel)
Acinetobacter Spp.,Amikacin,Saudi Arabia,WHO GLASS (ML Excel)
Acinetobacter Spp.,Amikacin,Thailand,WHO GLASS (ML Excel)
Acinetobacter Spp.,Amikacin,Thailand,WHO GLASS (ML Excel)
Acinetobacter Spp.,Amikacin,Thailand,WHO GLASS (ML Excel)
Acinetobacter Spp.,Amikacin,Thailand,WHO GLASS (ML Excel)
Acinetobacter Spp.,Amikacin,South Africa,WHO GLASS (ML Excel)
Acinetobacter Spp.,Amikacin,South Africa,WHO GLASS (ML Excel)
Acinetobacter Spp.,Amikacin,South Africa,WHO GLASS (ML Excel)
Acinetobacter Spp.,Amikacin,South Africa,WHO GLASS (ML Excel)
Neisseria Gonorrhoeae,Cefixime,Switzerland,WHO GLASS (ML Excel)
Neisseria Gonorrhoeae,Cefixime,Switzerland,WHO GLASS (ML Excel)
Neisseria Gonorrhoeae,Cefixime,Switzerland,WHO GLASS (ML Excel)
Neisseria Gonorrhoeae,Cefixime,Switzerland,WHO GLASS (ML Excel)
Neisseria Gonorrhoeae,Cefixime,Japan,WHO GLASS (ML Excel)
Neisseria Gonorrhoeae,Cefixime,Japan,WHO GLASS (ML Excel)
Neisseria Gonorrhoeae,Cefixime,Japan,WHO GLASS (ML Excel)
Neisseria Gonorrhoeae,Cefixime,Japan,WHO GLASS (ML Excel)
Neisseria Gonorrhoeae,Cefixime,Norway,WHO GLASS (ML Excel)
Neisseria Gonorrhoeae,Cefixime,Norway,WHO GLASS (ML Excel)
Neisseria Gonorrhoeae,Cefixime,Norway,WHO GLASS (ML Excel)
Neisseria Gonorrhoeae,Cefixime,Norway,WHO GLASS (ML Excel)
Neisseria Gonorrhoeae,Cefixime,Philippines,WHO GLASS (ML Excel)
Neisseria Gonorrhoeae,Cefixime,Philippines,WHO GLASS (ML Excel)
Neisseria Gonorrhoeae,Cefixime,Philippines,WHO GLASS (ML Excel)
Neisseria Gonorrhoeae,Cefixime,Philippines,WHO GLASS (ML Excel)
Neisseria Gonorrhoeae,Cefixime,Uganda,WHO GLASS (ML Excel)
Neisseria Gonorrhoeae,Cefixime,Uganda,WHO GLASS (ML Excel)
Neisseria Gonorrhoeae,Cefixime,Uganda,WHO GLASS (ML Excel)
Neisseria Gonorrhoeae,Cefixime,Uganda,WHO GLASS (ML Excel)
Neisseria Gonorrhoeae,Ceftriaxone,Switzerland,WHO GLASS (ML Excel)
Neisseria Gonorrhoeae,Ceftriaxone,Switzerland,WHO GLASS (ML Excel)
Neisseria Gonorrhoeae,Ceftriaxone,Switzerland,WHO GLASS (ML Excel)
Neisseria Gonorrhoeae,Ceftriaxone,Switzerland,WHO GLASS (ML Excel)
Neisseria Gonorrhoeae,Ceftriaxone,Finland,WHO GLASS (ML Excel)
Neisseria Gonorrhoeae,Ceftriaxone,Finland,WHO GLASS (ML Excel)
Neisseria Gonorrhoeae,Ceftriaxone,Finland,WHO GLASS (ML Excel)
Neisseria Gonorrhoeae,Ceftriaxone,Finland,WHO GLASS (ML Excel)
Neisseria Gonorrhoeae,Ceftriaxone,Japan,WHO GLASS (ML Excel)
Neisseria Gonorrhoeae,Ceftriaxone,Japan,WHO GLASS (ML Excel)
Neisseria Gonorrhoeae,Ceftriaxone,Japan,WHO GLASS (ML Excel)
Neisseria Gonorrhoeae,Ceftriaxone,Japan,WHO GLASS (ML Excel)
Neisseria Gonorrhoeae,Ceftriaxone,Malaysia,WHO GLASS (ML Excel)
Neisseria Gonorrhoeae,Ceftriaxone,Malaysia,WHO GLASS (ML Excel)
Neisseria Gonorrhoeae,Ceftriaxone,Malaysia,WHO GLASS (ML Excel)
Neisseria Gonorrhoeae,Ceftriaxone,Malaysia,WHO GLASS (ML Excel)
Neisseria Gonorrhoeae,Ceftriaxone,Norway,WHO GLASS (ML Excel)
Neisseria Gonorrhoeae,Ceftriaxone,Norway,WHO GLASS (ML Excel)
Neisseria Gonorrhoeae,Ceftriaxone,Norway,WHO GLASS (ML Excel)
Neisseria Gonorrhoeae,Ceftriaxone,Norway,WHO GLASS (ML Excel)
Neisseria Gonorrhoeae,Ceftriaxone,Oman,WHO GLASS (ML Excel)
Neisseria Gonorrhoeae,Ceftriaxone,Oman,WHO GLASS (ML Excel)
Neisseria Gonorrhoeae,Ceftriaxone,Oman,WHO GLASS (ML Excel)
Neisseria Gonorrhoeae,Ceftriaxone,Oman,WHO GLASS (ML Excel)
Neisseria Gonorrhoeae,Ceftriaxone,Philippines,WHO GLASS (ML Excel)
Neisseria Gonorrhoeae,Ceftriaxone,Philippines,WHO GLASS (ML Excel)
Neisseria Gonorrhoeae,Ceftriaxone,Philippines,WHO GLASS (ML Excel)
Neisseria Gonorrhoeae,Ceftriaxone,Philippines,WHO GLASS (ML Excel)
Neisseria Gonorrhoeae,Ceftriaxone,Thailand,WHO GLASS (ML Excel)
Neisseria Gonorrhoeae,Ceftriaxone,Thailand,WHO GLASS (ML Excel)
Neisseria Gonorrhoeae,Ceftriaxone,Thailand,WHO GLASS (ML Excel)
Neisseria Gonorrhoeae,Ceftriaxone,Thailand,WHO GLASS (ML Excel)
Neisseria Gonorrhoeae,Ceftriaxone,Uganda,WHO GLASS (ML Excel)
Neisseria Gonorrhoeae,Ceftriaxone,Uganda,WHO GLASS (ML Excel)
Neisseria Gonorrhoeae,Ceftriaxone,Uganda,WHO GLASS (ML Excel)
Neisseria Gonorrhoeae,Ceftriaxone,Uganda,WHO GLASS (ML Excel)
Neisseria Gonorrhoeae,Ceftriaxone,South Africa,WHO GLASS (ML Excel)
Neisseria Gonorrhoeae,Ceftriaxone,South Africa,WHO GLASS (ML Excel)
Neisseria Gonorrhoeae,Ceftriaxone,South Africa,WHO GLASS (ML Excel)
Neisseria Gonorrhoeae,Ceftriaxone,South Africa,WHO GLASS (ML Excel)
Neisseria Gonorrhoeae,Ciprofloxacin,Switzerland,WHO GLASS (ML Excel)
Neisseria Gonorrhoeae,Ciprofloxacin,Switzerland,WHO GLASS (ML Excel)
Neisseria Gonorrhoeae,Ciprofloxacin,Switzerland,WHO GLASS (ML Excel)
Neisseria Gonorrhoeae,Ciprofloxacin,Switzerland,WHO GLASS (ML Excel)
Neisseria Gonorrhoeae,Ciprofloxacin,Japan,WHO GLASS (ML Excel)
Neisseria Gonorrhoeae,Ciprofloxacin,Japan,WHO GLASS (ML Excel)
Neisseria Gonorrhoeae,Ciprofloxacin,Japan,WHO GLASS (ML Excel)
Neisseria Gonorrhoeae,Ciprofloxacin,Japan,WHO GLASS (ML Excel)
Neisseria Gonorrhoeae,Ciprofloxacin,Malaysia,WHO GLASS (ML Excel)
Neisseria Gonorrhoeae,Ciprofloxacin,Malaysia,WHO GLASS (ML Excel)
Neisseria Gonorrhoeae,Ciprofloxacin,Malaysia,WHO GLASS (ML Excel)
Neisseria Gonorrhoeae,Ciprofloxacin,Malaysia,WHO GLASS (ML Excel)
Neisseria Gonorrhoeae,Ciprofloxacin,Norway,WHO GLASS (ML Excel)
Neisseria Gonorrhoeae,Ciprofloxacin,Norway,WHO GLASS (ML Excel)
Neisseria Gonorrhoeae,Ciprofloxacin,Norway,WHO GLASS (ML Excel)
Neisseria Gonorrhoeae,Ciprofloxacin,Norway,WHO GLASS (ML Excel)
Neisseria Gonorrhoeae,Ciprofloxacin,Oman,WHO GLASS (ML Excel)
Neisseria Gonorrhoeae,Ciprofloxacin,Oman,WHO GLASS (ML Excel)
Neisseria Gonorrhoeae,Ciprofloxacin,Oman,WHO GLASS (ML Excel)
Neisseria Gonorrhoeae,Ciprofloxacin,Oman,WHO GLASS (ML Excel)
Neisseria Gonorrhoeae,Ciprofloxacin,Philippines,WHO GLASS (ML Excel)
Neisseria Gonorrhoeae,Ciprofloxacin,Philippines,WHO GLASS (ML Excel)
Neisseria Gonorrhoeae,Ciprofloxacin,Philippines,WHO GLASS (ML Excel)
Neisseria Gonorrhoeae,Ciprofloxacin,Philippines,WHO GLASS (ML Excel)
Neisseria Gonorrhoeae,Ciprofloxacin,Thailand,WHO GLASS (ML Excel)
Neisseria Gonorrhoeae,Ciprofloxacin,Thailand,WHO GLASS (ML Excel)
Neisseria Gonorrhoeae,Ciprofloxacin,Thailand,WHO GLASS (ML Excel)
Neisseria Gonorrhoeae,Ciprofloxacin,Thailand,WHO GLASS (ML Excel)
Neisseria Gonorrhoeae,Ciprofloxacin,Uganda,WHO GLASS (ML Excel)
Neisseria Gonorrhoeae,Ciprofloxacin,Uganda,WHO GLASS (ML Excel)
Neisseria Gonorrhoeae,Ciprofloxacin,Uganda,WHO GLASS (ML Excel)
Neisseria Gonorrhoeae,Ciprofloxacin,Uganda,WHO GLASS (ML Excel)
Neisseria Gonorrhoeae,Spectinomycin,Japan,WHO GLASS (ML Excel)
Neisseria Gonorrhoeae,Spectinomycin,Japan,WHO GLASS (ML Excel)
Neisseria Gonorrhoeae,Spectinomycin,Japan,WHO GLASS (ML Excel)
Neisseria Gonorrhoeae,Spectinomycin,Japan,WHO GLASS (ML Excel)
Neisseria Gonorrhoeae,Spectinomycin,Malaysia,WHO GLASS (ML Excel)
Neisseria Gonorrhoeae,Spectinomycin,Malaysia,WHO GLASS (ML Excel)
Neisseria Gonorrhoeae,Spectinomycin,Malaysia,WHO GLASS (ML Excel)
Neisseria Gonorrhoeae,Spectinomycin,Malaysia,WHO GLASS (ML Excel)
Neisseria Gonorrhoeae,Spectinomycin,Philippines,WHO GLASS (ML Excel)
Neisseria Gonorrhoeae,Spectinomycin,Philippines,WHO GLASS (ML Excel)
Neisseria Gonorrhoeae,Spectinomycin,Philippines,WHO GLASS (ML Excel)
Neisseria Gonorrhoeae,Spectinomycin,Philippines,WHO GLASS (ML Excel)
Neisseria Gonorrhoeae,Spectinomycin,South Africa,WHO GLASS (ML Excel)
Neisseria Gonorrhoeae,Spectinomycin,South Africa,WHO GLASS (ML Excel)
Neisseria Gonorrhoeae,Spectinomycin,South Africa,WHO GLASS (ML Excel)
Neisseria Gonorrhoeae,Spectinomycin,South Africa,WHO GLASS (ML Excel)
Neisseria Gonorrhoeae,Azithromycin,Switzerland,WHO GLASS (ML Excel)
Neisseria Gonorrhoeae,Azithromycin,Switzerland,WHO GLASS (ML Excel)
Neisseria Gonorrhoeae,Azithromycin,Switzerland,WHO GLASS (ML Excel)
Neisseria Gonorrhoeae,Azithromycin,Switzerland,WHO GLASS (ML Excel)
Neisseria Gonorrhoeae,Azithromycin,Japan,WHO GLASS (ML Excel)
Neisseria Gonorrhoeae,Azithromycin,Japan,WHO GLASS (ML Excel)
Neisseria Gonorrhoeae,Azithromycin,Japan,WHO GLASS (ML Excel)
Neisseria Gonorrhoeae,Azithromycin,Japan,WHO GLASS (ML Excel)
Neisseria Gonorrhoeae,Azithromycin,Norway,WHO GLASS (ML Excel)
Neisseria Gonorrhoeae,Azithromycin,Norway,WHO GLASS (ML Excel)
Neisseria Gonorrhoeae,Azithromycin,Norway,WHO GLASS (ML Excel)
Neisseria Gonorrhoeae,Azithromycin,Norway,WHO GLASS (ML Excel)
Neisseria Gonorrhoeae,Azithromycin,Philippines,WHO GLASS (ML Excel)
Neisseria Gonorrhoeae,Azithromycin,Philippines,WHO GLASS (ML Excel)
Neisseria Gonorrhoeae,Azithromycin,Philippines,WHO GLASS (ML Excel)
Neisseria Gonorrhoeae,Azithromycin,Philippines,WHO GLASS (ML Excel)
Neisseria Gonorrhoeae,Azithromycin,South Africa,WHO GLASS (ML Excel)
Neisseria Gonorrhoeae,Azithromycin,South Africa,WHO GLASS (ML Excel)
Neisseria Gonorrhoeae,Azithromycin,South Africa,WHO GLASS (ML Excel)
Neisseria Gonorrhoeae,Azithromycin,South Africa,WHO GLASS (ML Excel)
Staphylococcus Aureus,Methicillin Resistance,United Arab Emirates,WHO GLASS (ML Excel)
Staphylococcus Aureus,Methicillin Resistance,United Arab Emirates,WHO GLASS (ML Excel)
Staphylococcus Aureus,Methicillin Resistance,United Arab Emirates,WHO GLASS (ML Excel)
Staphylococcus Aureus,Methicillin Resistance,United Arab Emirates,WHO GLASS (ML Excel)
Staphylococcus Aureus,Methicillin Resistance,Argentina,WHO GLASS (ML Excel)
Staphylococcus Aureus,Methicillin Resistance,Argentina,WHO GLASS (ML Excel)
Staphylococcus Aureus,Methicillin Resistance,Argentina,WHO GLASS (ML Excel)
Staphylococcus Aureus,Methicillin Resistance,Argentina,WHO GLASS (ML Excel)
Staphylococcus Aureus,Methicillin Resistance,Austria,WHO GLASS (ML Excel)
Staphylococcus Aureus,Methicillin Resistance,Austria,WHO GLASS (ML Excel)
Staphylococcus Aureus,Methicillin Resistance,Austria,WHO GLASS (ML Excel)
Staphylococcus Aureus,Methicillin Resistance,Austria,WHO GLASS (ML Excel)
Staphylococcus Aureus,Methicillin Resistance,Bosnia and Herzegovina,WHO GLASS (ML Excel)
Staphylococcus Aureus,Methicillin Resistance,Bosnia and Herzegovina,WHO GLASS (ML Excel)
Staphylococcus Aureus,Methicillin Resistance,Bosnia and Herzegovina,WHO GLASS (ML Excel)
Staphylococcus Aureus,Methicillin Resistance,Bosnia and Herzegovina,WHO GLASS (ML Excel)
Staphylococcus Aureus,Methicillin Resistance,Switzerland,WHO GLASS (ML Excel)
Staphylococcus Aureus,Methicillin Resistance,Switzerland,WHO GLASS (ML Excel)
Staphylococcus Aureus,Methicillin Resistance,Switzerland,WHO GLASS (ML Excel)
Staphylococcus Aureus,Methicillin Resistance,Switzerland,WHO GLASS (ML Excel)
Staphylococcus Aureus,Methicillin Resistance,Cyprus,WHO GLASS (ML Excel)
Staphylococcus Aureus,Methicillin Resistance,Cyprus,WHO GLASS (ML Excel)
Staphylococcus Aureus,Methicillin Resistance,Cyprus,WHO GLASS (ML Excel)
Staphylococcus Aureus,Methicillin Resistance,Cyprus,WHO GLASS (ML Excel)
Staphylococcus Aureus,Methicillin Resistance,Czechia,WHO GLASS (ML Excel)
Staphylococcus Aureus,Methicillin Resistance,Czechia,WHO GLASS (ML Excel)
Staphylococcus Aureus,Methicillin Resistance,Czechia,WHO GLASS (ML Excel)
Staphylococcus Aureus,Methicillin Resistance,Czechia,WHO GLASS (ML Excel)
Staphylococcus Aureus,Methicillin Resistance,Germany,WHO GLASS (ML Excel)
Staphylococcus Aureus,Methicillin Resistance,Germany,WHO GLASS (ML Excel)
Staphylococcus Aureus,Methicillin Resistance,Germany,WHO GLASS (ML Excel)
Staphylococcus Aureus,Methicillin Resistance,Germany,WHO GLASS (ML Excel)
Staphylococcus Aureus,Methicillin Resistance,Finland,WHO GLASS (ML Excel)
Staphylococcus Aureus,Methicillin Resistance,Finland,WHO GLASS (ML Excel)
Staphylococcus Aureus,Methicillin Resistance,Finland,WHO GLASS (ML Excel)
Staphylococcus Aureus,Methicillin Resistance,Finland,WHO GLASS (ML Excel)
Staphylococcus Aureus,Methicillin Resistance,France,WHO GLASS (ML Excel)
Staphylococcus Aureus,Methicillin Resistance,France,WHO GLASS (ML Excel)
Staphylococcus Aureus,Methicillin Resistance,France,WHO GLASS (ML Excel)
Staphylococcus Aureus,Methicillin Resistance,France,WHO GLASS (ML Excel)
Staphylococcus Aureus,Methicillin Resistance,United Kingdom of Great Britain and Northern Ireland,WHO GLASS (ML Excel)
Staphylococcus Aureus,Methicillin Resistance,United Kingdom of Great Britain and Northern Ireland,WHO GLASS (ML Excel)
Staphylococcus Aureus,Methicillin Resistance,United Kingdom of Great Britain and Northern Ireland,WHO GLASS (ML Excel)
Staphylococcus Aureus,Methicillin Resistance,United Kingdom of Great Britain and Northern Ireland,WHO GLASS (ML Excel)
Staphylococcus Aureus,Methicillin Resistance,Georgia,WHO GLASS (ML Excel)
Staphylococcus Aureus,Methicillin Resistance,Georgia,WHO GLASS (ML Excel)
Staphylococcus Aureus,Methicillin Resistance,Georgia,WHO GLASS (ML Excel)
Staphylococcus Aureus,Methicillin Resistance,Georgia,WHO GLASS (ML Excel)
Staphylococcus Aureus,Methicillin Resistance,Greece,WHO GLASS (ML Excel)
Staphylococcus Aureus,Methicillin Resistance,Greece,WHO GLASS (ML Excel)
Staphylococcus Aureus,Methicillin Resistance,Greece,WHO GLASS (ML Excel)
Staphylococcus Aureus,Methicillin Resistance,Greece,WHO GLASS (ML Excel)
Staphylococcus Aureus,Methicillin Resistance,Croatia,WHO GLASS (ML Excel)
Staphylococcus Aureus,Methicillin Resistance,Croatia,WHO GLASS (ML Excel)
Staphylococcus Aureus,Methicillin Resistance,Croatia,WHO GLASS (ML Excel)
Staphylococcus Aureus,Methicillin Resistance,Croatia,WHO GLASS (ML Excel)
Staphylococcus Aureus,Methicillin Resistance,India,WHO GLASS (ML Excel)
Staphylococcus Aureus,Methicillin Resistance,India,WHO GLASS (ML Excel)
Staphylococcus Aureus,Methicillin Resistance,India,WHO GLASS (ML Excel)
Staphylococcus Aureus,Methicillin Resistance,India,WHO GLASS (ML Excel)
Staphylococcus Aureus,Methicillin Resistance,Ireland,WHO GLASS (ML Excel)
Staphylococcus Aureus,Methicillin Resistance,Ireland,WHO GLASS (ML Excel)
Staphylococcus Aureus,Methicillin Resistance,Ireland,WHO GLASS (ML Excel)
Staphylococcus Aureus,Methicillin Resistance,Ireland,WHO GLASS (ML Excel)
Staphylococcus Aureus,Methicillin Resistance,Japan,WHO GLASS (ML Excel)
Staphylococcus Aureus,Methicillin Resistance,Japan,WHO GLASS (ML Excel)
Staphylococcus Aureus,Methicillin Resistance,Japan,WHO GLASS (ML Excel)
Staphylococcus Aureus,Methicillin Resistance,Japan,WHO GLASS (ML Excel)
Staphylococcus Aureus,Methicillin Resistance,Republic of Korea,WHO GLASS (ML Excel)
Staphylococcus Aureus,Methicillin Resistance,Republic of Korea,WHO GLASS (ML Excel)
Staphylococcus Aureus,Methicillin Resistance,Republic of Korea,WHO GLASS (ML Excel)
Staphylococcus Aureus,Methicillin Resistance,Republic of Korea,WHO GLASS (ML Excel)
Staphylococcus Aureus,Methicillin Resistance,Lao People's Democratic Republic,WHO GLASS (ML Excel)
Staphylococcus Aureus,Methicillin Resistance,Lao People's Democratic Republic,WHO GLASS (ML Excel)
Staphylococcus Aureus,Methicillin Resistance,Lao People's Democratic Republic,WHO GLASS (ML Excel)
Staphylococcus Aureus,Methicillin Resistance,Lao People's Democratic Republic,WHO GLASS (ML Excel)
Staphylococcus Aureus,Methicillin Resistance,Lithuania,WHO GLASS (ML Excel)
Staphylococcus Aureus,Methicillin Resistance,Lithuania,WHO GLASS (ML Excel)
Staphylococcus Aureus,Methicillin Resistance,Lithuania,WHO GLASS (ML Excel)
Staphylococcus Aureus,Methicillin Resistance,Lithuania,WHO GLASS (ML Excel)
Staphylococcus Aureus,Methicillin Resistance,Luxembourg,WHO GLASS (ML Excel)
Staphylococcus Aureus,Methicillin Resistance,Luxembourg,WHO GLASS (ML Excel)
Staphylococcus Aureus,Methicillin Resistance,Luxembourg,WHO GLASS (ML Excel)
Staphylococcus Aureus,Methicillin Resistance,Luxembourg,WHO GLASS (ML Excel)
Staphylococcus Aureus,Methicillin Resistance,Latvia,WHO GLASS (ML Excel)
Staphylococcus Aureus,Methicillin Resistance,Latvia,WHO GLASS (ML Excel)
Staphylococcus Aureus,Methicillin Resistance,Latvia,WHO GLASS (ML Excel)
Staphylococcus Aureus,Methicillin Resistance,Latvia,WHO GLASS (ML Excel)
Staphylococcus Aureus,Methicillin Resistance,North Macedonia,WHO GLASS (ML Excel)
Staphylococcus Aureus,Methicillin Resistance,North Macedonia,WHO GLASS (ML Excel)
Staphylococcus Aureus,Methicillin Resistance,North Macedonia,WHO GLASS (ML Excel)
Staphylococcus Aureus,Methicillin Resistance,North Macedonia,WHO GLASS (ML Excel)
Staphylococcus Aureus,Methicillin Resistance,Malta,WHO GLASS (ML Excel)
Staphylococcus Aureus,Methicillin Resistance,Malta,WHO GLASS (ML Excel)
Staphylococcus Aureus,Methicillin Resistance,Malta,WHO GLASS (ML Excel)
Staphylococcus Aureus,Methicillin Resistance,Malta,WHO GLASS (ML Excel)
Staphylococcus Aureus,Methicillin Resistance,Malaysia,WHO GLASS (ML Excel)
Staphylococcus Aureus,Methicillin Resistance,Malaysia,WHO GLASS (ML Excel)
Staphylococcus Aureus,Methicillin Resistance,Malaysia,WHO GLASS (ML Excel)
Staphylococcus Aureus,Methicillin Resistance,Malaysia,WHO GLASS (ML Excel)
Staphylococcus Aureus,Methicillin Resistance,Netherlands,WHO GLASS (ML Excel)
Staphylococcus Aureus,Methicillin Resistance,Netherlands,WHO GLASS (ML Excel)
Staphylococcus Aureus,Methicillin Resistance,Netherlands,WHO GLASS (ML Excel)
Staphylococcus Aureus,Methicillin Resistance,Netherlands,WHO GLASS (ML Excel)
Staphylococcus Aureus,Methicillin Resistance,Norway,WHO GLASS (ML Excel)
Staphylococcus Aureus,Methicillin Resistance,Norway,WHO GLASS (ML Excel)
Staphylococcus Aureus,Methicillin Resistance,Norway,WHO GLASS (ML Excel)
Staphylococcus Aureus,Methicillin Resistance,Norway,WHO GLASS (ML Excel)
Staphylococcus Aureus,Methicillin Resistance,Pakistan,WHO GLASS (ML Excel)
Staphylococcus Aureus,Methicillin Resistance,Pakistan,WHO GLASS (ML Excel)
Staphylococcus Aureus,Methicillin Resistance,Pakistan,WHO GLASS (ML Excel)
Staphylococcus Aureus,Methicillin Resistance,Pakistan,WHO GLASS (ML Excel)
Staphylococcus Aureus,Methicillin Resistance,Philippines,WHO GLASS (ML Excel)
Staphylococcus Aureus,Methicillin Resistance,Philippines,WHO GLASS (ML Excel)
Staphylococcus Aureus,Methicillin Resistance,Philippines,WHO GLASS (ML Excel)
Staphylococcus Aureus,Methicillin Resistance,Philippines,WHO GLASS (ML Excel)
Staphylococcus Aureus,Methicillin Resistance,Poland,WHO GLASS (ML Excel)
Staphylococcus Aureus,Methicillin Resistance,Poland,WHO GLASS (ML Excel)
Staphylococcus Aureus,Methicillin Resistance,Poland,WHO GLASS (ML Excel)
Staphylococcus Aureus,Methicillin Resistance,Poland,WHO GLASS (ML Excel)
Staphylococcus Aureus,Methicillin Resistance,Russian Federation,WHO GLASS (ML Excel)
Staphylococcus Aureus,Methicillin Resistance,Russian Federation,WHO GLASS (ML Excel)
Staphylococcus Aureus,Methicillin Resistance,Russian Federation,WHO GLASS (ML Excel)
Staphylococcus Aureus,Methicillin Resistance,Russian Federation,WHO GLASS (ML Excel)
Staphylococcus Aureus,Methicillin Resistance,Saudi Arabia,WHO GLASS (ML Excel)
Staphylococcus Aureus,Methicillin Resistance,Saudi Arabia,WHO GLASS (ML Excel)
Staphylococcus Aureus,Methicillin Resistance,Saudi Arabia,WHO GLASS (ML Excel)
Staphylococcus Aureus,Methicillin Resistance,Saudi Arabia,WHO GLASS (ML Excel)
Staphylococcus Aureus,Methicillin Resistance,Sweden,WHO GLASS (ML Excel)
Staphylococcus Aureus,Methicillin Resistance,Sweden,WHO GLASS (ML Excel)
Staphylococcus Aureus,Methicillin Resistance,Sweden,WHO GLASS (ML Excel)
Staphylococcus Aureus,Methicillin Resistance,Sweden,WHO GLASS (ML Excel)
Staphylococcus Aureus,Methicillin Resistance,Thailand,WHO GLASS (ML Excel)
Staphylococcus Aureus,Methicillin Resistance,Thailand,WHO GLASS (ML Excel)
Staphylococcus Aureus,Methicillin Resistance,Thailand,WHO GLASS (ML Excel)
Staphylococcus Aureus,Methicillin Resistance,Thailand,WHO GLASS (ML Excel)
Staphylococcus Aureus,Methicillin Resistance,Tunisia,WHO GLASS (ML Excel)
Staphylococcus Aureus,Methicillin Resistance,Tunisia,WHO GLASS (ML Excel)
Staphylococcus Aureus,Methicillin Resistance,Tunisia,WHO GLASS (ML Excel)
Staphylococcus Aureus,Methicillin Resistance,Tunisia,WHO GLASS (ML Excel)
Staphylococcus Aureus,Methicillin Resistance,South Africa,WHO GLASS (ML Excel)
Staphylococcus Aureus,Methicillin Resistance,South Africa,WHO GLASS (ML Excel)
Staphylococcus Aureus,Methicillin Resistance,South Africa,WHO GLASS (ML Excel)
Staphylococcus Aureus,Methicillin Resistance,South Africa,WHO GLASS (ML Excel)
Escherichia Coli,Third-Generation Cephalosporins,United Arab Emirates,WHO GLASS (ML Excel)
Escherichia Coli,Third-Generation Cephalosporins,United Arab Emirates,WHO GLASS (ML Excel)
Escherichia Coli,Third-Generation Cephalosporins,United Arab Emirates,WHO GLASS (ML Excel)
Escherichia Coli,Third-Generation Cephalosporins,United Arab Emirates,WHO GLASS (ML Excel)
Escherichia Coli,Third-Generation Cephalosporins,Argentina,WHO GLASS (ML Excel)
Escherichia Coli,Third-Generation Cephalosporins,Argentina,WHO GLASS (ML Excel)
Escherichia Coli,Third-Generation Cephalosporins,Argentina,WHO GLASS (ML Excel)
Escherichia Coli,Third-Generation Cephalosporins,Argentina,WHO GLASS (ML Excel)
Escherichia Coli,Third-Generation Cephalosporins,Austria,WHO GLASS (ML Excel)
Escherichia Coli,Third-Generation Cephalosporins,Austria,WHO GLASS (ML Excel)
Escherichia Coli,Third-Generation Cephalosporins,Austria,WHO GLASS (ML Excel)
Escherichia Coli,Third-Generation Cephalosporins,Austria,WHO GLASS (ML Excel)
Escherichia Coli,Third-Generation Cephalosporins,Bosnia and Herzegovina,WHO GLASS (ML Excel)
Escherichia Coli,Third-Generation Cephalosporins,Bosnia and Herzegovina,WHO GLASS (ML Excel)
Escherichia Coli,Third-Generation Cephalosporins,Bosnia and Herzegovina,WHO GLASS (ML Excel)
Escherichia Coli,Third-Generation Cephalosporins,Bosnia and Herzegovina,WHO GLASS (ML Excel)
Escherichia Coli,Third-Generation Cephalosporins,Switzerland,WHO GLASS (ML Excel)
Escherichia Coli,Third-Generation Cephalosporins,Switzerland,WHO GLASS (ML Excel)
Escherichia Coli,Third-Generation Cephalosporins,Switzerland,WHO GLASS (ML Excel)
Escherichia Coli,Third-Generation Cephalosporins,Switzerland,WHO GLASS (ML Excel)
Escherichia Coli,Third-Generation Cephalosporins,Cyprus,WHO GLASS (ML Excel)
Escherichia Coli,Third-Generation Cephalosporins,Cyprus,WHO GLASS (ML Excel)
Escherichia Coli,Third-Generation Cephalosporins,Cyprus,WHO GLASS (ML Excel)
Escherichia Coli,Third-Generation Cephalosporins,Cyprus,WHO GLASS (ML Excel)
Escherichia Coli,Third-Generation Cephalosporins,Czechia,WHO GLASS (ML Excel)
Escherichia Coli,Third-Generation Cephalosporins,Czechia,WHO GLASS (ML Excel)
Escherichia Coli,Third-Generation Cephalosporins,Czechia,WHO GLASS (ML Excel)
Escherichia Coli,Third-Generation Cephalosporins,Czechia,WHO GLASS (ML Excel)
Escherichia Coli,Third-Generation Cephalosporins,Germany,WHO GLASS (ML Excel)
Escherichia Coli,Third-Generation Cephalosporins,Germany,WHO GLASS (ML Excel)
Escherichia Coli,Third-Generation Cephalosporins,Germany,WHO GLASS (ML Excel)
Escherichia Coli,Third-Generation Cephalosporins,Germany,WHO GLASS (ML Excel)
Escherichia Coli,Third-Generation Cephalosporins,Finland,WHO GLASS (ML Excel)
Escherichia Coli,Third-Generation Cephalosporins,Finland,WHO GLASS (ML Excel)
Escherichia Coli,Third-Generation Cephalosporins,Finland,WHO GLASS (ML Excel)
Escherichia Coli,Third-Generation Cephalosporins,Finland,WHO GLASS (ML Excel)
Escherichia Coli,Third-Generation Cephalosporins,France,WHO GLASS (ML Excel)
Escherichia Coli,Third-Generation Cephalosporins,France,WHO GLASS (ML Excel)
Escherichia Coli,Third-Generation Cephalosporins,France,WHO GLASS (ML Excel)
Escherichia Coli,Third-Generation Cephalosporins,France,WHO GLASS (ML Excel)
Escherichia Coli,Third-Generation Cephalosporins,United Kingdom of Great Britain and Northern Ireland,WHO GLASS (ML Excel)
Escherichia Coli,Third-Generation Cephalosporins,United Kingdom of Great Britain and Northern Ireland,WHO GLASS (ML Excel)
Escherichia Coli,Third-Generation Cephalosporins,United Kingdom of Great Britain and Northern Ireland,WHO GLASS (ML Excel)
Escherichia Coli,Third-Generation Cephalosporins,United Kingdom of Great Britain and Northern Ireland,WHO GLASS (ML Excel)
Escherichia Coli,Third-Generation Cephalosporins,Georgia,WHO GLASS (ML Excel)
Escherichia Coli,Third-Generation Cephalosporins,Georgia,WHO GLASS (ML Excel)
Escherichia Coli,Third-Generation Cephalosporins,Georgia,WHO GLASS (ML Excel)
Escherichia Coli,Third-Generation Cephalosporins,Georgia,WHO GLASS (ML Excel)
Escherichia Coli,Third-Generation Cephalosporins,Greece,WHO GLASS (ML Excel)
Escherichia Coli,Third-Generation Cephalosporins,Greece,WHO GLASS (ML Excel)
Escherichia Coli,Third-Generation Cephalosporins,Greece,WHO GLASS (ML Excel)
Escherichia Coli,Third-Generation Cephalosporins,Greece,WHO GLASS (ML Excel)
Escherichia Coli,Third-Generation Cephalosporins,Croatia,WHO GLASS (ML Excel)
Escherichia Coli,Third-Generation Cephalosporins,Croatia,WHO GLASS (ML Excel)
Escherichia Coli,Third-Generation Cephalosporins,Croatia,WHO GLASS (ML Excel)
Escherichia Coli,Third-Generation Cephalosporins,Croatia,WHO GLASS (ML Excel)
Escherichia Coli,Third-Generation Cephalosporins,India,WHO GLASS (ML Excel)
Escherichia Coli,Third-Generation Cephalosporins,India,WHO GLASS (ML Excel)
Escherichia Coli,Third-Generation Cephalosporins,India,WHO GLASS (ML Excel)
Escherichia Coli,Third-Generation Cephalosporins,India,WHO GLASS (ML Excel)
Escherichia Coli,Third-Generation Cephalosporins,Ireland,WHO GLASS (ML Excel)
Escherichia Coli,Third-Generation Cephalosporins,Ireland,WHO GLASS (ML Excel)
Escherichia Coli,Third-Generation Cephalosporins,Ireland,WHO GLASS (ML Excel)
Escherichia Coli,Third-Generation Cephalosporins,Ireland,WHO GLASS (ML Excel)
Escherichia Coli,Third-Generation Cephalosporins,Iran (Islamic Republic of),WHO GLASS (ML Excel)
Escherichia Coli,Third-Generation Cephalosporins,Iran (Islamic Republic of),WHO GLASS (ML Excel)
Escherichia Coli,Third-Generation Cephalosporins,Iran (Islamic Republic of),WHO GLASS (ML Excel)
Escherichia Coli,Third-Generation Cephalosporins,Iran (Islamic Republic of),WHO GLASS (ML Excel)
Escherichia Coli,Third-Generation Cephalosporins,Japan,WHO GLASS (ML Excel)
Escherichia Coli,Third-Generation Cephalosporins,Japan,WHO GLASS (ML Excel)
Escherichia Coli,Third-Generation Cephalosporins,Japan,WHO GLASS (ML Excel)
Escherichia Coli,Third-Generation Cephalosporins,Japan,WHO GLASS (ML Excel)
Escherichia Coli,Third-Generation Cephalosporins,Republic of Korea,WHO GLASS (ML Excel)
Escherichia Coli,Third-Generation Cephalosporins,Republic of Korea,WHO GLASS (ML Excel)
Escherichia Coli,Third-Generation Cephalosporins,Republic of Korea,WHO GLASS (ML Excel)
Escherichia Coli,Third-Generation Cephalosporins,Republic of Korea,WHO GLASS (ML Excel)
Escherichia Coli,Third-Generation Cephalosporins,Lao People's Democratic Republic,WHO GLASS (ML Excel)
Escherichia Coli,Third-Generation Cephalosporins,Lao People's Democratic Republic,WHO GLASS (ML Excel)
Escherichia Coli,Third-Generation Cephalosporins,Lao People's Democratic Republic,WHO GLASS (ML Excel)
Escherichia Coli,Third-Generation Cephalosporins,Lao People's Democratic Republic,WHO GLASS (ML Excel)
Escherichia Coli,Third-Generation Cephalosporins,Lebanon,WHO GLASS (ML Excel)
Escherichia Coli,Third-Generation Cephalosporins,Lebanon,WHO GLASS (ML Excel)
Escherichia Coli,Third-Generation Cephalosporins,Lebanon,WHO GLASS (ML Excel)
Escherichia Coli,Third-Generation Cephalosporins,Lebanon,WHO GLASS (ML Excel)
Escherichia Coli,Third-Generation Cephalosporins,Lithuania,WHO GLASS (ML Excel)
Escherichia Coli,Third-Generation Cephalosporins,Lithuania,WHO GLASS (ML Excel)
Escherichia Coli,Third-Generation Cephalosporins,Lithuania,WHO GLASS (ML Excel)
Escherichia Coli,Third-Generation Cephalosporins,Lithuania,WHO GLASS (ML Excel)
Escherichia Coli,Third-Generation Cephalosporins,Luxembourg,WHO GLASS (ML Excel)
Escherichia Coli,Third-Generation Cephalosporins,Luxembourg,WHO GLASS (ML Excel)
Escherichia Coli,Third-Generation Cephalosporins,Luxembourg,WHO GLASS (ML Excel)
Escherichia Coli,Third-Generation Cephalosporins,Luxembourg,WHO GLASS (ML Excel)
Escherichia Coli,Third-Generation Cephalosporins,Latvia,WHO GLASS (ML Excel)
Escherichia Coli,Third-Generation Cephalosporins,Latvia,WHO GLASS (ML Excel)
Escherichia Coli,Third-Generation Cephalosporins,Latvia,WHO GLASS (ML Excel)
Escherichia Coli,Third-Generation Cephalosporins,Latvia,WHO GLASS (ML Excel)
Escherichia Coli,Third-Generation Cephalosporins,North Macedonia,WHO GLASS (ML Excel)
Escherichia Coli,Third-Generation Cephalosporins,North Macedonia,WHO GLASS (ML Excel)
Escherichia Coli,Third-Generation Cephalosporins,North Macedonia,WHO GLASS (ML Excel)
Escherichia Coli,Third-Generation Cephalosporins,North Macedonia,WHO GLASS (ML Excel)
Escherichia Coli,Third-Generation Cephalosporins,Malta,WHO GLASS (ML Excel)
Escherichia Coli,Third-Generation Cephalosporins,Malta,WHO GLASS (ML Excel)
Escherichia Coli,Third-Generation Cephalosporins,Malta,WHO GLASS (ML Excel)
Escherichia Coli,Third-Generation Cephalosporins,Malta,WHO GLASS (ML Excel)
Escherichia Coli,Third-Generation Cephalosporins,Malaysia,WHO GLASS (ML Excel)
Escherichia Coli,Third-Generation Cephalosporins,Malaysia,WHO GLASS (ML Excel)
Escherichia Coli,Third-Generation Cephalosporins,Malaysia,WHO GLASS (ML Excel)
Escherichia Coli,Third-Generation Cephalosporins,Malaysia,WHO GLASS (ML Excel)
Escherichia Coli,Third-Generation Cephalosporins,Netherlands,WHO GLASS (ML Excel)
Escherichia Coli,Third-Generation Cephalosporins,Netherlands,WHO GLASS (ML Excel)
Escherichia Coli,Third-Generation Cephalosporins,Netherlands,WHO GLASS (ML Excel)
Escherichia Coli,Third-Generation Cephalosporins,Netherlands,WHO GLASS (ML Excel)
Escherichia Coli,Third-Generation Cephalosporins,Norway,WHO GLASS (ML Excel)
Escherichia Coli,Third-Generation Cephalosporins,Norway,WHO GLASS (ML Excel)
Escherichia Coli,Third-Generation Cephalosporins,Norway,WHO GLASS (ML Excel)
Escherichia Coli,Third-Generation Cephalosporins,Norway,WHO GLASS (ML Excel)
Escherichia Coli,Third-Generation Cephalosporins,Oman,WHO GLASS (ML Excel)
Escherichia Coli,Third-Generation Cephalosporins,Oman,WHO GLASS (ML Excel)
Escherichia Coli,Third-Generation Cephalosporins,Oman,WHO GLASS (ML Excel)
Escherichia Coli,Third-Generation Cephalosporins,Oman,WHO GLASS (ML Excel)
Escherichia Coli,Third-Generation Cephalosporins,Pakistan,WHO GLASS (ML Excel)
Escherichia Coli,Third-Generation Cephalosporins,Pakistan,WHO GLASS (ML Excel)
Escherichia Coli,Third-Generation Cephalosporins,Pakistan,WHO GLASS (ML Excel)
Escherichia Coli,Third-Generation Cephalosporins,Pakistan,WHO GLASS (ML Excel)
Escherichia Coli,Third-Generation Cephalosporins,Philippines,WHO GLASS (ML Excel)
Escherichia Coli,Third-Generation Cephalosporins,Philippines,WHO GLASS (ML Excel)
Escherichia Coli,Third-Generation Cephalosporins,Philippines,WHO GLASS (ML Excel)
Escherichia Coli,Third-Generation Cephalosporins,Philippines,WHO GLASS (ML Excel)
Escherichia Coli,Third-Generation Cephalosporins,Poland,WHO GLASS (ML Excel)
Escherichia Coli,Third-Generation Cephalosporins,Poland,WHO GLASS (ML Excel)
Escherichia Coli,Third-Generation Cephalosporins,Poland,WHO GLASS (ML Excel)
Escherichia Coli,Third-Generation Cephalosporins,Poland,WHO GLASS (ML Excel)
Escherichia Coli,Third-Generation Cephalosporins,Russian Federation,WHO GLASS (ML Excel)
Escherichia Coli,Third-Generation Cephalosporins,Russian Federation,WHO GLASS (ML Excel)
Escherichia Coli,Third-Generation Cephalosporins,Russian Federation,WHO GLASS (ML Excel)
Escherichia Coli,Third-Generation Cephalosporins,Russian Federation,WHO GLASS (ML Excel)
Escherichia Coli,Third-Generation Cephalosporins,Saudi Arabia,WHO GLASS (ML Excel)
Escherichia Coli,Third-Generation Cephalosporins,Saudi Arabia,WHO GLASS (ML Excel)
Escherichia Coli,Third-Generation Cephalosporins,Saudi Arabia,WHO GLASS (ML Excel)
Escherichia Coli,Third-Generation Cephalosporins,Saudi Arabia,WHO GLASS (ML Excel)
Escherichia Coli,Third-Generation Cephalosporins,Sweden,WHO GLASS (ML Excel)
Escherichia Coli,Third-Generation Cephalosporins,Sweden,WHO GLASS (ML Excel)
Escherichia Coli,Third-Generation Cephalosporins,Sweden,WHO GLASS (ML Excel)
Escherichia Coli,Third-Generation Cephalosporins,Sweden,WHO GLASS (ML Excel)
Escherichia Coli,Third-Generation Cephalosporins,Thailand,WHO GLASS (ML Excel)
Escherichia Coli,Third-Generation Cephalosporins,Thailand,WHO GLASS (ML Excel)
Escherichia Coli,Third-Generation Cephalosporins,Thailand,WHO GLASS (ML Excel)
Escherichia Coli,Third-Generation Cephalosporins,Thailand,WHO GLASS (ML Excel)
Escherichia Coli,Third-Generation Cephalosporins,Tunisia,WHO GLASS (ML Excel)
Escherichia Coli,Third-Generation Cephalosporins,Tunisia,WHO GLASS (ML Excel)
Escherichia Coli,Third-Generation Cephalosporins,Tunisia,WHO GLASS (ML Excel)
Escherichia Coli,Third-Generation Cephalosporins,Tunisia,WHO GLASS (ML Excel)
Salmonella Spp.,Ceftazidime,United Arab Emirates,WHO GLASS (ML Excel)
Salmonella Spp.,Ceftazidime,United Arab Emirates,WHO GLASS (ML Excel)
Salmonella Spp.,Ceftazidime,United Arab Emirates,WHO GLASS (ML Excel)
Salmonella Spp.,Ceftazidime,United Arab Emirates,WHO GLASS (ML Excel)
Salmonella Spp.,Ceftazidime,Argentina,WHO GLASS (ML Excel)
Salmonella Spp.,Ceftazidime,Argentina,WHO GLASS (ML Excel)
Salmonella Spp.,Ceftazidime,Argentina,WHO GLASS (ML Excel)
Salmonella Spp.,Ceftazidime,Argentina,WHO GLASS (ML Excel)
Salmonella Spp.,Ceftazidime,Switzerland,WHO GLASS (ML Excel)
Salmonella Spp.,Ceftazidime,Switzerland,WHO GLASS (ML Excel)
Salmonella Spp.,Ceftazidime,Switzerland,WHO GLASS (ML Excel)
Salmonella Spp.,Ceftazidime,Switzerland,WHO GLASS (ML Excel)
Salmonella Spp.,Ceftazidime,Japan,WHO GLASS (ML Excel)
Salmonella Spp.,Ceftazidime,Japan,WHO GLASS (ML Excel)
Salmonella Spp.,Ceftazidime,Japan,WHO GLASS (ML Excel)
Salmonella Spp.,Ceftazidime,Japan,WHO GLASS (ML Excel)
Salmonella Spp.,Ceftazidime,Republic of Korea,WHO GLASS (ML Excel)
Salmonella Spp.,Ceftazidime,Republic of Korea,WHO GLASS (ML Excel)
Salmonella Spp.,Ceftazidime,Republic of Korea,WHO GLASS (ML Excel)
Salmonella Spp.,Ceftazidime,Republic of Korea,WHO GLASS (ML Excel)
Salmonella Spp.,Ceftazidime,Malta,WHO GLASS (ML Excel)
Salmonella Spp.,Ceftazidime,Malta,WHO GLASS (ML Excel)
Salmonella Spp.,Ceftazidime,Malta,WHO GLASS (ML Excel)
Salmonella Spp.,Ceftazidime,Malta,WHO GLASS (ML Excel)
Salmonella Spp.,Ceftazidime,Malaysia,WHO GLASS (ML Excel)
Salmonella Spp.,Ceftazidime,Malaysia,WHO GLASS (ML Excel)
Salmonella Spp.,Ceftazidime,Malaysia,WHO GLASS (ML Excel)
Salmonella Spp.,Ceftazidime,Malaysia,WHO GLASS (ML Excel)
Salmonella Spp.,Ceftazidime,Poland,WHO GLASS (ML Excel)
Salmonella Spp.,Ceftazidime,Poland,WHO GLASS (ML Excel)
Salmonella Spp.,Ceftazidime,Poland,WHO GLASS (ML Excel)
Salmonella Spp.,Ceftazidime,Poland,WHO GLASS (ML Excel)
Salmonella Spp.,Ceftazidime,Saudi Arabia,WHO GLASS (ML Excel)
Salmonella Spp.,Ceftazidime,Saudi Arabia,WHO GLASS (ML Excel)
Salmonella Spp.,Ceftazidime,Saudi Arabia,WHO GLASS (ML Excel)
Salmonella Spp.,Ceftazidime,Saudi Arabia,WHO GLASS (ML Excel)
Salmonella Spp.,Ceftazidime,South Africa,WHO GLASS (ML Excel)
Salmonella Spp.,Ceftazidime,South Africa,WHO GLASS (ML Excel)
Salmonella Spp.,Ceftazidime,South Africa,WHO GLASS (ML Excel)
Salmonella Spp.,Ceftazidime,South Africa,WHO GLASS (ML Excel)
Shigella Spp.,Ceftazidime,United Arab Emirates,WHO GLASS (ML Excel)
Shigella Spp.,Ceftazidime,United Arab Emirates,WHO GLASS (ML Excel)
Shigella Spp.,Ceftazidime,United Arab Emirates,WHO GLASS (ML Excel)
Shigella Spp.,Ceftazidime,United Arab Emirates,WHO GLASS (ML Excel)
Shigella Spp.,Ceftazidime,Argentina,WHO GLASS (ML Excel)
Shigella Spp.,Ceftazidime,Argentina,WHO GLASS (ML Excel)
Shigella Spp.,Ceftazidime,Argentina,WHO GLASS (ML Excel)
Shigella Spp.,Ceftazidime,Argentina,WHO GLASS (ML Excel)
Shigella Spp.,Ceftazidime,Switzerland,WHO GLASS (ML Excel)
Shigella Spp.,Ceftazidime,Switzerland,WHO GLASS (ML Excel)
Shigella Spp.,Ceftazidime,Switzerland,WHO GLASS (ML Excel)
Shigella Spp.,Ceftazidime,Switzerland,WHO GLASS (ML Excel)
Shigella Spp.,Ceftazidime,South Africa,WHO GLASS (ML Excel)
Shigella Spp.,Ceftazidime,South Africa,WHO GLASS (ML Excel)
Shigella Spp.,Ceftazidime,South Africa,WHO GLASS (ML Excel)
Shigella Spp.,Ceftazidime,South Africa,WHO GLASS (ML Excel)
Shigella Spp.,Ceftriaxone,United Arab Emirates,WHO GLASS (ML Excel)
Shigella Spp.,Ceftriaxone,United Arab Emirates,WHO GLASS (ML Excel)
Shigella Spp.,Ceftriaxone,United Arab Emirates,WHO GLASS (ML Excel)
Shigella Spp.,Ceftriaxone,United Arab Emirates,WHO GLASS (ML Excel)
Shigella Spp.,Ceftriaxone,Switzerland,WHO GLASS (ML Excel)
Shigella Spp.,Ceftriaxone,Switzerland,WHO GLASS (ML Excel)
Shigella Spp.,Ceftriaxone,Switzerland,WHO GLASS (ML Excel)
Shigella Spp.,Ceftriaxone,Switzerland,WHO GLASS (ML Excel)
Shigella Spp.,Ceftriaxone,Oman,WHO GLASS (ML Excel)
Shigella Spp.,Ceftriaxone,Oman,WHO GLASS (ML Excel)
Shigella Spp.,Ceftriaxone,Oman,WHO GLASS (ML Excel)
Shigella Spp.,Ceftriaxone,Oman,WHO GLASS (ML Excel)
Shigella Spp.,Ceftriaxone,South Africa,WHO GLASS (ML Excel)
Shigella Spp.,Ceftriaxone,South Africa,WHO GLASS (ML Excel)
Shigella Spp.,Ceftriaxone,South Africa,WHO GLASS (ML Excel)
Shigella Spp.,Ceftriaxone,South Africa,WHO GLASS (ML Excel)
Shigella Spp.,Ciprofloxacin,United Arab Emirates,WHO GLASS (ML Excel)
Shigella Spp.,Ciprofloxacin,United Arab Emirates,WHO GLASS (ML Excel)
Shigella Spp.,Ciprofloxacin,United Arab Emirates,WHO GLASS (ML Excel)
Shigella Spp.,Ciprofloxacin,United Arab Emirates,WHO GLASS (ML Excel)
Shigella Spp.,Ciprofloxacin,Argentina,WHO GLASS (ML Excel)
Shigella Spp.,Ciprofloxacin,Argentina,WHO GLASS (ML Excel)
Shigella Spp.,Ciprofloxacin,Argentina,WHO GLASS (ML Excel)
Shigella Spp.,Ciprofloxacin,Argentina,WHO GLASS (ML Excel)
Shigella Spp.,Ciprofloxacin,Switzerland,WHO GLASS (ML Excel)
Shigella Spp.,Ciprofloxacin,Switzerland,WHO GLASS (ML Excel)
Shigella Spp.,Ciprofloxacin,Switzerland,WHO GLASS (ML Excel)
Shigella Spp.,Ciprofloxacin,Switzerland,WHO GLASS (ML Excel)
Shigella Spp.,Ciprofloxacin,Japan,WHO GLASS (ML Excel)
Shigella Spp.,Ciprofloxacin,Japan,WHO GLASS (ML Excel)
Shigella Spp.,Ciprofloxacin,Japan,WHO GLASS (ML Excel)
Shigella Spp.,Ciprofloxacin,Japan,WHO GLASS (ML Excel)
Shigella Spp.,Ciprofloxacin,Oman,WHO GLASS (ML Excel)
Shigella Spp.,Ciprofloxacin,Oman,WHO GLASS (ML Excel)
Shigella Spp.,Ciprofloxacin,Oman,WHO GLASS (ML Excel)
Shigella Spp.,Ciprofloxacin,Oman,WHO GLASS (ML Excel)
Shigella Spp.,Ciprofloxacin,Pakistan,WHO GLASS (ML Excel)
Shigella Spp.,Ciprofloxacin,Pakistan,WHO GLASS (ML Excel)
Shigella Spp.,Ciprofloxacin,Pakistan,WHO GLASS (ML Excel)
Shigella Spp.,Ciprofloxacin,Pakistan,WHO GLASS (ML Excel)
Shigella Spp.,Ciprofloxacin,Philippines,WHO GLASS (ML Excel)
Shigella Spp.,Ciprofloxacin,Philippines,WHO GLASS (ML Excel)
Shigella Spp.,Ciprofloxacin,Philippines,WHO GLASS (ML Excel)
Shigella Spp.,Ciprofloxacin,Philippines,WHO GLASS (ML Excel)
Shigella Spp.,Ciprofloxacin,South Africa,WHO GLASS (ML Excel)
Shigella Spp.,Ciprofloxacin,South Africa,WHO GLASS (ML Excel)
Shigella Spp.,Ciprofloxacin,South Africa,WHO GLASS (ML Excel)
Shigella Spp.,Ciprofloxacin,South Africa,WHO GLASS (ML Excel)
Salmonella Spp.,Ceftriaxone,United Arab Emirates,WHO GLASS (ML Excel)
Salmonella Spp.,Ceftriaxone,United Arab Emirates,WHO GLASS (ML Excel)
Salmonella Spp.,Ceftriaxone,United Arab Emirates,WHO GLASS (ML Excel)
Salmonella Spp.,Ceftriaxone,United Arab Emirates,WHO GLASS (ML Excel)
Salmonella Spp.,Ceftriaxone,Bahrain,WHO GLASS (ML Excel)
Salmonella Spp.,Ceftriaxone,Bahrain,WHO GLASS (ML Excel)
Salmonella Spp.,Ceftriaxone,Bahrain,WHO GLASS (ML Excel)
Salmonella Spp.,Ceftriaxone,Bahrain,WHO GLASS (ML Excel)
Salmonella Spp.,Ceftriaxone,Switzerland,WHO GLASS (ML Excel)
Salmonella Spp.,Ceftriaxone,Switzerland,WHO GLASS (ML Excel)
Salmonella Spp.,Ceftriaxone,Switzerland,WHO GLASS (ML Excel)
Salmonella Spp.,Ceftriaxone,Switzerland,WHO GLASS (ML Excel)
Salmonella Spp.,Ceftriaxone,Finland,WHO GLASS (ML Excel)
Salmonella Spp.,Ceftriaxone,Finland,WHO GLASS (ML Excel)
Salmonella Spp.,Ceftriaxone,Finland,WHO GLASS (ML Excel)
Salmonella Spp.,Ceftriaxone,Finland,WHO GLASS (ML Excel)
Salmonella Spp.,Ceftriaxone,Lao People's Democratic Republic,WHO GLASS (ML Excel)
Salmonella Spp.,Ceftriaxone,Lao People's Democratic Republic,WHO GLASS (ML Excel)
Salmonella Spp.,Ceftriaxone,Lao People's Democratic Republic,WHO GLASS (ML Excel)
Salmonella Spp.,Ceftriaxone,Lao People's Democratic Republic,WHO GLASS (ML Excel)
Salmonella Spp.,Ceftriaxone,Malaysia,WHO GLASS (ML Excel)
Salmonella Spp.,Ceftriaxone,Malaysia,WHO GLASS (ML Excel)
Salmonella Spp.,Ceftriaxone,Malaysia,WHO GLASS (ML Excel)
Salmonella Spp.,Ceftriaxone,Malaysia,WHO GLASS (ML Excel)
Salmonella Spp.,Ceftriaxone,Philippines,WHO GLASS (ML Excel)
Salmonella Spp.,Ceftriaxone,Philippines,WHO GLASS (ML Excel)
Salmonella Spp.,Ceftriaxone,Philippines,WHO GLASS (ML Excel)
Salmonella Spp.,Ceftriaxone,Philippines,WHO GLASS (ML Excel)
Salmonella Spp.,Ceftriaxone,Saudi Arabia,WHO GLASS (ML Excel)
Salmonella Spp.,Ceftriaxone,Saudi Arabia,WHO GLASS (ML Excel)
Salmonella Spp.,Ceftriaxone,Saudi Arabia,WHO GLASS (ML Excel)
Salmonella Spp.,Ceftriaxone,Saudi Arabia,WHO GLASS (ML Excel)
Salmonella Spp.,Ceftriaxone,South Africa,WHO GLASS (ML Excel)
Salmonella Spp.,Ceftriaxone,South Africa,WHO GLASS (ML Excel)
Salmonella Spp.,Ceftriaxone,South Africa,WHO GLASS (ML Excel)
Salmonella Spp.,Ceftriaxone,South Africa,WHO GLASS (ML Excel)
Salmonella Spp.,Ciprofloxacin,United Arab Emirates,WHO GLASS (ML Excel)
Salmonella Spp.,Ciprofloxacin,United Arab Emirates,WHO GLASS (ML Excel)
Salmonella Spp.,Ciprofloxacin,United Arab Emirates,WHO GLASS (ML Excel)
Salmonella Spp.,Ciprofloxacin,United Arab Emirates,WHO GLASS (ML Excel)
Salmonella Spp.,Ciprofloxacin,Argentina,WHO GLASS (ML Excel)
Salmonella Spp.,Ciprofloxacin,Argentina,WHO GLASS (ML Excel)
Salmonella Spp.,Ciprofloxacin,Argentina,WHO GLASS (ML Excel)
Salmonella Spp.,Ciprofloxacin,Argentina,WHO GLASS (ML Excel)
Salmonella Spp.,Ciprofloxacin,Bahrain,WHO GLASS (ML Excel)
Salmonella Spp.,Ciprofloxacin,Bahrain,WHO GLASS (ML Excel)
Salmonella Spp.,Ciprofloxacin,Bahrain,WHO GLASS (ML Excel)
Salmonella Spp.,Ciprofloxacin,Bahrain,WHO GLASS (ML Excel)
Salmonella Spp.,Ciprofloxacin,Switzerland,WHO GLASS (ML Excel)
Salmonella Spp.,Ciprofloxacin,Switzerland,WHO GLASS (ML Excel)
Salmonella Spp.,Ciprofloxacin,Switzerland,WHO GLASS (ML Excel)
Salmonella Spp.,Ciprofloxacin,Switzerland,WHO GLASS (ML Excel)
Salmonella Spp.,Ciprofloxacin,Finland,WHO GLASS (ML Excel)
Salmonella Spp.,Ciprofloxacin,Finland,WHO GLASS (ML Excel)
Salmonella Spp.,Ciprofloxacin,Finland,WHO GLASS (ML Excel)
Salmonella Spp.,Ciprofloxacin,Finland,WHO GLASS (ML Excel)
Salmonella Spp.,Ciprofloxacin,Japan,WHO GLASS (ML Excel)
Salmonella Spp.,Ciprofloxacin,Japan,WHO GLASS (ML Excel)
Salmonella Spp.,Ciprofloxacin,Japan,WHO GLASS (ML Excel)
Salmonella Spp.,Ciprofloxacin,Japan,WHO GLASS (ML Excel)
Salmonella Spp.,Ciprofloxacin,Republic of Korea,WHO GLASS (ML Excel)
Salmonella Spp.,Ciprofloxacin,Republic of Korea,WHO GLASS (ML Excel)
Salmonella Spp.,Ciprofloxacin,Republic of Korea,WHO GLASS (ML Excel)
Salmonella Spp.,Ciprofloxacin,Republic of Korea,WHO GLASS (ML Excel)
Salmonella Spp.,Ciprofloxacin,Malta,WHO GLASS (ML Excel)
Salmonella Spp.,Ciprofloxacin,Malta,WHO GLASS (ML Excel)
Salmonella Spp.,Ciprofloxacin,Malta,WHO GLASS (ML Excel)
Salmonella Spp.,Ciprofloxacin,Malta,WHO GLASS (ML Excel)
Salmonella Spp.,Ciprofloxacin,Malaysia,WHO GLASS (ML Excel)
Salmonella Spp.,Ciprofloxacin,Malaysia,WHO GLASS (ML Excel)
Salmonella Spp.,Ciprofloxacin,Malaysia,WHO GLASS (ML Excel)
Salmonella Spp.,Ciprofloxacin,Malaysia,WHO GLASS (ML Excel)
Salmonella Spp.,Ciprofloxacin,Pakistan,WHO GLASS (ML Excel)
Salmonella Spp.,Ciprofloxacin,Pakistan,WHO GLASS (ML Excel)
Salmonella Spp.,Ciprofloxacin,Pakistan,WHO GLASS (ML Excel)
Salmonella Spp.,Ciprofloxacin,Pakistan,WHO GLASS (ML Excel)
Salmonella Spp.,Ciprofloxacin,Philippines,WHO GLASS (ML Excel)
Salmonella Spp.,Ciprofloxacin,Philippines,WHO GLASS (ML Excel)
Salmonella Spp.,Ciprofloxacin,Philippines,WHO GLASS (ML Excel)
Salmonella Spp.,Ciprofloxacin,Philippines,WHO GLASS (ML Excel)
Salmonella Spp.,Ciprofloxacin,Poland,WHO GLASS (ML Excel)
Salmonella Spp.,Ciprofloxacin,Poland,WHO GLASS (ML Excel)
Salmonella Spp.,Ciprofloxacin,Poland,WHO GLASS (ML Excel)
Salmonella Spp.,Ciprofloxacin,Poland,WHO GLASS (ML Excel)
Salmonella Spp.,Ciprofloxacin,Saudi Arabia,WHO GLASS (ML Excel)
Salmonella Spp.,Ciprofloxacin,Saudi Arabia,WHO GLASS (ML Excel)
Salmonella Spp.,Ciprofloxacin,Saudi Arabia,WHO GLASS (ML Excel)
Salmonella Spp.,Ciprofloxacin,Saudi Arabia,WHO GLASS (ML Excel)
Salmonella Spp.,Ciprofloxacin,South Africa,WHO GLASS (ML Excel)
Salmonella Spp.,Ciprofloxacin,South Africa,WHO GLASS (ML Excel)
Salmonella Spp.,Ciprofloxacin,South Africa,WHO GLASS (ML Excel)
Salmonella Spp.,Ciprofloxacin,South Africa,WHO GLASS (ML Excel)
Salmonella Spp.,Ertapenem,United Arab Emirates,WHO GLASS (ML Excel)
Salmonella Spp.,Ertapenem,United Arab Emirates,WHO GLASS (ML Excel)
Salmonella Spp.,Ertapenem,United Arab Emirates,WHO GLASS (ML Excel)
Salmonella Spp.,Ertapenem,United Arab Emirates,WHO GLASS (ML Excel)
Salmonella Spp.,Ertapenem,Switzerland,WHO GLASS (ML Excel)
Salmonella Spp.,Ertapenem,Switzerland,WHO GLASS (ML Excel)
Salmonella Spp.,Ertapenem,Switzerland,WHO GLASS (ML Excel)
Salmonella Spp.,Ertapenem,Switzerland,WHO GLASS (ML Excel)
Salmonella Spp.,Ertapenem,Malaysia,WHO GLASS (ML Excel)
Salmonella Spp.,Ertapenem,Malaysia,WHO GLASS (ML Excel)
Salmonella Spp.,Ertapenem,Malaysia,WHO GLASS (ML Excel)
Salmonella Spp.,Ertapenem,Malaysia,WHO GLASS (ML Excel)
Salmonella Spp.,Ertapenem,Poland,WHO GLASS (ML Excel)
Salmonella Spp.,Ertapenem,Poland,WHO GLASS (ML Excel)
Salmonella Spp.,Ertapenem,Poland,WHO GLASS (ML Excel)
Salmonella Spp.,Ertapenem,Poland,WHO GLASS (ML Excel)
Salmonella Spp.,Ertapenem,Saudi Arabia,WHO GLASS (ML Excel)
Salmonella Spp.,Ertapenem,Saudi Arabia,WHO GLASS (ML Excel)
Salmonella Spp.,Ertapenem,Saudi Arabia,WHO GLASS (ML Excel)
Salmonella Spp.,Ertapenem,Saudi Arabia,WHO GLASS (ML Excel)
Salmonella Spp.,Ertapenem,South Africa,WHO GLASS (ML Excel)
Salmonella Spp.,Ertapenem,South Africa,WHO GLASS (ML Excel)
Salmonella Spp.,Ertapenem,South Africa,WHO GLASS (ML Excel)
Salmonella Spp.,Ertapenem,South Africa,WHO GLASS (ML Excel)
Salmonella Spp.,Imipenem,United Arab Emirates,WHO GLASS (ML Excel)
Salmonella Spp.,Imipenem,United Arab Emirates,WHO GLASS (ML Excel)
Salmonella Spp.,Imipenem,United Arab Emirates,WHO GLASS (ML Excel)
Salmonella Spp.,Imipenem,United Arab Emirates,WHO GLASS (ML Excel)
Salmonella Spp.,Imipenem,Argentina,WHO GLASS (ML Excel)
Salmonella Spp.,Imipenem,Argentina,WHO GLASS (ML Excel)
Salmonella Spp.,Imipenem,Argentina,WHO GLASS (ML Excel)
Salmonella Spp.,Imipenem,Argentina,WHO GLASS (ML Excel)
Salmonella Spp.,Imipenem,Japan,WHO GLASS (ML Excel)
Salmonella Spp.,Imipenem,Japan,WHO GLASS (ML Excel)
Salmonella Spp.,Imipenem,Japan,WHO GLASS (ML Excel)
Salmonella Spp.,Imipenem,Japan,WHO GLASS (ML Excel)
Salmonella Spp.,Imipenem,Republic of Korea,WHO GLASS (ML Excel)
Salmonella Spp.,Imipenem,Republic of Korea,WHO GLASS (ML Excel)
Salmonella Spp.,Imipenem,Republic of Korea,WHO GLASS (ML Excel)
Salmonella Spp.,Imipenem,Republic of Korea,WHO GLASS (ML Excel)
Salmonella Spp.,Imipenem,Malaysia,WHO GLASS (ML Excel)
Salmonella Spp.,Imipenem,Malaysia,WHO GLASS (ML Excel)
Salmonella Spp.,Imipenem,Malaysia,WHO GLASS (ML Excel)
Salmonella Spp.,Imipenem,Malaysia,WHO GLASS (ML Excel)
Salmonella Spp.,Imipenem,Poland,WHO GLASS (ML Excel)
Salmonella Spp.,Imipenem,Poland,WHO GLASS (ML Excel)
Salmonella Spp.,Imipenem,Poland,WHO GLASS (ML Excel)
Salmonella Spp.,Imipenem,Poland,WHO GLASS (ML Excel)
Salmonella Spp.,Imipenem,Saudi Arabia,WHO GLASS (ML Excel)
Salmonella Spp.,Imipenem,Saudi Arabia,WHO GLASS (ML Excel)
Salmonella Spp.,Imipenem,Saudi Arabia,WHO GLASS (ML Excel)
Salmonella Spp.,Imipenem,Saudi Arabia,WHO GLASS (ML Excel)
Salmonella Spp.,Imipenem,South Africa,WHO GLASS (ML Excel)
Salmonella Spp.,Imipenem,South Africa,WHO GLASS (ML Excel)
Salmonella Spp.,Imipenem,South Africa,WHO GLASS (ML Excel)
Salmonella Spp.,Imipenem,South Africa,WHO GLASS (ML Excel)
Salmonella Spp.,Levofloxacin,United Arab Emirates,WHO GLASS (ML Excel)
Salmonella Spp.,Levofloxacin,United Arab Emirates,WHO GLASS (ML Excel)
Salmonella Spp.,Levofloxacin,United Arab Emirates,WHO GLASS (ML Excel)
Salmonella Spp.,Levofloxacin,United Arab Emirates,WHO GLASS (ML Excel)
Salmonella Spp.,Levofloxacin,Switzerland,WHO GLASS (ML Excel)
Salmonella Spp.,Levofloxacin,Switzerland,WHO GLASS (ML Excel)
Salmonella Spp.,Levofloxacin,Switzerland,WHO GLASS (ML Excel)
Salmonella Spp.,Levofloxacin,Switzerland,WHO GLASS (ML Excel)
Salmonella Spp.,Levofloxacin,Saudi Arabia,WHO GLASS (ML Excel)
Salmonella Spp.,Levofloxacin,Saudi Arabia,WHO GLASS (ML Excel)
Salmonella Spp.,Levofloxacin,Saudi Arabia,WHO GLASS (ML Excel)
Salmonella Spp.,Levofloxacin,Saudi Arabia,WHO GLASS (ML Excel)
Salmonella Spp.,Meropenem,United Arab Emirates,WHO GLASS (ML Excel)
Salmonella Spp.,Meropenem,United Arab Emirates,WHO GLASS (ML Excel)
Salmonella Spp.,Meropenem,United Arab Emirates,WHO GLASS (ML Excel)
Salmonella Spp.,Meropenem,United Arab Emirates,WHO GLASS (ML Excel)
Salmonella Spp.,Meropenem,Argentina,WHO GLASS (ML Excel)
Salmonella Spp.,Meropenem,Argentina,WHO GLASS (ML Excel)
Salmonella Spp.,Meropenem,Argentina,WHO GLASS (ML Excel)
Salmonella Spp.,Meropenem,Argentina,WHO GLASS (ML Excel)
Salmonella Spp.,Meropenem,Switzerland,WHO GLASS (ML Excel)
Salmonella Spp.,Meropenem,Switzerland,WHO GLASS (ML Excel)
Salmonella Spp.,Meropenem,Switzerland,WHO GLASS (ML Excel)
Salmonella Spp.,Meropenem,Switzerland,WHO GLASS (ML Excel)
Salmonella Spp.,Meropenem,Finland,WHO GLASS (ML Excel)
Salmonella Spp.,Meropenem,Finland,WHO GLASS (ML Excel)
Salmonella Spp.,Meropenem,Finland,WHO GLASS (ML Excel)
Salmonella Spp.,Meropenem,Finland,WHO GLASS (ML Excel)
Salmonella Spp.,Meropenem,Japan,WHO GLASS (ML Excel)
Salmonella Spp.,Meropenem,Japan,WHO GLASS (ML Excel)
Salmonella Spp.,Meropenem,Japan,WHO GLASS (ML Excel)
Salmonella Spp.,Meropenem,Japan,WHO GLASS (ML Excel)
Salmonella Spp.,Meropenem,Malaysia,WHO GLASS (ML Excel)
Salmonella Spp.,Meropenem,Malaysia,WHO GLASS (ML Excel)
Salmonella Spp.,Meropenem,Malaysia,WHO GLASS (ML Excel)
Salmonella Spp.,Meropenem,Malaysia,WHO GLASS (ML Excel)
Salmonella Spp.,Meropenem,Poland,WHO GLASS (ML Excel)
Salmonella Spp.,Meropenem,Poland,WHO GLASS (ML Excel)
Salmonella Spp.,Meropenem,Poland,WHO GLASS (ML Excel)
Salmonella Spp.,Meropenem,Poland,WHO GLASS (ML Excel)
Salmonella Spp.,Meropenem,Saudi Arabia,WHO GLASS (ML Excel)
Salmonella Spp.,Meropenem,Saudi Arabia,WHO GLASS (ML Excel)
Salmonella Spp.,Meropenem,Saudi Arabia,WHO GLASS (ML Excel)
Salmonella Spp.,Meropenem,Saudi Arabia,WHO GLASS (ML Excel)
Shigella Spp.,Azithromycin,Argentina,WHO GLASS (ML Excel)
Shigella Spp.,Azithromycin,Argentina,WHO GLASS (ML Excel)
Shigella Spp.,Azithromycin,Argentina,WHO GLASS (ML Excel)
Shigella Spp.,Azithromycin,Argentina,WHO GLASS (ML Excel)
Shigella Spp.,Cefotaxime,United Arab Emirates,WHO GLASS (ML Excel)
Shigella Spp.,Cefotaxime,United Arab Emirates,WHO GLASS (ML Excel)
Shigella Spp.,Cefotaxime,United Arab Emirates,WHO GLASS (ML Excel)
Shigella Spp.,Cefotaxime,United Arab Emirates,WHO GLASS (ML Excel)
Shigella Spp.,Cefotaxime,Argentina,WHO GLASS (ML Excel)
Shigella Spp.,Cefotaxime,Argentina,WHO GLASS (ML Excel)
Shigella Spp.,Cefotaxime,Argentina,WHO GLASS (ML Excel)
Shigella Spp.,Cefotaxime,Argentina,WHO GLASS (ML Excel)
Shigella Spp.,Cefotaxime,Japan,WHO GLASS (ML Excel)
Shigella Spp.,Cefotaxime,Japan,WHO GLASS (ML Excel)
Shigella Spp.,Cefotaxime,Japan,WHO GLASS (ML Excel)
Shigella Spp.,Cefotaxime,Japan,WHO GLASS (ML Excel)
Salmonella Spp.,Cefotaxime,United Arab Emirates,WHO GLASS (ML Excel)
Salmonella Spp.,Cefotaxime,United Arab Emirates,WHO GLASS (ML Excel)
Salmonella Spp.,Cefotaxime,United Arab Emirates,WHO GLASS (ML Excel)
Salmonella Spp.,Cefotaxime,United Arab Emirates,WHO GLASS (ML Excel)
Salmonella Spp.,Cefotaxime,Argentina,WHO GLASS (ML Excel)
Salmonella Spp.,Cefotaxime,Argentina,WHO GLASS (ML Excel)
Salmonella Spp.,Cefotaxime,Argentina,WHO GLASS (ML Excel)
Salmonella Spp.,Cefotaxime,Argentina,WHO GLASS (ML Excel)
Salmonella Spp.,Cefotaxime,Switzerland,WHO GLASS (ML Excel)
Salmonella Spp.,Cefotaxime,Switzerland,WHO GLASS (ML Excel)
Salmonella Spp.,Cefotaxime,Switzerland,WHO GLASS (ML Excel)
Salmonella Spp.,Cefotaxime,Switzerland,WHO GLASS (ML Excel)
Salmonella Spp.,Cefotaxime,Japan,WHO GLASS (ML Excel)
Salmonella Spp.,Cefotaxime,Japan,WHO GLASS (ML Excel)
Salmonella Spp.,Cefotaxime,Japan,WHO GLASS (ML Excel)
Salmonella Spp.,Cefotaxime,Japan,WHO GLASS (ML Excel)
Salmonella Spp.,Cefotaxime,Republic of Korea,WHO GLASS (ML Excel)
Salmonella Spp.,Cefotaxime,Republic of Korea,WHO GLASS (ML Excel)
Salmonella Spp.,Cefotaxime,Republic of Korea,WHO GLASS (ML Excel)
Salmonella Spp.,Cefotaxime,Republic of Korea,WHO GLASS (ML Excel)
Salmonella Spp.,Cefotaxime,Malaysia,WHO GLASS (ML Excel)
Salmonella Spp.,Cefotaxime,Malaysia,WHO GLASS (ML Excel)
Salmonella Spp.,Cefotaxime,Malaysia,WHO GLASS (ML Excel)
Salmonella Spp.,Cefotaxime,Malaysia,WHO GLASS (ML Excel)
Salmonella Spp.,Cefotaxime,Philippines,WHO GLASS (ML Excel)
Salmonella Spp.,Cefotaxime,Philippines,WHO GLASS (ML Excel)
Salmonella Spp.,Cefotaxime,Philippines,WHO GLASS (ML Excel)
Salmonella Spp.,Cefotaxime,Philippines,WHO GLASS (ML Excel)
Salmonella Spp.,Cefotaxime,Poland,WHO GLASS (ML Excel)
Salmonella Spp.,Cefotaxime,Poland,WHO GLASS (ML Excel)
Salmonella Spp.,Cefotaxime,Poland,WHO GLASS (ML Excel)
Salmonella Spp.,Cefotaxime,Poland,WHO GLASS (ML Excel)
Salmonella Spp.,Cefotaxime,Saudi Arabia,WHO GLASS (ML Excel)
Salmonella Spp.,Cefotaxime,Saudi Arabia,WHO GLASS (ML Excel)
Salmonella Spp.,Cefotaxime,Saudi Arabia,WHO GLASS (ML Excel)
Salmonella Spp.,Cefotaxime,Saudi Arabia,WHO GLASS (ML Excel)
Escherichia Coli,Cefepime,United Arab Emirates,WHO GLASS (ML Excel)
Escherichia Coli,Cefepime,United Arab Emirates,WHO GLASS (ML Excel)
Escherichia Coli,Cefepime,United Arab Emirates,WHO GLASS (ML Excel)
Escherichia Coli,Cefepime,United Arab Emirates,WHO GLASS (ML Excel)
Escherichia Coli,Cefepime,Argentina,WHO GLASS (ML Excel)
Escherichia Coli,Cefepime,Argentina,WHO GLASS (ML Excel)
Escherichia Coli,Cefepime,Argentina,WHO GLASS (ML Excel)
Escherichia Coli,Cefepime,Argentina,WHO GLASS (ML Excel)
Escherichia Coli,Cefepime,Bangladesh,WHO GLASS (ML Excel)
Escherichia Coli,Cefepime,Bangladesh,WHO GLASS (ML Excel)
Escherichia Coli,Cefepime,Bangladesh,WHO GLASS (ML Excel)
Escherichia Coli,Cefepime,Bangladesh,WHO GLASS (ML Excel)
Escherichia Coli,Cefepime,Switzerland,WHO GLASS (ML Excel)
Escherichia Coli,Cefepime,Switzerland,WHO GLASS (ML Excel)
Escherichia Coli,Cefepime,Switzerland,WHO GLASS (ML Excel)
Escherichia Coli,Cefepime,Switzerland,WHO GLASS (ML Excel)
Escherichia Coli,Cefepime,United Kingdom of Great Britain and Northern Ireland,WHO GLASS (ML Excel)
Escherichia Coli,Cefepime,United Kingdom of Great Britain and Northern Ireland,WHO GLASS (ML Excel)
Escherichia Coli,Cefepime,United Kingdom of Great Britain and Northern Ireland,WHO GLASS (ML Excel)
Escherichia Coli,Cefepime,United Kingdom of Great Britain and Northern Ireland,WHO GLASS (ML Excel)
Escherichia Coli,Cefepime,India,WHO GLASS (ML Excel)
Escherichia Coli,Cefepime,India,WHO GLASS (ML Excel)
Escherichia Coli,Cefepime,India,WHO GLASS (ML Excel)
Escherichia Coli,Cefepime,India,WHO GLASS (ML Excel)
Escherichia Coli,Cefepime,Japan,WHO GLASS (ML Excel)
Escherichia Coli,Cefepime,Japan,WHO GLASS (ML Excel)
Escherichia Coli,Cefepime,Japan,WHO GLASS (ML Excel)
Escherichia Coli,Cefepime,Japan,WHO GLASS (ML Excel)
Escherichia Coli,Cefepime,Republic of Korea,WHO GLASS (ML Excel)
Escherichia Coli,Cefepime,Republic of Korea,WHO GLASS (ML Excel)
Escherichia Coli,Cefepime,Republic of Korea,WHO GLASS (ML Excel)
Escherichia Coli,Cefepime,Republic of Korea,WHO GLASS (ML Excel)
Escherichia Coli,Cefepime,Lebanon,WHO GLASS (ML Excel)
Escherichia Coli,Cefepime,Lebanon,WHO GLASS (ML Excel)
Escherichia Coli,Cefepime,Lebanon,WHO GLASS (ML Excel)
Escherichia Coli,Cefepime,Lebanon,WHO GLASS (ML Excel)
Escherichia Coli,Cefepime,Malaysia,WHO GLASS (ML Excel)
Escherichia Coli,Cefepime,Malaysia,WHO GLASS (ML Excel)
Escherichia Coli,Cefepime,Malaysia,WHO GLASS (ML Excel)
Escherichia Coli,Cefepime,Malaysia,WHO GLASS (ML Excel)
Escherichia Coli,Cefepime,Oman,WHO GLASS (ML Excel)
Escherichia Coli,Cefepime,Oman,WHO GLASS (ML Excel)
Escherichia Coli,Cefepime,Oman,WHO GLASS (ML Excel)
Escherichia Coli,Cefepime,Oman,WHO GLASS (ML Excel)
Escherichia Coli,Cefepime,Pakistan,WHO GLASS (ML Excel)
Escherichia Coli,Cefepime,Pakistan,WHO GLASS (ML Excel)
Escherichia Coli,Cefepime,Pakistan,WHO GLASS (ML Excel)
Escherichia Coli,Cefepime,Pakistan,WHO GLASS (ML Excel)
Escherichia Coli,Cefepime,Philippines,WHO GLASS (ML Excel)
Escherichia Coli,Cefepime,Philippines,WHO GLASS (ML Excel)
Escherichia Coli,Cefepime,Philippines,WHO GLASS (ML Excel)
Escherichia Coli,Cefepime,Philippines,WHO GLASS (ML Excel)
Escherichia Coli,Cefepime,Saudi Arabia,WHO GLASS (ML Excel)
Escherichia Coli,Cefepime,Saudi Arabia,WHO GLASS (ML Excel)
Escherichia Coli,Cefepime,Saudi Arabia,WHO GLASS (ML Excel)
Escherichia Coli,Cefepime,Saudi Arabia,WHO GLASS (ML Excel)
Escherichia Coli,Cefepime,Thailand,WHO GLASS (ML Excel)
Escherichia Coli,Cefepime,Thailand,WHO GLASS (ML Excel)
Escherichia Coli,Cefepime,Thailand,WHO GLASS (ML Excel)
Escherichia Coli,Cefepime,Thailand,WHO GLASS (ML Excel)
Escherichia Coli,Cefepime,Tunisia,WHO GLASS (ML Excel)
Escherichia Coli,Cefepime,Tunisia,WHO GLASS (ML Excel)
Escherichia Coli,Cefepime,Tunisia,WHO GLASS (ML Excel)
Escherichia Coli,Cefepime,Tunisia,WHO GLASS (ML Excel)
Escherichia Coli,Imipenem,United Arab Emirates,WHO GLASS (ML Excel)
Escherichia Coli,Imipenem,United Arab Emirates,WHO GLASS (ML Excel)
Escherichia Coli,Imipenem,United Arab Emirates,WHO GLASS (ML Excel)
Escherichia Coli,Imipenem,United Arab Emirates,WHO GLASS (ML Excel)
Escherichia Coli,Imipenem,Argentina,WHO GLASS (ML Excel)
Escherichia Coli,Imipenem,Argentina,WHO GLASS (ML Excel)
Escherichia Coli,Imipenem,Argentina,WHO GLASS (ML Excel)
Escherichia Coli,Imipenem,Argentina,WHO GLASS (ML Excel)
Escherichia Coli,Imipenem,Bangladesh,WHO GLASS (ML Excel)
Escherichia Coli,Imipenem,Bangladesh,WHO GLASS (ML Excel)
Escherichia Coli,Imipenem,Bangladesh,WHO GLASS (ML Excel)
Escherichia Coli,Imipenem,Bangladesh,WHO GLASS (ML Excel)
Escherichia Coli,Imipenem,Switzerland,WHO GLASS (ML Excel)
Escherichia Coli,Imipenem,Switzerland,WHO GLASS (ML Excel)
Escherichia Coli,Imipenem,Switzerland,WHO GLASS (ML Excel)
Escherichia Coli,Imipenem,Switzerland,WHO GLASS (ML Excel)
Escherichia Coli,Imipenem,United Kingdom of Great Britain and Northern Ireland,WHO GLASS (ML Excel)
Escherichia Coli,Imipenem,United Kingdom of Great Britain and Northern Ireland,WHO GLASS (ML Excel)
Escherichia Coli,Imipenem,United Kingdom of Great Britain and Northern Ireland,WHO GLASS (ML Excel)
Escherichia Coli,Imipenem,United Kingdom of Great Britain and Northern Ireland,WHO GLASS (ML Excel)
Escherichia Coli,Imipenem,India,WHO GLASS (ML Excel)
Escherichia Coli,Imipenem,India,WHO GLASS (ML Excel)
Escherichia Coli,Imipenem,India,WHO GLASS (ML Excel)
Escherichia Coli,Imipenem,India,WHO GLASS (ML Excel)
Escherichia Coli,Imipenem,Japan,WHO GLASS (ML Excel)
Escherichia Coli,Imipenem,Japan,WHO GLASS (ML Excel)
Escherichia Coli,Imipenem,Japan,WHO GLASS (ML Excel)
Escherichia Coli,Imipenem,Japan,WHO GLASS (ML Excel)
Escherichia Coli,Imipenem,Republic of Korea,WHO GLASS (ML Excel)
Escherichia Coli,Imipenem,Republic of Korea,WHO GLASS (ML Excel)
Escherichia Coli,Imipenem,Republic of Korea,WHO GLASS (ML Excel)
Escherichia Coli,Imipenem,Republic of Korea,WHO GLASS (ML Excel)
Escherichia Coli,Imipenem,Lao People's Democratic Republic,WHO GLASS (ML Excel)
Escherichia Coli,Imipenem,Lao People's Democratic Republic,WHO GLASS (ML Excel)
Escherichia Coli,Imipenem,Lao People's Democratic Republic,WHO GLASS (ML Excel)
Escherichia Coli,Imipenem,Lao People's Democratic Republic,WHO GLASS (ML Excel)
Escherichia Coli,Imipenem,Lebanon,WHO GLASS (ML Excel)
Escherichia Coli,Imipenem,Lebanon,WHO GLASS (ML Excel)
Escherichia Coli,Imipenem,Lebanon,WHO GLASS (ML Excel)
Escherichia Coli,Imipenem,Lebanon,WHO GLASS (ML Excel)
Escherichia Coli,Imipenem,Malaysia,WHO GLASS (ML Excel)
Escherichia Coli,Imipenem,Malaysia,WHO GLASS (ML Excel)
Escherichia Coli,Imipenem,Malaysia,WHO GLASS (ML Excel)
Escherichia Coli,Imipenem,Malaysia,WHO GLASS (ML Excel)
Escherichia Coli,Imipenem,Nepal,WHO GLASS (ML Excel)
Escherichia Coli,Imipenem,Nepal,WHO GLASS (ML Excel)
Escherichia Coli,Imipenem,Nepal,WHO GLASS (ML Excel)
Escherichia Coli,Imipenem,Nepal,WHO GLASS (ML Excel)
Escherichia Coli,Imipenem,Oman,WHO GLASS (ML Excel)
Escherichia Coli,Imipenem,Oman,WHO GLASS (ML Excel)
Escherichia Coli,Imipenem,Oman,WHO GLASS (ML Excel)
Escherichia Coli,Imipenem,Oman,WHO GLASS (ML Excel)
Escherichia Coli,Imipenem,Pakistan,WHO GLASS (ML Excel)
Escherichia Coli,Imipenem,Pakistan,WHO GLASS (ML Excel)
Escherichia Coli,Imipenem,Pakistan,WHO GLASS (ML Excel)
Escherichia Coli,Imipenem,Pakistan,WHO GLASS (ML Excel)
Escherichia Coli,Imipenem,Philippines,WHO GLASS (ML Excel)
Escherichia Coli,Imipenem,Philippines,WHO GLASS (ML Excel)
Escherichia Coli,Imipenem,Philippines,WHO GLASS (ML Excel)
Escherichia Coli,Imipenem,Philippines,WHO GLASS (ML Excel)
Escherichia Coli,Imipenem,Saudi Arabia,WHO GLASS (ML Excel)
Escherichia Coli,Imipenem,Saudi Arabia,WHO GLASS (ML Excel)
Escherichia Coli,Imipenem,Saudi Arabia,WHO GLASS (ML Excel)
Escherichia Coli,Imipenem,Saudi Arabia,WHO GLASS (ML Excel)
Escherichia Coli,Imipenem,Sweden,WHO GLASS (ML Excel)
Escherichia Coli,Imipenem,Sweden,WHO GLASS (ML Excel)
Escherichia Coli,Imipenem,Sweden,WHO GLASS (ML Excel)
Escherichia Coli,Imipenem,Sweden,WHO GLASS (ML Excel)
Escherichia Coli,Imipenem,Thailand,WHO GLASS (ML Excel)
Escherichia Coli,Imipenem,Thailand,WHO GLASS (ML Excel)
Escherichia Coli,Imipenem,Thailand,WHO GLASS (ML Excel)
Escherichia Coli,Imipenem,Thailand,WHO GLASS (ML Excel)
Escherichia Coli,Imipenem,Tunisia,WHO GLASS (ML Excel)
Escherichia Coli,Imipenem,Tunisia,WHO GLASS (ML Excel)
Escherichia Coli,Imipenem,Tunisia,WHO GLASS (ML Excel)
Escherichia Coli,Imipenem,Tunisia,WHO GLASS (ML Excel)
Escherichia Coli,Levofloxacin,United Arab Emirates,WHO GLASS (ML Excel)
Escherichia Coli,Levofloxacin,United Arab Emirates,WHO GLASS (ML Excel)
Escherichia Coli,Levofloxacin,United Arab Emirates,WHO GLASS (ML Excel)
Escherichia Coli,Levofloxacin,United Arab Emirates,WHO GLASS (ML Excel)
Escherichia Coli,Levofloxacin,Switzerland,WHO GLASS (ML Excel)
Escherichia Coli,Levofloxacin,Switzerland,WHO GLASS (ML Excel)
Escherichia Coli,Levofloxacin,Switzerland,WHO GLASS (ML Excel)
Escherichia Coli,Levofloxacin,Switzerland,WHO GLASS (ML Excel)
Escherichia Coli,Levofloxacin,United Kingdom of Great Britain and Northern Ireland,WHO GLASS (ML Excel)
Escherichia Coli,Levofloxacin,United Kingdom of Great Britain and Northern Ireland,WHO GLASS (ML Excel)
Escherichia Coli,Levofloxacin,United Kingdom of Great Britain and Northern Ireland,WHO GLASS (ML Excel)
Escherichia Coli,Levofloxacin,United Kingdom of Great Britain and Northern Ireland,WHO GLASS (ML Excel)
Escherichia Coli,Levofloxacin,Japan,WHO GLASS (ML Excel)
Escherichia Coli,Levofloxacin,Japan,WHO GLASS (ML Excel)
Escherichia Coli,Levofloxacin,Japan,WHO GLASS (ML Excel)
Escherichia Coli,Levofloxacin,Japan,WHO GLASS (ML Excel)
Escherichia Coli,Levofloxacin,Nepal,WHO GLASS (ML Excel)
Escherichia Coli,Levofloxacin,Nepal,WHO GLASS (ML Excel)
Escherichia Coli,Levofloxacin,Nepal,WHO GLASS (ML Excel)
Escherichia Coli,Levofloxacin,Nepal,WHO GLASS (ML Excel)
Escherichia Coli,Levofloxacin,Pakistan,WHO GLASS (ML Excel)
Escherichia Coli,Levofloxacin,Pakistan,WHO GLASS (ML Excel)
Escherichia Coli,Levofloxacin,Pakistan,WHO GLASS (ML Excel)
Escherichia Coli,Levofloxacin,Pakistan,WHO GLASS (ML Excel)
Escherichia Coli,Levofloxacin,Philippines,WHO GLASS (ML Excel)
Escherichia Coli,Levofloxacin,Philippines,WHO GLASS (ML Excel)
Escherichia Coli,Levofloxacin,Philippines,WHO GLASS (ML Excel)
Escherichia Coli,Levofloxacin,Philippines,WHO GLASS (ML Excel)
Escherichia Coli,Levofloxacin,Saudi Arabia,WHO GLASS (ML Excel)
Escherichia Coli,Levofloxacin,Saudi Arabia,WHO GLASS (ML Excel)
Escherichia Coli,Levofloxacin,Saudi Arabia,WHO GLASS (ML Excel)
Escherichia Coli,Levofloxacin,Saudi Arabia,WHO GLASS (ML Excel)
Escherichia Coli,Levofloxacin,Thailand,WHO GLASS (ML Excel)
Escherichia Coli,Levofloxacin,Thailand,WHO GLASS (ML Excel)
Escherichia Coli,Levofloxacin,Thailand,WHO GLASS (ML Excel)
Escherichia Coli,Levofloxacin,Thailand,WHO GLASS (ML Excel)
Escherichia Coli,Meropenem,United Arab Emirates,WHO GLASS (ML Excel)
Escherichia Coli,Meropenem,United Arab Emirates,WHO GLASS (ML Excel)
Escherichia Coli,Meropenem,United Arab Emirates,WHO GLASS (ML Excel)
Escherichia Coli,Meropenem,United Arab Emirates,WHO GLASS (ML Excel)
Escherichia Coli,Meropenem,Argentina,WHO GLASS (ML Excel)
Escherichia Coli,Meropenem,Argentina,WHO GLASS (ML Excel)
Escherichia Coli,Meropenem,Argentina,WHO GLASS (ML Excel)
Escherichia Coli,Meropenem,Argentina,WHO GLASS (ML Excel)
Escherichia Coli,Meropenem,Switzerland,WHO GLASS (ML Excel)
Escherichia Coli,Meropenem,Switzerland,WHO GLASS (ML Excel)
Escherichia Coli,Meropenem,Switzerland,WHO GLASS (ML Excel)
Escherichia Coli,Meropenem,Switzerland,WHO GLASS (ML Excel)
Escherichia Coli,Meropenem,Finland,WHO GLASS (ML Excel)
Escherichia Coli,Meropenem,Finland,WHO GLASS (ML Excel)
Escherichia Coli,Meropenem,Finland,WHO GLASS (ML Excel)
Escherichia Coli,Meropenem,Finland,WHO GLASS (ML Excel)
Escherichia Coli,Meropenem,United Kingdom of Great Britain and Northern Ireland,WHO GLASS (ML Excel)
Escherichia Coli,Meropenem,United Kingdom of Great Britain and Northern Ireland,WHO GLASS (ML Excel)
Escherichia Coli,Meropenem,United Kingdom of Great Britain and Northern Ireland,WHO GLASS (ML Excel)
Escherichia Coli,Meropenem,United Kingdom of Great Britain and Northern Ireland,WHO GLASS (ML Excel)
Escherichia Coli,Meropenem,India,WHO GLASS (ML Excel)
Escherichia Coli,Meropenem,India,WHO GLASS (ML Excel)
Escherichia Coli,Meropenem,India,WHO GLASS (ML Excel)
Escherichia Coli,Meropenem,India,WHO GLASS (ML Excel)
Escherichia Coli,Meropenem,Japan,WHO GLASS (ML Excel)
Escherichia Coli,Meropenem,Japan,WHO GLASS (ML Excel)
Escherichia Coli,Meropenem,Japan,WHO GLASS (ML Excel)
Escherichia Coli,Meropenem,Japan,WHO GLASS (ML Excel)
Escherichia Coli,Meropenem,Republic of Korea,WHO GLASS (ML Excel)
Escherichia Coli,Meropenem,Republic of Korea,WHO GLASS (ML Excel)
Escherichia Coli,Meropenem,Republic of Korea,WHO GLASS (ML Excel)
Escherichia Coli,Meropenem,Republic of Korea,WHO GLASS (ML Excel)
Escherichia Coli,Meropenem,Lao People's Democratic Republic,WHO GLASS (ML Excel)
Escherichia Coli,Meropenem,Lao People's Democratic Republic,WHO GLASS (ML Excel)
Escherichia Coli,Meropenem,Lao People's Democratic Republic,WHO GLASS (ML Excel)
Escherichia Coli,Meropenem,Lao People's Democratic Republic,WHO GLASS (ML Excel)
Escherichia Coli,Meropenem,Lebanon,WHO GLASS (ML Excel)
Escherichia Coli,Meropenem,Lebanon,WHO GLASS (ML Excel)
Escherichia Coli,Meropenem,Lebanon,WHO GLASS (ML Excel)
Escherichia Coli,Meropenem,Lebanon,WHO GLASS (ML Excel)
Escherichia Coli,Meropenem,Malaysia,WHO GLASS (ML Excel)
Escherichia Coli,Meropenem,Malaysia,WHO GLASS (ML Excel)
Escherichia Coli,Meropenem,Malaysia,WHO GLASS (ML Excel)
Escherichia Coli,Meropenem,Malaysia,WHO GLASS (ML Excel)
Escherichia Coli,Meropenem,Norway,WHO GLASS (ML Excel)
Escherichia Coli,Meropenem,Norway,WHO GLASS (ML Excel)
Escherichia Coli,Meropenem,Norway,WHO GLASS (ML Excel)
Escherichia Coli,Meropenem,Norway,WHO GLASS (ML Excel)
Escherichia Coli,Meropenem,Nepal,WHO GLASS (ML Excel)
Escherichia Coli,Meropenem,Nepal,WHO GLASS (ML Excel)
Escherichia Coli,Meropenem,Nepal,WHO GLASS (ML Excel)
Escherichia Coli,Meropenem,Nepal,WHO GLASS (ML Excel)
Escherichia Coli,Meropenem,Oman,WHO GLASS (ML Excel)
Escherichia Coli,Meropenem,Oman,WHO GLASS (ML Excel)
Escherichia Coli,Meropenem,Oman,WHO GLASS (ML Excel)
Escherichia Coli,Meropenem,Oman,WHO GLASS (ML Excel)
Escherichia Coli,Meropenem,Pakistan,WHO GLASS (ML Excel)
Escherichia Coli,Meropenem,Pakistan,WHO GLASS (ML Excel)
Escherichia Coli,Meropenem,Pakistan,WHO GLASS (ML Excel)
Escherichia Coli,Meropenem,Pakistan,WHO GLASS (ML Excel)
Escherichia Coli,Meropenem,Philippines,WHO GLASS (ML Excel)
Escherichia Coli,Meropenem,Philippines,WHO GLASS (ML Excel)
Escherichia Coli,Meropenem,Philippines,WHO GLASS (ML Excel)
Escherichia Coli,Meropenem,Philippines,WHO GLASS (ML Excel)
Escherichia Coli,Meropenem,Saudi Arabia,WHO GLASS (ML Excel)
Escherichia Coli,Meropenem,Saudi Arabia,WHO GLASS (ML Excel)
Escherichia Coli,Meropenem,Saudi Arabia,WHO GLASS (ML Excel)
Escherichia Coli,Meropenem,Saudi Arabia,WHO GLASS (ML Excel)
Escherichia Coli,Meropenem,Sweden,WHO GLASS (ML Excel)
Escherichia Coli,Meropenem,Sweden,WHO GLASS (ML Excel)
Escherichia Coli,Meropenem,Sweden,WHO GLASS (ML Excel)
Escherichia Coli,Meropenem,Sweden,WHO GLASS (ML Excel)
Escherichia Coli,Meropenem,Thailand,WHO GLASS (ML Excel)
Escherichia Coli,Meropenem,Thailand,WHO GLASS (ML Excel)
Escherichia Coli,Meropenem,Thailand,WHO GLASS (ML Excel)
Escherichia Coli,Meropenem,Thailand,WHO GLASS (ML Excel)
Escherichia Coli,Meropenem,Tunisia,WHO GLASS (ML Excel)
Escherichia Coli,Meropenem,Tunisia,WHO GLASS (ML Excel)
Escherichia Coli,Meropenem,Tunisia,WHO GLASS (ML Excel)
Escherichia Coli,Meropenem,Tunisia,WHO GLASS (ML Excel)
Klebsiella Pneumoniae,Cefepime,United Arab Emirates,WHO GLASS (ML Excel)
Klebsiella Pneumoniae,Cefepime,United Arab Emirates,WHO GLASS (ML Excel)
Klebsiella Pneumoniae,Cefepime,United Arab Emirates,WHO GLASS (ML Excel)
Klebsiella Pneumoniae,Cefepime,United Arab Emirates,WHO GLASS (ML Excel)
Klebsiella Pneumoniae,Cefepime,Argentina,WHO GLASS (ML Excel)
Klebsiella Pneumoniae,Cefepime,Argentina,WHO GLASS (ML Excel)
Klebsiella Pneumoniae,Cefepime,Argentina,WHO GLASS (ML Excel)
Klebsiella Pneumoniae,Cefepime,Argentina,WHO GLASS (ML Excel)
Klebsiella Pneumoniae,Cefepime,Bangladesh,WHO GLASS (ML Excel)
Klebsiella Pneumoniae,Cefepime,Bangladesh,WHO GLASS (ML Excel)
Klebsiella Pneumoniae,Cefepime,Bangladesh,WHO GLASS (ML Excel)
Klebsiella Pneumoniae,Cefepime,Bangladesh,WHO GLASS (ML Excel)
Klebsiella Pneumoniae,Cefepime,Switzerland,WHO GLASS (ML Excel)
Klebsiella Pneumoniae,Cefepime,Switzerland,WHO GLASS (ML Excel)
Klebsiella Pneumoniae,Cefepime,Switzerland,WHO GLASS (ML Excel)
Klebsiella Pneumoniae,Cefepime,Switzerland,WHO GLASS (ML Excel)
Klebsiella Pneumoniae,Cefepime,United Kingdom of Great Britain and Northern Ireland,WHO GLASS (ML Excel)
Klebsiella Pneumoniae,Cefepime,United Kingdom of Great Britain and Northern Ireland,WHO GLASS (ML Excel)
Klebsiella Pneumoniae,Cefepime,United Kingdom of Great Britain and Northern Ireland,WHO GLASS (ML Excel)
Klebsiella Pneumoniae,Cefepime,United Kingdom of Great Britain and Northern Ireland,WHO GLASS (ML Excel)
Klebsiella Pneumoniae,Cefepime,India,WHO GLASS (ML Excel)
Klebsiella Pneumoniae,Cefepime,India,WHO GLASS (ML Excel)
Klebsiella Pneumoniae,Cefepime,India,WHO GLASS (ML Excel)
Klebsiella Pneumoniae,Cefepime,India,WHO GLASS (ML Excel)
Klebsiella Pneumoniae,Cefepime,Japan,WHO GLASS (ML Excel)
Klebsiella Pneumoniae,Cefepime,Japan,WHO GLASS (ML Excel)
Klebsiella Pneumoniae,Cefepime,Japan,WHO GLASS (ML Excel)
Klebsiella Pneumoniae,Cefepime,Japan,WHO GLASS (ML Excel)
Klebsiella Pneumoniae,Cefepime,Republic of Korea,WHO GLASS (ML Excel)
Klebsiella Pneumoniae,Cefepime,Republic of Korea,WHO GLASS (ML Excel)
Klebsiella Pneumoniae,Cefepime,Republic of Korea,WHO GLASS (ML Excel)
Klebsiella Pneumoniae,Cefepime,Republic of Korea,WHO GLASS (ML Excel)
Klebsiella Pneumoniae,Cefepime,Malaysia,WHO GLASS (ML Excel)
Klebsiella Pneumoniae,Cefepime,Malaysia,WHO GLASS (ML Excel)
Klebsiella Pneumoniae,Cefepime,Malaysia,WHO GLASS (ML Excel)
Klebsiella Pneumoniae,Cefepime,Malaysia,WHO GLASS (ML Excel)
Klebsiella Pneumoniae,Cefepime,Oman,WHO GLASS (ML Excel)
Klebsiella Pneumoniae,Cefepime,Oman,WHO GLASS (ML Excel)
Klebsiella Pneumoniae,Cefepime,Oman,WHO GLASS (ML Excel)
Klebsiella Pneumoniae,Cefepime,Oman,WHO GLASS (ML Excel)
Klebsiella Pneumoniae,Cefepime,Pakistan,WHO GLASS (ML Excel)
Klebsiella Pneumoniae,Cefepime,Pakistan,WHO GLASS (ML Excel)
Klebsiella Pneumoniae,Cefepime,Pakistan,WHO GLASS (ML Excel)
Klebsiella Pneumoniae,Cefepime,Pakistan,WHO GLASS (ML Excel)
Klebsiella Pneumoniae,Cefepime,Philippines,WHO GLASS (ML Excel)
Klebsiella Pneumoniae,Cefepime,Philippines,WHO GLASS (ML Excel)
Klebsiella Pneumoniae,Cefepime,Philippines,WHO GLASS (ML Excel)
Klebsiella Pneumoniae,Cefepime,Philippines,WHO GLASS (ML Excel)
Klebsiella Pneumoniae,Cefepime,Saudi Arabia,WHO GLASS (ML Excel)
Klebsiella Pneumoniae,Cefepime,Saudi Arabia,WHO GLASS (ML Excel)
Klebsiella Pneumoniae,Cefepime,Saudi Arabia,WHO GLASS (ML Excel)
Klebsiella Pneumoniae,Cefepime,Saudi Arabia,WHO GLASS (ML Excel)
Klebsiella Pneumoniae,Cefepime,Tunisia,WHO GLASS (ML Excel)
Klebsiella Pneumoniae,Cefepime,Tunisia,WHO GLASS (ML Excel)
Klebsiella Pneumoniae,Cefepime,Tunisia,WHO GLASS (ML Excel)
Klebsiella Pneumoniae,Cefepime,Tunisia,WHO GLASS (ML Excel)
Klebsiella Pneumoniae,Cefotaxime,United Arab Emirates,WHO GLASS (ML Excel)
Klebsiella Pneumoniae,Cefotaxime,United Arab Emirates,WHO GLASS (ML Excel)
Klebsiella Pneumoniae,Cefotaxime,United Arab Emirates,WHO GLASS (ML Excel)
Klebsiella Pneumoniae,Cefotaxime,United Arab Emirates,WHO GLASS (ML Excel)
Klebsiella Pneumoniae,Cefotaxime,Argentina,WHO GLASS (ML Excel)
Klebsiella Pneumoniae,Cefotaxime,Argentina,WHO GLASS (ML Excel)
Klebsiella Pneumoniae,Cefotaxime,Argentina,WHO GLASS (ML Excel)
Klebsiella Pneumoniae,Cefotaxime,Argentina,WHO GLASS (ML Excel)
Klebsiella Pneumoniae,Cefotaxime,Switzerland,WHO GLASS (ML Excel)
Klebsiella Pneumoniae,Cefotaxime,Switzerland,WHO GLASS (ML Excel)
Klebsiella Pneumoniae,Cefotaxime,Switzerland,WHO GLASS (ML Excel)
Klebsiella Pneumoniae,Cefotaxime,Switzerland,WHO GLASS (ML Excel)
Klebsiella Pneumoniae,Cefotaxime,United Kingdom of Great Britain and Northern Ireland,WHO GLASS (ML Excel)
Klebsiella Pneumoniae,Cefotaxime,United Kingdom of Great Britain and Northern Ireland,WHO GLASS (ML Excel)
Klebsiella Pneumoniae,Cefotaxime,United Kingdom of Great Britain and Northern Ireland,WHO GLASS (ML Excel)
Klebsiella Pneumoniae,Cefotaxime,United Kingdom of Great Britain and Northern Ireland,WHO GLASS (ML Excel)
Klebsiella Pneumoniae,Cefotaxime,India,WHO GLASS (ML Excel)
Klebsiella Pneumoniae,Cefotaxime,India,WHO GLASS (ML Excel)
Klebsiella Pneumoniae,Cefotaxime,India,WHO GLASS (ML Excel)
Klebsiella Pneumoniae,Cefotaxime,India,WHO GLASS (ML Excel)
Klebsiella Pneumoniae,Cefotaxime,Japan,WHO GLASS (ML Excel)
Klebsiella Pneumoniae,Cefotaxime,Japan,WHO GLASS (ML Excel)
Klebsiella Pneumoniae,Cefotaxime,Japan,WHO GLASS (ML Excel)
Klebsiella Pneumoniae,Cefotaxime,Japan,WHO GLASS (ML Excel)
Klebsiella Pneumoniae,Cefotaxime,Republic of Korea,WHO GLASS (ML Excel)
Klebsiella Pneumoniae,Cefotaxime,Republic of Korea,WHO GLASS (ML Excel)
Klebsiella Pneumoniae,Cefotaxime,Republic of Korea,WHO GLASS (ML Excel)
Klebsiella Pneumoniae,Cefotaxime,Republic of Korea,WHO GLASS (ML Excel)
Klebsiella Pneumoniae,Cefotaxime,Malaysia,WHO GLASS (ML Excel)
Klebsiella Pneumoniae,Cefotaxime,Malaysia,WHO GLASS (ML Excel)
Klebsiella Pneumoniae,Cefotaxime,Malaysia,WHO GLASS (ML Excel)
Klebsiella Pneumoniae,Cefotaxime,Malaysia,WHO GLASS (ML Excel)
Klebsiella Pneumoniae,Cefotaxime,Norway,WHO GLASS (ML Excel)
Klebsiella Pneumoniae,Cefotaxime,Norway,WHO GLASS (ML Excel)
Klebsiella Pneumoniae,Cefotaxime,Norway,WHO GLASS (ML Excel)
Klebsiella Pneumoniae,Cefotaxime,Norway,WHO GLASS (ML Excel)
Klebsiella Pneumoniae,Cefotaxime,Nepal,WHO GLASS (ML Excel)
Klebsiella Pneumoniae,Cefotaxime,Nepal,WHO GLASS (ML Excel)
Klebsiella Pneumoniae,Cefotaxime,Nepal,WHO GLASS (ML Excel)
Klebsiella Pneumoniae,Cefotaxime,Nepal,WHO GLASS (ML Excel)
Klebsiella Pneumoniae,Cefotaxime,Oman,WHO GLASS (ML Excel)
Klebsiella Pneumoniae,Cefotaxime,Oman,WHO GLASS (ML Excel)
Klebsiella Pneumoniae,Cefotaxime,Oman,WHO GLASS (ML Excel)
Klebsiella Pneumoniae,Cefotaxime,Oman,WHO GLASS (ML Excel)
Klebsiella Pneumoniae,Cefotaxime,Philippines,WHO GLASS (ML Excel)
Klebsiella Pneumoniae,Cefotaxime,Philippines,WHO GLASS (ML Excel)
Klebsiella Pneumoniae,Cefotaxime,Philippines,WHO GLASS (ML Excel)
Klebsiella Pneumoniae,Cefotaxime,Philippines,WHO GLASS (ML Excel)
Klebsiella Pneumoniae,Cefotaxime,Saudi Arabia,WHO GLASS (ML Excel)
Klebsiella Pneumoniae,Cefotaxime,Saudi Arabia,WHO GLASS (ML Excel)
Klebsiella Pneumoniae,Cefotaxime,Saudi Arabia,WHO GLASS (ML Excel)
Klebsiella Pneumoniae,Cefotaxime,Saudi Arabia,WHO GLASS (ML Excel)
Klebsiella Pneumoniae,Cefotaxime,Thailand,WHO GLASS (ML Excel)
Klebsiella Pneumoniae,Cefotaxime,Thailand,WHO GLASS (ML Excel)
Klebsiella Pneumoniae,Cefotaxime,Thailand,WHO GLASS (ML Excel)
Klebsiella Pneumoniae,Cefotaxime,Thailand,WHO GLASS (ML Excel)
Klebsiella Pneumoniae,Cefotaxime,Tunisia,WHO GLASS (ML Excel)
Klebsiella Pneumoniae,Cefotaxime,Tunisia,WHO GLASS (ML Excel)
Klebsiella Pneumoniae,Cefotaxime,Tunisia,WHO GLASS (ML Excel)
Klebsiella Pneumoniae,Cefotaxime,Tunisia,WHO GLASS (ML Excel)
Klebsiella Pneumoniae,Ceftazidime,United Arab Emirates,WHO GLASS (ML Excel)
Klebsiella Pneumoniae,Ceftazidime,United Arab Emirates,WHO GLASS (ML Excel)
Klebsiella Pneumoniae,Ceftazidime,United Arab Emirates,WHO GLASS (ML Excel)
Klebsiella Pneumoniae,Ceftazidime,United Arab Emirates,WHO GLASS (ML Excel)
Klebsiella Pneumoniae,Ceftazidime,Argentina,WHO GLASS (ML Excel)
Klebsiella Pneumoniae,Ceftazidime,Argentina,WHO GLASS (ML Excel)
Klebsiella Pneumoniae,Ceftazidime,Argentina,WHO GLASS (ML Excel)
Klebsiella Pneumoniae,Ceftazidime,Argentina,WHO GLASS (ML Excel)
Klebsiella Pneumoniae,Ceftazidime,Bangladesh,WHO GLASS (ML Excel)
Klebsiella Pneumoniae,Ceftazidime,Bangladesh,WHO GLASS (ML Excel)
Klebsiella Pneumoniae,Ceftazidime,Bangladesh,WHO GLASS (ML Excel)
Klebsiella Pneumoniae,Ceftazidime,Bangladesh,WHO GLASS (ML Excel)
Klebsiella Pneumoniae,Ceftazidime,Switzerland,WHO GLASS (ML Excel)
Klebsiella Pneumoniae,Ceftazidime,Switzerland,WHO GLASS (ML Excel)
Klebsiella Pneumoniae,Ceftazidime,Switzerland,WHO GLASS (ML Excel)
Klebsiella Pneumoniae,Ceftazidime,Switzerland,WHO GLASS (ML Excel)
Klebsiella Pneumoniae,Ceftazidime,Finland,WHO GLASS (ML Excel)
Klebsiella Pneumoniae,Ceftazidime,Finland,WHO GLASS (ML Excel)
Klebsiella Pneumoniae,Ceftazidime,Finland,WHO GLASS (ML Excel)
Klebsiella Pneumoniae,Ceftazidime,Finland,WHO GLASS (ML Excel)
Klebsiella Pneumoniae,Ceftazidime,United Kingdom of Great Britain and Northern Ireland,WHO GLASS (ML Excel)
Klebsiella Pneumoniae,Ceftazidime,United Kingdom of Great Britain and Northern Ireland,WHO GLASS (ML Excel)
Klebsiella Pneumoniae,Ceftazidime,United Kingdom of Great Britain and Northern Ireland,WHO GLASS (ML Excel)
Klebsiella Pneumoniae,Ceftazidime,United Kingdom of Great Britain and Northern Ireland,WHO GLASS (ML Excel)
Klebsiella Pneumoniae,Ceftazidime,India,WHO GLASS (ML Excel)
Klebsiella Pneumoniae,Ceftazidime,India,WHO GLASS (ML Excel)
Klebsiella Pneumoniae,Ceftazidime,India,WHO GLASS (ML Excel)
Klebsiella Pneumoniae,Ceftazidime,India,WHO GLASS (ML Excel)
Klebsiella Pneumoniae,Ceftazidime,Japan,WHO GLASS (ML Excel)
Klebsiella Pneumoniae,Ceftazidime,Japan,WHO GLASS (ML Excel)
Klebsiella Pneumoniae,Ceftazidime,Japan,WHO GLASS (ML Excel)
Klebsiella Pneumoniae,Ceftazidime,Japan,WHO GLASS (ML Excel)
Klebsiella Pneumoniae,Ceftazidime,Republic of Korea,WHO GLASS (ML Excel)
Klebsiella Pneumoniae,Ceftazidime,Republic of Korea,WHO GLASS (ML Excel)
Klebsiella Pneumoniae,Ceftazidime,Republic of Korea,WHO GLASS (ML Excel)
Klebsiella Pneumoniae,Ceftazidime,Republic of Korea,WHO GLASS (ML Excel)
Klebsiella Pneumoniae,Ceftazidime,Malaysia,WHO GLASS (ML Excel)
Klebsiella Pneumoniae,Ceftazidime,Malaysia,WHO GLASS (ML Excel)
Klebsiella Pneumoniae,Ceftazidime,Malaysia,WHO GLASS (ML Excel)
Klebsiella Pneumoniae,Ceftazidime,Malaysia,WHO GLASS (ML Excel)
Klebsiella Pneumoniae,Ceftazidime,Norway,WHO GLASS (ML Excel)
Klebsiella Pneumoniae,Ceftazidime,Norway,WHO GLASS (ML Excel)
Klebsiella Pneumoniae,Ceftazidime,Norway,WHO GLASS (ML Excel)
Klebsiella Pneumoniae,Ceftazidime,Norway,WHO GLASS (ML Excel)
Klebsiella Pneumoniae,Ceftazidime,Nepal,WHO GLASS (ML Excel)
Klebsiella Pneumoniae,Ceftazidime,Nepal,WHO GLASS (ML Excel)
Klebsiella Pneumoniae,Ceftazidime,Nepal,WHO GLASS (ML Excel)
Klebsiella Pneumoniae,Ceftazidime,Nepal,WHO GLASS (ML Excel)
Klebsiella Pneumoniae,Ceftazidime,Oman,WHO GLASS (ML Excel)
Klebsiella Pneumoniae,Ceftazidime,Oman,WHO GLASS (ML Excel)
Klebsiella Pneumoniae,Ceftazidime,Oman,WHO GLASS (ML Excel)
Klebsiella Pneumoniae,Ceftazidime,Oman,WHO GLASS (ML Excel)
Klebsiella Pneumoniae,Ceftazidime,Philippines,WHO GLASS (ML Excel)
Klebsiella Pneumoniae,Ceftazidime,Philippines,WHO GLASS (ML Excel)
Klebsiella Pneumoniae,Ceftazidime,Philippines,WHO GLASS (ML Excel)
Klebsiella Pneumoniae,Ceftazidime,Philippines,WHO GLASS (ML Excel)
Klebsiella Pneumoniae,Ceftazidime,Saudi Arabia,WHO GLASS (ML Excel)
Klebsiella Pneumoniae,Ceftazidime,Saudi Arabia,WHO GLASS (ML Excel)
Klebsiella Pneumoniae,Ceftazidime,Saudi Arabia,WHO GLASS (ML Excel)
Klebsiella Pneumoniae,Ceftazidime,Saudi Arabia,WHO GLASS (ML Excel)
Klebsiella Pneumoniae,Ceftazidime,Thailand,WHO GLASS (ML Excel)
Klebsiella Pneumoniae,Ceftazidime,Thailand,WHO GLASS (ML Excel)
Klebsiella Pneumoniae,Ceftazidime,Thailand,WHO GLASS (ML Excel)
Klebsiella Pneumoniae,Ceftazidime,Thailand,WHO GLASS (ML Excel)
Klebsiella Pneumoniae,Ceftazidime,Tunisia,WHO GLASS (ML Excel)
Klebsiella Pneumoniae,Ceftazidime,Tunisia,WHO GLASS (ML Excel)
Klebsiella Pneumoniae,Ceftazidime,Tunisia,WHO GLASS (ML Excel)
Klebsiella Pneumoniae,Ceftazidime,Tunisia,WHO GLASS (ML Excel)
Klebsiella Pneumoniae,Ceftriaxone,United Arab Emirates,WHO GLASS (ML Excel)
Klebsiella Pneumoniae,Ceftriaxone,United Arab Emirates,WHO GLASS (ML Excel)
Klebsiella Pneumoniae,Ceftriaxone,United Arab Emirates,WHO GLASS (ML Excel)
Klebsiella Pneumoniae,Ceftriaxone,United Arab Emirates,WHO GLASS (ML Excel)
Klebsiella Pneumoniae,Ceftriaxone,Bangladesh,WHO GLASS (ML Excel)
Klebsiella Pneumoniae,Ceftriaxone,Bangladesh,WHO GLASS (ML Excel)
Klebsiella Pneumoniae,Ceftriaxone,Bangladesh,WHO GLASS (ML Excel)
Klebsiella Pneumoniae,Ceftriaxone,Bangladesh,WHO GLASS (ML Excel)
Klebsiella Pneumoniae,Ceftriaxone,Bahrain,WHO GLASS (ML Excel)
Klebsiella Pneumoniae,Ceftriaxone,Bahrain,WHO GLASS (ML Excel)
Klebsiella Pneumoniae,Ceftriaxone,Bahrain,WHO GLASS (ML Excel)
Klebsiella Pneumoniae,Ceftriaxone,Bahrain,WHO GLASS (ML Excel)
Klebsiella Pneumoniae,Ceftriaxone,Switzerland,WHO GLASS (ML Excel)
Klebsiella Pneumoniae,Ceftriaxone,Switzerland,WHO GLASS (ML Excel)
Klebsiella Pneumoniae,Ceftriaxone,Switzerland,WHO GLASS (ML Excel)
Klebsiella Pneumoniae,Ceftriaxone,Switzerland,WHO GLASS (ML Excel)
Klebsiella Pneumoniae,Ceftriaxone,Finland,WHO GLASS (ML Excel)
Klebsiella Pneumoniae,Ceftriaxone,Finland,WHO GLASS (ML Excel)
Klebsiella Pneumoniae,Ceftriaxone,Finland,WHO GLASS (ML Excel)
Klebsiella Pneumoniae,Ceftriaxone,Finland,WHO GLASS (ML Excel)
Klebsiella Pneumoniae,Ceftriaxone,United Kingdom of Great Britain and Northern Ireland,WHO GLASS (ML Excel)
Klebsiella Pneumoniae,Ceftriaxone,United Kingdom of Great Britain and Northern Ireland,WHO GLASS (ML Excel)
Klebsiella Pneumoniae,Ceftriaxone,United Kingdom of Great Britain and Northern Ireland,WHO GLASS (ML Excel)
Klebsiella Pneumoniae,Ceftriaxone,United Kingdom of Great Britain and Northern Ireland,WHO GLASS (ML Excel)
Klebsiella Pneumoniae,Ceftriaxone,India,WHO GLASS (ML Excel)
Klebsiella Pneumoniae,Ceftriaxone,India,WHO GLASS (ML Excel)
Klebsiella Pneumoniae,Ceftriaxone,India,WHO GLASS (ML Excel)
Klebsiella Pneumoniae,Ceftriaxone,India,WHO GLASS (ML Excel)
Klebsiella Pneumoniae,Ceftriaxone,Japan,WHO GLASS (ML Excel)
Klebsiella Pneumoniae,Ceftriaxone,Japan,WHO GLASS (ML Excel)
Klebsiella Pneumoniae,Ceftriaxone,Japan,WHO GLASS (ML Excel)
Klebsiella Pneumoniae,Ceftriaxone,Japan,WHO GLASS (ML Excel)
Klebsiella Pneumoniae,Ceftriaxone,Lebanon,WHO GLASS (ML Excel)
Klebsiella Pneumoniae,Ceftriaxone,Lebanon,WHO GLASS (ML Excel)
Klebsiella Pneumoniae,Ceftriaxone,Lebanon,WHO GLASS (ML Excel)
Klebsiella Pneumoniae,Ceftriaxone,Lebanon,WHO GLASS (ML Excel)
Klebsiella Pneumoniae,Ceftriaxone,Malaysia,WHO GLASS (ML Excel)
Klebsiella Pneumoniae,Ceftriaxone,Malaysia,WHO GLASS (ML Excel)
Klebsiella Pneumoniae,Ceftriaxone,Malaysia,WHO GLASS (ML Excel)
Klebsiella Pneumoniae,Ceftriaxone,Malaysia,WHO GLASS (ML Excel)
Klebsiella Pneumoniae,Ceftriaxone,Nepal,WHO GLASS (ML Excel)
Klebsiella Pneumoniae,Ceftriaxone,Nepal,WHO GLASS (ML Excel)
Klebsiella Pneumoniae,Ceftriaxone,Nepal,WHO GLASS (ML Excel)
Klebsiella Pneumoniae,Ceftriaxone,Nepal,WHO GLASS (ML Excel)
Klebsiella Pneumoniae,Ceftriaxone,Oman,WHO GLASS (ML Excel)
Klebsiella Pneumoniae,Ceftriaxone,Oman,WHO GLASS (ML Excel)
Klebsiella Pneumoniae,Ceftriaxone,Oman,WHO GLASS (ML Excel)
Klebsiella Pneumoniae,Ceftriaxone,Oman,WHO GLASS (ML Excel)
Klebsiella Pneumoniae,Ceftriaxone,Pakistan,WHO GLASS (ML Excel)
Klebsiella Pneumoniae,Ceftriaxone,Pakistan,WHO GLASS (ML Excel)
Klebsiella Pneumoniae,Ceftriaxone,Pakistan,WHO GLASS (ML Excel)
Klebsiella Pneumoniae,Ceftriaxone,Pakistan,WHO GLASS (ML Excel)
Klebsiella Pneumoniae,Ceftriaxone,Philippines,WHO GLASS (ML Excel)
Klebsiella Pneumoniae,Ceftriaxone,Philippines,WHO GLASS (ML Excel)
Klebsiella Pneumoniae,Ceftriaxone,Philippines,WHO GLASS (ML Excel)
Klebsiella Pneumoniae,Ceftriaxone,Philippines,WHO GLASS (ML Excel)
Klebsiella Pneumoniae,Ceftriaxone,Saudi Arabia,WHO GLASS (ML Excel)
Klebsiella Pneumoniae,Ceftriaxone,Saudi Arabia,WHO GLASS (ML Excel)
Klebsiella Pneumoniae,Ceftriaxone,Saudi Arabia,WHO GLASS (ML Excel)
Klebsiella Pneumoniae,Ceftriaxone,Saudi Arabia,WHO GLASS (ML Excel)
Klebsiella Pneumoniae,Ceftriaxone,Thailand,WHO GLASS (ML Excel)
Klebsiella Pneumoniae,Ceftriaxone,Thailand,WHO GLASS (ML Excel)
Klebsiella Pneumoniae,Ceftriaxone,Thailand,WHO GLASS (ML Excel)
Klebsiella Pneumoniae,Ceftriaxone,Thailand,WHO GLASS (ML Excel)
Klebsiella Pneumoniae,Ciprofloxacin,United Arab Emirates,WHO GLASS (ML Excel)
Klebsiella Pneumoniae,Ciprofloxacin,United Arab Emirates,WHO GLASS (ML Excel)
Klebsiella Pneumoniae,Ciprofloxacin,United Arab Emirates,WHO GLASS (ML Excel)
Klebsiella Pneumoniae,Ciprofloxacin,United Arab Emirates,WHO GLASS (ML Excel)
Klebsiella Pneumoniae,Ciprofloxacin,Argentina,WHO GLASS (ML Excel)
Klebsiella Pneumoniae,Ciprofloxacin,Argentina,WHO GLASS (ML Excel)
Klebsiella Pneumoniae,Ciprofloxacin,Argentina,WHO GLASS (ML Excel)
Klebsiella Pneumoniae,Ciprofloxacin,Argentina,WHO GLASS (ML Excel)
Klebsiella Pneumoniae,Ciprofloxacin,Bangladesh,WHO GLASS (ML Excel)
Klebsiella Pneumoniae,Ciprofloxacin,Bangladesh,WHO GLASS (ML Excel)
Klebsiella Pneumoniae,Ciprofloxacin,Bangladesh,WHO GLASS (ML Excel)
Klebsiella Pneumoniae,Ciprofloxacin,Bangladesh,WHO GLASS (ML Excel)
Klebsiella Pneumoniae,Ciprofloxacin,Switzerland,WHO GLASS (ML Excel)
Klebsiella Pneumoniae,Ciprofloxacin,Switzerland,WHO GLASS (ML Excel)
Klebsiella Pneumoniae,Ciprofloxacin,Switzerland,WHO GLASS (ML Excel)
Klebsiella Pneumoniae,Ciprofloxacin,Switzerland,WHO GLASS (ML Excel)
Klebsiella Pneumoniae,Ciprofloxacin,Finland,WHO GLASS (ML Excel)
Klebsiella Pneumoniae,Ciprofloxacin,Finland,WHO GLASS (ML Excel)
Klebsiella Pneumoniae,Ciprofloxacin,Finland,WHO GLASS (ML Excel)
Klebsiella Pneumoniae,Ciprofloxacin,Finland,WHO GLASS (ML Excel)
Klebsiella Pneumoniae,Ciprofloxacin,United Kingdom of Great Britain and Northern Ireland,WHO GLASS (ML Excel)
Klebsiella Pneumoniae,Ciprofloxacin,United Kingdom of Great Britain and Northern Ireland,WHO GLASS (ML Excel)
Klebsiella Pneumoniae,Ciprofloxacin,United Kingdom of Great Britain and Northern Ireland,WHO GLASS (ML Excel)
Klebsiella Pneumoniae,Ciprofloxacin,United Kingdom of Great Britain and Northern Ireland,WHO GLASS (ML Excel)
Klebsiella Pneumoniae,Ciprofloxacin,India,WHO GLASS (ML Excel)
Klebsiella Pneumoniae,Ciprofloxacin,India,WHO GLASS (ML Excel)
Klebsiella Pneumoniae,Ciprofloxacin,India,WHO GLASS (ML Excel)
Klebsiella Pneumoniae,Ciprofloxacin,India,WHO GLASS (ML Excel)
Klebsiella Pneumoniae,Ciprofloxacin,Japan,WHO GLASS (ML Excel)
Klebsiella Pneumoniae,Ciprofloxacin,Japan,WHO GLASS (ML Excel)
Klebsiella Pneumoniae,Ciprofloxacin,Japan,WHO GLASS (ML Excel)
Klebsiella Pneumoniae,Ciprofloxacin,Japan,WHO GLASS (ML Excel)
Klebsiella Pneumoniae,Ciprofloxacin,Republic of Korea,WHO GLASS (ML Excel)
Klebsiella Pneumoniae,Ciprofloxacin,Republic of Korea,WHO GLASS (ML Excel)
Klebsiella Pneumoniae,Ciprofloxacin,Republic of Korea,WHO GLASS (ML Excel)
Klebsiella Pneumoniae,Ciprofloxacin,Republic of Korea,WHO GLASS (ML Excel)
Klebsiella Pneumoniae,Ciprofloxacin,Lao People's Democratic Republic,WHO GLASS (ML Excel)
Klebsiella Pneumoniae,Ciprofloxacin,Lao People's Democratic Republic,WHO GLASS (ML Excel)
Klebsiella Pneumoniae,Ciprofloxacin,Lao People's Democratic Republic,WHO GLASS (ML Excel)
Klebsiella Pneumoniae,Ciprofloxacin,Lao People's Democratic Republic,WHO GLASS (ML Excel)
Klebsiella Pneumoniae,Ciprofloxacin,Lebanon,WHO GLASS (ML Excel)
Klebsiella Pneumoniae,Ciprofloxacin,Lebanon,WHO GLASS (ML Excel)
Klebsiella Pneumoniae,Ciprofloxacin,Lebanon,WHO GLASS (ML Excel)
Klebsiella Pneumoniae,Ciprofloxacin,Lebanon,WHO GLASS (ML Excel)
Klebsiella Pneumoniae,Ciprofloxacin,Malaysia,WHO GLASS (ML Excel)
Klebsiella Pneumoniae,Ciprofloxacin,Malaysia,WHO GLASS (ML Excel)
Klebsiella Pneumoniae,Ciprofloxacin,Malaysia,WHO GLASS (ML Excel)
Klebsiella Pneumoniae,Ciprofloxacin,Malaysia,WHO GLASS (ML Excel)
Klebsiella Pneumoniae,Ciprofloxacin,Norway,WHO GLASS (ML Excel)
Klebsiella Pneumoniae,Ciprofloxacin,Norway,WHO GLASS (ML Excel)
Klebsiella Pneumoniae,Ciprofloxacin,Norway,WHO GLASS (ML Excel)
Klebsiella Pneumoniae,Ciprofloxacin,Norway,WHO GLASS (ML Excel)
Klebsiella Pneumoniae,Ciprofloxacin,Nepal,WHO GLASS (ML Excel)
Klebsiella Pneumoniae,Ciprofloxacin,Nepal,WHO GLASS (ML Excel)
Klebsiella Pneumoniae,Ciprofloxacin,Nepal,WHO GLASS (ML Excel)
Klebsiella Pneumoniae,Ciprofloxacin,Nepal,WHO GLASS (ML Excel)
Klebsiella Pneumoniae,Ciprofloxacin,Oman,WHO GLASS (ML Excel)
Klebsiella Pneumoniae,Ciprofloxacin,Oman,WHO GLASS (ML Excel)
Klebsiella Pneumoniae,Ciprofloxacin,Oman,WHO GLASS (ML Excel)
Klebsiella Pneumoniae,Ciprofloxacin,Oman,WHO GLASS (ML Excel)
Klebsiella Pneumoniae,Ciprofloxacin,Pakistan,WHO GLASS (ML Excel)
Klebsiella Pneumoniae,Ciprofloxacin,Pakistan,WHO GLASS (ML Excel)
Klebsiella Pneumoniae,Ciprofloxacin,Pakistan,WHO GLASS (ML Excel)
Klebsiella Pneumoniae,Ciprofloxacin,Pakistan,WHO GLASS (ML Excel)
Klebsiella Pneumoniae,Ciprofloxacin,Philippines,WHO GLASS (ML Excel)
Klebsiella Pneumoniae,Ciprofloxacin,Philippines,WHO GLASS (ML Excel)
Klebsiella Pneumoniae,Ciprofloxacin,Philippines,WHO GLASS (ML Excel)
Klebsiella Pneumoniae,Ciprofloxacin,Philippines,WHO GLASS (ML Excel)
Klebsiella Pneumoniae,Ciprofloxacin,Saudi Arabia,WHO GLASS (ML Excel)
Klebsiella Pneumoniae,Ciprofloxacin,Saudi Arabia,WHO GLASS (ML Excel)
Klebsiella Pneumoniae,Ciprofloxacin,Saudi Arabia,WHO GLASS (ML Excel)
Klebsiella Pneumoniae,Ciprofloxacin,Saudi Arabia,WHO GLASS (ML Excel)
Klebsiella Pneumoniae,Ciprofloxacin,Sweden,WHO GLASS (ML Excel)
Klebsiella Pneumoniae,Ciprofloxacin,Sweden,WHO GLASS (ML Excel)
Klebsiella Pneumoniae,Ciprofloxacin,Sweden,WHO GLASS (ML Excel)
Klebsiella Pneumoniae,Ciprofloxacin,Sweden,WHO GLASS (ML Excel)
Klebsiella Pneumoniae,Ciprofloxacin,Thailand,WHO GLASS (ML Excel)
Klebsiella Pneumoniae,Ciprofloxacin,Thailand,WHO GLASS (ML Excel)
Klebsiella Pneumoniae,Ciprofloxacin,Thailand,WHO GLASS (ML Excel)
Klebsiella Pneumoniae,Ciprofloxacin,Thailand,WHO GLASS (ML Excel)
Klebsiella Pneumoniae,Ciprofloxacin,Tunisia,WHO GLASS (ML Excel)
Klebsiella Pneumoniae,Ciprofloxacin,Tunisia,WHO GLASS (ML Excel)
Klebsiella Pneumoniae,Ciprofloxacin,Tunisia,WHO GLASS (ML Excel)
Klebsiella Pneumoniae,Ciprofloxacin,Tunisia,WHO GLASS (ML Excel)
Klebsiella Pneumoniae,Co-Trimoxazole,United Arab Emirates,WHO GLASS (ML Excel)
Klebsiella Pneumoniae,Co-Trimoxazole,United Arab Emirates,WHO GLASS (ML Excel)
Klebsiella Pneumoniae,Co-Trimoxazole,United Arab Emirates,WHO GLASS (ML Excel)
Klebsiella Pneumoniae,Co-Trimoxazole,United Arab Emirates,WHO GLASS (ML Excel)
Klebsiella Pneumoniae,Co-Trimoxazole,Argentina,WHO GLASS (ML Excel)
Klebsiella Pneumoniae,Co-Trimoxazole,Argentina,WHO GLASS (ML Excel)
Klebsiella Pneumoniae,Co-Trimoxazole,Argentina,WHO GLASS (ML Excel)
Klebsiella Pneumoniae,Co-Trimoxazole,Argentina,WHO GLASS (ML Excel)
Klebsiella Pneumoniae,Co-Trimoxazole,Bahrain,WHO GLASS (ML Excel)
Klebsiella Pneumoniae,Co-Trimoxazole,Bahrain,WHO GLASS (ML Excel)
Klebsiella Pneumoniae,Co-Trimoxazole,Bahrain,WHO GLASS (ML Excel)
Klebsiella Pneumoniae,Co-Trimoxazole,Bahrain,WHO GLASS (ML Excel)
Klebsiella Pneumoniae,Co-Trimoxazole,Switzerland,WHO GLASS (ML Excel)
Klebsiella Pneumoniae,Co-Trimoxazole,Switzerland,WHO GLASS (ML Excel)
Klebsiella Pneumoniae,Co-Trimoxazole,Switzerland,WHO GLASS (ML Excel)
Klebsiella Pneumoniae,Co-Trimoxazole,Switzerland,WHO GLASS (ML Excel)
Klebsiella Pneumoniae,Co-Trimoxazole,Finland,WHO GLASS (ML Excel)
Klebsiella Pneumoniae,Co-Trimoxazole,Finland,WHO GLASS (ML Excel)
Klebsiella Pneumoniae,Co-Trimoxazole,Finland,WHO GLASS (ML Excel)
Klebsiella Pneumoniae,Co-Trimoxazole,Finland,WHO GLASS (ML Excel)
Klebsiella Pneumoniae,Co-Trimoxazole,United Kingdom of Great Britain and Northern Ireland,WHO GLASS (ML Excel)
Klebsiella Pneumoniae,Co-Trimoxazole,United Kingdom of Great Britain and Northern Ireland,WHO GLASS (ML Excel)
Klebsiella Pneumoniae,Co-Trimoxazole,United Kingdom of Great Britain and Northern Ireland,WHO GLASS (ML Excel)
Klebsiella Pneumoniae,Co-Trimoxazole,United Kingdom of Great Britain and Northern Ireland,WHO GLASS (ML Excel)
Klebsiella Pneumoniae,Co-Trimoxazole,India,WHO GLASS (ML Excel)
Klebsiella Pneumoniae,Co-Trimoxazole,India,WHO GLASS (ML Excel)
Klebsiella Pneumoniae,Co-Trimoxazole,India,WHO GLASS (ML Excel)
Klebsiella Pneumoniae,Co-Trimoxazole,India,WHO GLASS (ML Excel)
Klebsiella Pneumoniae,Co-Trimoxazole,Republic of Korea,WHO GLASS (ML Excel)
Klebsiella Pneumoniae,Co-Trimoxazole,Republic of Korea,WHO GLASS (ML Excel)
Klebsiella Pneumoniae,Co-Trimoxazole,Republic of Korea,WHO GLASS (ML Excel)
Klebsiella Pneumoniae,Co-Trimoxazole,Republic of Korea,WHO GLASS (ML Excel)
Klebsiella Pneumoniae,Co-Trimoxazole,Lao People's Democratic Republic,WHO GLASS (ML Excel)
Klebsiella Pneumoniae,Co-Trimoxazole,Lao People's Democratic Republic,WHO GLASS (ML Excel)
Klebsiella Pneumoniae,Co-Trimoxazole,Lao People's Democratic Republic,WHO GLASS (ML Excel)
Klebsiella Pneumoniae,Co-Trimoxazole,Lao People's Democratic Republic,WHO GLASS (ML Excel)
Klebsiella Pneumoniae,Co-Trimoxazole,Malaysia,WHO GLASS (ML Excel)
Klebsiella Pneumoniae,Co-Trimoxazole,Malaysia,WHO GLASS (ML Excel)
Klebsiella Pneumoniae,Co-Trimoxazole,Malaysia,WHO GLASS (ML Excel)
Klebsiella Pneumoniae,Co-Trimoxazole,Malaysia,WHO GLASS (ML Excel)
Klebsiella Pneumoniae,Co-Trimoxazole,Norway,WHO GLASS (ML Excel)
Klebsiella Pneumoniae,Co-Trimoxazole,Norway,WHO GLASS (ML Excel)
Klebsiella Pneumoniae,Co-Trimoxazole,Norway,WHO GLASS (ML Excel)
Klebsiella Pneumoniae,Co-Trimoxazole,Norway,WHO GLASS (ML Excel)
Klebsiella Pneumoniae,Co-Trimoxazole,Oman,WHO GLASS (ML Excel)
Klebsiella Pneumoniae,Co-Trimoxazole,Oman,WHO GLASS (ML Excel)
Klebsiella Pneumoniae,Co-Trimoxazole,Oman,WHO GLASS (ML Excel)
Klebsiella Pneumoniae,Co-Trimoxazole,Oman,WHO GLASS (ML Excel)
Klebsiella Pneumoniae,Co-Trimoxazole,Pakistan,WHO GLASS (ML Excel)
Klebsiella Pneumoniae,Co-Trimoxazole,Pakistan,WHO GLASS (ML Excel)
Klebsiella Pneumoniae,Co-Trimoxazole,Pakistan,WHO GLASS (ML Excel)
Klebsiella Pneumoniae,Co-Trimoxazole,Pakistan,WHO GLASS (ML Excel)
Klebsiella Pneumoniae,Co-Trimoxazole,Philippines,WHO GLASS (ML Excel)
Klebsiella Pneumoniae,Co-Trimoxazole,Philippines,WHO GLASS (ML Excel)
Klebsiella Pneumoniae,Co-Trimoxazole,Philippines,WHO GLASS (ML Excel)
Klebsiella Pneumoniae,Co-Trimoxazole,Philippines,WHO GLASS (ML Excel)
Klebsiella Pneumoniae,Co-Trimoxazole,Saudi Arabia,WHO GLASS (ML Excel)
Klebsiella Pneumoniae,Co-Trimoxazole,Saudi Arabia,WHO GLASS (ML Excel)
Klebsiella Pneumoniae,Co-Trimoxazole,Saudi Arabia,WHO GLASS (ML Excel)
Klebsiella Pneumoniae,Co-Trimoxazole,Saudi Arabia,WHO GLASS (ML Excel)
Klebsiella Pneumoniae,Co-Trimoxazole,Sweden,WHO GLASS (ML Excel)
Klebsiella Pneumoniae,Co-Trimoxazole,Sweden,WHO GLASS (ML Excel)
Klebsiella Pneumoniae,Co-Trimoxazole,Sweden,WHO GLASS (ML Excel)
Klebsiella Pneumoniae,Co-Trimoxazole,Sweden,WHO GLASS (ML Excel)
Klebsiella Pneumoniae,Co-Trimoxazole,Thailand,WHO GLASS (ML Excel)
Klebsiella Pneumoniae,Co-Trimoxazole,Thailand,WHO GLASS (ML Excel)
Klebsiella Pneumoniae,Co-Trimoxazole,Thailand,WHO GLASS (ML Excel)
Klebsiella Pneumoniae,Co-Trimoxazole,Thailand,WHO GLASS (ML Excel)
Klebsiella Pneumoniae,Colistin,United Arab Emirates,WHO GLASS (ML Excel)
Klebsiella Pneumoniae,Colistin,United Arab Emirates,WHO GLASS (ML Excel)
Klebsiella Pneumoniae,Colistin,United Arab Emirates,WHO GLASS (ML Excel)
Klebsiella Pneumoniae,Colistin,United Arab Emirates,WHO GLASS (ML Excel)
Klebsiella Pneumoniae,Colistin,Argentina,WHO GLASS (ML Excel)
Klebsiella Pneumoniae,Colistin,Argentina,WHO GLASS (ML Excel)
Klebsiella Pneumoniae,Colistin,Argentina,WHO GLASS (ML Excel)
Klebsiella Pneumoniae,Colistin,Argentina,WHO GLASS (ML Excel)
Klebsiella Pneumoniae,Colistin,Bahrain,WHO GLASS (ML Excel)
Klebsiella Pneumoniae,Colistin,Bahrain,WHO GLASS (ML Excel)
Klebsiella Pneumoniae,Colistin,Bahrain,WHO GLASS (ML Excel)
Klebsiella Pneumoniae,Colistin,Bahrain,WHO GLASS (ML Excel)
Klebsiella Pneumoniae,Colistin,Switzerland,WHO GLASS (ML Excel)
Klebsiella Pneumoniae,Colistin,Switzerland,WHO GLASS (ML Excel)
Klebsiella Pneumoniae,Colistin,Switzerland,WHO GLASS (ML Excel)
Klebsiella Pneumoniae,Colistin,Switzerland,WHO GLASS (ML Excel)
Klebsiella Pneumoniae,Colistin,Malaysia,WHO GLASS (ML Excel)
Klebsiella Pneumoniae,Colistin,Malaysia,WHO GLASS (ML Excel)
Klebsiella Pneumoniae,Colistin,Malaysia,WHO GLASS (ML Excel)
Klebsiella Pneumoniae,Colistin,Malaysia,WHO GLASS (ML Excel)
Klebsiella Pneumoniae,Colistin,Oman,WHO GLASS (ML Excel)
Klebsiella Pneumoniae,Colistin,Oman,WHO GLASS (ML Excel)
Klebsiella Pneumoniae,Colistin,Oman,WHO GLASS (ML Excel)
Klebsiella Pneumoniae,Colistin,Oman,WHO GLASS (ML Excel)
Klebsiella Pneumoniae,Colistin,Philippines,WHO GLASS (ML Excel)
Klebsiella Pneumoniae,Colistin,Philippines,WHO GLASS (ML Excel)
Klebsiella Pneumoniae,Colistin,Philippines,WHO GLASS (ML Excel)
Klebsiella Pneumoniae,Colistin,Philippines,WHO GLASS (ML Excel)
Klebsiella Pneumoniae,Colistin,Saudi Arabia,WHO GLASS (ML Excel)
Klebsiella Pneumoniae,Colistin,Saudi Arabia,WHO GLASS (ML Excel)
Klebsiella Pneumoniae,Colistin,Saudi Arabia,WHO GLASS (ML Excel)
Klebsiella Pneumoniae,Colistin,Saudi Arabia,WHO GLASS (ML Excel)
Klebsiella Pneumoniae,Colistin,Tunisia,WHO GLASS (ML Excel)
Klebsiella Pneumoniae,Colistin,Tunisia,WHO GLASS (ML Excel)
Klebsiella Pneumoniae,Colistin,Tunisia,WHO GLASS (ML Excel)
Klebsiella Pneumoniae,Colistin,Tunisia,WHO GLASS (ML Excel)
Escherichia Coli,Cefotaxime,United Arab Emirates,WHO GLASS (ML Excel)
Escherichia Coli,Cefotaxime,United Arab Emirates,WHO GLASS (ML Excel)
Escherichia Coli,Cefotaxime,United Arab Emirates,WHO GLASS (ML Excel)
Escherichia Coli,Cefotaxime,United Arab Emirates,WHO GLASS (ML Excel)
Escherichia Coli,Cefotaxime,Argentina,WHO GLASS (ML Excel)
Escherichia Coli,Cefotaxime,Argentina,WHO GLASS (ML Excel)
Escherichia Coli,Cefotaxime,Argentina,WHO GLASS (ML Excel)
Escherichia Coli,Cefotaxime,Argentina,WHO GLASS (ML Excel)
Escherichia Coli,Cefotaxime,Switzerland,WHO GLASS (ML Excel)
Escherichia Coli,Cefotaxime,Switzerland,WHO GLASS (ML Excel)
Escherichia Coli,Cefotaxime,Switzerland,WHO GLASS (ML Excel)
Escherichia Coli,Cefotaxime,Switzerland,WHO GLASS (ML Excel)
Escherichia Coli,Cefotaxime,United Kingdom of Great Britain and Northern Ireland,WHO GLASS (ML Excel)
Escherichia Coli,Cefotaxime,United Kingdom of Great Britain and Northern Ireland,WHO GLASS (ML Excel)
Escherichia Coli,Cefotaxime,United Kingdom of Great Britain and Northern Ireland,WHO GLASS (ML Excel)
Escherichia Coli,Cefotaxime,United Kingdom of Great Britain and Northern Ireland,WHO GLASS (ML Excel)
Escherichia Coli,Cefotaxime,India,WHO GLASS (ML Excel)
Escherichia Coli,Cefotaxime,India,WHO GLASS (ML Excel)
Escherichia Coli,Cefotaxime,India,WHO GLASS (ML Excel)
Escherichia Coli,Cefotaxime,India,WHO GLASS (ML Excel)
Escherichia Coli,Cefotaxime,Japan,WHO GLASS (ML Excel)
Escherichia Coli,Cefotaxime,Japan,WHO GLASS (ML Excel)
Escherichia Coli,Cefotaxime,Japan,WHO GLASS (ML Excel)
Escherichia Coli,Cefotaxime,Japan,WHO GLASS (ML Excel)
Escherichia Coli,Cefotaxime,Republic of Korea,WHO GLASS (ML Excel)
Escherichia Coli,Cefotaxime,Republic of Korea,WHO GLASS (ML Excel)
Escherichia Coli,Cefotaxime,Republic of Korea,WHO GLASS (ML Excel)
Escherichia Coli,Cefotaxime,Republic of Korea,WHO GLASS (ML Excel)
Escherichia Coli,Cefotaxime,Lebanon,WHO GLASS (ML Excel)
Escherichia Coli,Cefotaxime,Lebanon,WHO GLASS (ML Excel)
Escherichia Coli,Cefotaxime,Lebanon,WHO GLASS (ML Excel)
Escherichia Coli,Cefotaxime,Lebanon,WHO GLASS (ML Excel)
Escherichia Coli,Cefotaxime,Malaysia,WHO GLASS (ML Excel)
Escherichia Coli,Cefotaxime,Malaysia,WHO GLASS (ML Excel)
Escherichia Coli,Cefotaxime,Malaysia,WHO GLASS (ML Excel)
Escherichia Coli,Cefotaxime,Malaysia,WHO GLASS (ML Excel)
Escherichia Coli,Cefotaxime,Norway,WHO GLASS (ML Excel)
Escherichia Coli,Cefotaxime,Norway,WHO GLASS (ML Excel)
Escherichia Coli,Cefotaxime,Norway,WHO GLASS (ML Excel)
Escherichia Coli,Cefotaxime,Norway,WHO GLASS (ML Excel)
Escherichia Coli,Cefotaxime,Nepal,WHO GLASS (ML Excel)
Escherichia Coli,Cefotaxime,Nepal,WHO GLASS (ML Excel)
Escherichia Coli,Cefotaxime,Nepal,WHO GLASS (ML Excel)
Escherichia Coli,Cefotaxime,Nepal,WHO GLASS (ML Excel)
Escherichia Coli,Cefotaxime,Oman,WHO GLASS (ML Excel)
Escherichia Coli,Cefotaxime,Oman,WHO GLASS (ML Excel)
Escherichia Coli,Cefotaxime,Oman,WHO GLASS (ML Excel)
Escherichia Coli,Cefotaxime,Oman,WHO GLASS (ML Excel)
Escherichia Coli,Cefotaxime,Pakistan,WHO GLASS (ML Excel)
Escherichia Coli,Cefotaxime,Pakistan,WHO GLASS (ML Excel)
Escherichia Coli,Cefotaxime,Pakistan,WHO GLASS (ML Excel)
Escherichia Coli,Cefotaxime,Pakistan,WHO GLASS (ML Excel)
Escherichia Coli,Cefotaxime,Philippines,WHO GLASS (ML Excel)
Escherichia Coli,Cefotaxime,Philippines,WHO GLASS (ML Excel)
Escherichia Coli,Cefotaxime,Philippines,WHO GLASS (ML Excel)
Escherichia Coli,Cefotaxime,Philippines,WHO GLASS (ML Excel)
Escherichia Coli,Cefotaxime,Saudi Arabia,WHO GLASS (ML Excel)
Escherichia Coli,Cefotaxime,Saudi Arabia,WHO GLASS (ML Excel)
Escherichia Coli,Cefotaxime,Saudi Arabia,WHO GLASS (ML Excel)
Escherichia Coli,Cefotaxime,Saudi Arabia,WHO GLASS (ML Excel)
Escherichia Coli,Cefotaxime,Thailand,WHO GLASS (ML Excel)
Escherichia Coli,Cefotaxime,Thailand,WHO GLASS (ML Excel)
Escherichia Coli,Cefotaxime,Thailand,WHO GLASS (ML Excel)
Escherichia Coli,Cefotaxime,Thailand,WHO GLASS (ML Excel)
Escherichia Coli,Cefotaxime,Tunisia,WHO GLASS (ML Excel)
Escherichia Coli,Cefotaxime,Tunisia,WHO GLASS (ML Excel)
Escherichia Coli,Cefotaxime,Tunisia,WHO GLASS (ML Excel)
Escherichia Coli,Cefotaxime,Tunisia,WHO GLASS (ML Excel)
Klebsiella Pneumoniae,Doripenem,Malaysia,WHO GLASS (ML Excel)
Klebsiella Pneumoniae,Doripenem,Malaysia,WHO GLASS (ML Excel)
Klebsiella Pneumoniae,Doripenem,Malaysia,WHO GLASS (ML Excel)
Klebsiella Pneumoniae,Doripenem,Malaysia,WHO GLASS (ML Excel)
Klebsiella Pneumoniae,Doripenem,Philippines,WHO GLASS (ML Excel)
Klebsiella Pneumoniae,Doripenem,Philippines,WHO GLASS (ML Excel)
Klebsiella Pneumoniae,Doripenem,Philippines,WHO GLASS (ML Excel)
Klebsiella Pneumoniae,Doripenem,Philippines,WHO GLASS (ML Excel)
Klebsiella Pneumoniae,Ertapenem,United Arab Emirates,WHO GLASS (ML Excel)
Klebsiella Pneumoniae,Ertapenem,United Arab Emirates,WHO GLASS (ML Excel)
Klebsiella Pneumoniae,Ertapenem,United Arab Emirates,WHO GLASS (ML Excel)
Klebsiella Pneumoniae,Ertapenem,United Arab Emirates,WHO GLASS (ML Excel)
Klebsiella Pneumoniae,Ertapenem,Bahrain,WHO GLASS (ML Excel)
Klebsiella Pneumoniae,Ertapenem,Bahrain,WHO GLASS (ML Excel)
Klebsiella Pneumoniae,Ertapenem,Bahrain,WHO GLASS (ML Excel)
Klebsiella Pneumoniae,Ertapenem,Bahrain,WHO GLASS (ML Excel)
Klebsiella Pneumoniae,Ertapenem,Switzerland,WHO GLASS (ML Excel)
Klebsiella Pneumoniae,Ertapenem,Switzerland,WHO GLASS (ML Excel)
Klebsiella Pneumoniae,Ertapenem,Switzerland,WHO GLASS (ML Excel)
Klebsiella Pneumoniae,Ertapenem,Switzerland,WHO GLASS (ML Excel)
Klebsiella Pneumoniae,Ertapenem,United Kingdom of Great Britain and Northern Ireland,WHO GLASS (ML Excel)
Klebsiella Pneumoniae,Ertapenem,United Kingdom of Great Britain and Northern Ireland,WHO GLASS (ML Excel)
Klebsiella Pneumoniae,Ertapenem,United Kingdom of Great Britain and Northern Ireland,WHO GLASS (ML Excel)
Klebsiella Pneumoniae,Ertapenem,United Kingdom of Great Britain and Northern Ireland,WHO GLASS (ML Excel)
Klebsiella Pneumoniae,Ertapenem,India,WHO GLASS (ML Excel)
Klebsiella Pneumoniae,Ertapenem,India,WHO GLASS (ML Excel)
Klebsiella Pneumoniae,Ertapenem,India,WHO GLASS (ML Excel)
Klebsiella Pneumoniae,Ertapenem,India,WHO GLASS (ML Excel)
Klebsiella Pneumoniae,Ertapenem,Republic of Korea,WHO GLASS (ML Excel)
Klebsiella Pneumoniae,Ertapenem,Republic of Korea,WHO GLASS (ML Excel)
Klebsiella Pneumoniae,Ertapenem,Republic of Korea,WHO GLASS (ML Excel)
Klebsiella Pneumoniae,Ertapenem,Republic of Korea,WHO GLASS (ML Excel)
Klebsiella Pneumoniae,Ertapenem,Malaysia,WHO GLASS (ML Excel)
Klebsiella Pneumoniae,Ertapenem,Malaysia,WHO GLASS (ML Excel)
Klebsiella Pneumoniae,Ertapenem,Malaysia,WHO GLASS (ML Excel)
Klebsiella Pneumoniae,Ertapenem,Malaysia,WHO GLASS (ML Excel)
Klebsiella Pneumoniae,Ertapenem,Oman,WHO GLASS (ML Excel)
Klebsiella Pneumoniae,Ertapenem,Oman,WHO GLASS (ML Excel)
Klebsiella Pneumoniae,Ertapenem,Oman,WHO GLASS (ML Excel)
Klebsiella Pneumoniae,Ertapenem,Oman,WHO GLASS (ML Excel)
Klebsiella Pneumoniae,Ertapenem,Philippines,WHO GLASS (ML Excel)
Klebsiella Pneumoniae,Ertapenem,Philippines,WHO GLASS (ML Excel)
Klebsiella Pneumoniae,Ertapenem,Philippines,WHO GLASS (ML Excel)
Klebsiella Pneumoniae,Ertapenem,Philippines,WHO GLASS (ML Excel)
Klebsiella Pneumoniae,Ertapenem,Saudi Arabia,WHO GLASS (ML Excel)
Klebsiella Pneumoniae,Ertapenem,Saudi Arabia,WHO GLASS (ML Excel)
Klebsiella Pneumoniae,Ertapenem,Saudi Arabia,WHO GLASS (ML Excel)
Klebsiella Pneumoniae,Ertapenem,Saudi Arabia,WHO GLASS (ML Excel)
Klebsiella Pneumoniae,Ertapenem,Thailand,WHO GLASS (ML Excel)
Klebsiella Pneumoniae,Ertapenem,Thailand,WHO GLASS (ML Excel)
Klebsiella Pneumoniae,Ertapenem,Thailand,WHO GLASS (ML Excel)
Klebsiella Pneumoniae,Ertapenem,Thailand,WHO GLASS (ML Excel)
Klebsiella Pneumoniae,Ertapenem,Tunisia,WHO GLASS (ML Excel)
Klebsiella Pneumoniae,Ertapenem,Tunisia,WHO GLASS (ML Excel)
Klebsiella Pneumoniae,Ertapenem,Tunisia,WHO GLASS (ML Excel)
Klebsiella Pneumoniae,Ertapenem,Tunisia,WHO GLASS (ML Excel)
Klebsiella Pneumoniae,Imipenem,United Arab Emirates,WHO GLASS (ML Excel)
Klebsiella Pneumoniae,Imipenem,United Arab Emirates,WHO GLASS (ML Excel)
Klebsiella Pneumoniae,Imipenem,United Arab Emirates,WHO GLASS (ML Excel)
Klebsiella Pneumoniae,Imipenem,United Arab Emirates,WHO GLASS (ML Excel)
Klebsiella Pneumoniae,Imipenem,Argentina,WHO GLASS (ML Excel)
Klebsiella Pneumoniae,Imipenem,Argentina,WHO GLASS (ML Excel)
Klebsiella Pneumoniae,Imipenem,Argentina,WHO GLASS (ML Excel)
Klebsiella Pneumoniae,Imipenem,Argentina,WHO GLASS (ML Excel)
Klebsiella Pneumoniae,Imipenem,Bangladesh,WHO GLASS (ML Excel)
Klebsiella Pneumoniae,Imipenem,Bangladesh,WHO GLASS (ML Excel)
Klebsiella Pneumoniae,Imipenem,Bangladesh,WHO GLASS (ML Excel)
Klebsiella Pneumoniae,Imipenem,Bangladesh,WHO GLASS (ML Excel)
Klebsiella Pneumoniae,Imipenem,Bahrain,WHO GLASS (ML Excel)
Klebsiella Pneumoniae,Imipenem,Bahrain,WHO GLASS (ML Excel)
Klebsiella Pneumoniae,Imipenem,Bahrain,WHO GLASS (ML Excel)
Klebsiella Pneumoniae,Imipenem,Bahrain,WHO GLASS (ML Excel)
Klebsiella Pneumoniae,Imipenem,Switzerland,WHO GLASS (ML Excel)
Klebsiella Pneumoniae,Imipenem,Switzerland,WHO GLASS (ML Excel)
Klebsiella Pneumoniae,Imipenem,Switzerland,WHO GLASS (ML Excel)
Klebsiella Pneumoniae,Imipenem,Switzerland,WHO GLASS (ML Excel)
Klebsiella Pneumoniae,Imipenem,United Kingdom of Great Britain and Northern Ireland,WHO GLASS (ML Excel)
Klebsiella Pneumoniae,Imipenem,United Kingdom of Great Britain and Northern Ireland,WHO GLASS (ML Excel)
Klebsiella Pneumoniae,Imipenem,United Kingdom of Great Britain and Northern Ireland,WHO GLASS (ML Excel)
Klebsiella Pneumoniae,Imipenem,United Kingdom of Great Britain and Northern Ireland,WHO GLASS (ML Excel)
Klebsiella Pneumoniae,Imipenem,India,WHO GLASS (ML Excel)
Klebsiella Pneumoniae,Imipenem,India,WHO GLASS (ML Excel)
Klebsiella Pneumoniae,Imipenem,India,WHO GLASS (ML Excel)
Klebsiella Pneumoniae,Imipenem,India,WHO GLASS (ML Excel)
Klebsiella Pneumoniae,Imipenem,Japan,WHO GLASS (ML Excel)
Klebsiella Pneumoniae,Imipenem,Japan,WHO GLASS (ML Excel)
Klebsiella Pneumoniae,Imipenem,Japan,WHO GLASS (ML Excel)
Klebsiella Pneumoniae,Imipenem,Japan,WHO GLASS (ML Excel)
Klebsiella Pneumoniae,Imipenem,Republic of Korea,WHO GLASS (ML Excel)
Klebsiella Pneumoniae,Imipenem,Republic of Korea,WHO GLASS (ML Excel)
Klebsiella Pneumoniae,Imipenem,Republic of Korea,WHO GLASS (ML Excel)
Klebsiella Pneumoniae,Imipenem,Republic of Korea,WHO GLASS (ML Excel)
Klebsiella Pneumoniae,Imipenem,Malaysia,WHO GLASS (ML Excel)
Klebsiella Pneumoniae,Imipenem,Malaysia,WHO GLASS (ML Excel)
Klebsiella Pneumoniae,Imipenem,Malaysia,WHO GLASS (ML Excel)
Klebsiella Pneumoniae,Imipenem,Malaysia,WHO GLASS (ML Excel)
Klebsiella Pneumoniae,Imipenem,Nepal,WHO GLASS (ML Excel)
Klebsiella Pneumoniae,Imipenem,Nepal,WHO GLASS (ML Excel)
Klebsiella Pneumoniae,Imipenem,Nepal,WHO GLASS (ML Excel)
Klebsiella Pneumoniae,Imipenem,Nepal,WHO GLASS (ML Excel)
Klebsiella Pneumoniae,Imipenem,Oman,WHO GLASS (ML Excel)
Klebsiella Pneumoniae,Imipenem,Oman,WHO GLASS (ML Excel)
Klebsiella Pneumoniae,Imipenem,Oman,WHO GLASS (ML Excel)
Klebsiella Pneumoniae,Imipenem,Oman,WHO GLASS (ML Excel)
Klebsiella Pneumoniae,Imipenem,Pakistan,WHO GLASS (ML Excel)
Klebsiella Pneumoniae,Imipenem,Pakistan,WHO GLASS (ML Excel)
Klebsiella Pneumoniae,Imipenem,Pakistan,WHO GLASS (ML Excel)
Klebsiella Pneumoniae,Imipenem,Pakistan,WHO GLASS (ML Excel)
Klebsiella Pneumoniae,Imipenem,Philippines,WHO GLASS (ML Excel)
Klebsiella Pneumoniae,Imipenem,Philippines,WHO GLASS (ML Excel)
Klebsiella Pneumoniae,Imipenem,Philippines,WHO GLASS (ML Excel)
Klebsiella Pneumoniae,Imipenem,Philippines,WHO GLASS (ML Excel)
Klebsiella Pneumoniae,Imipenem,Saudi Arabia,WHO GLASS (ML Excel)
Klebsiella Pneumoniae,Imipenem,Saudi Arabia,WHO GLASS (ML Excel)
Klebsiella Pneumoniae,Imipenem,Saudi Arabia,WHO GLASS (ML Excel)
Klebsiella Pneumoniae,Imipenem,Saudi Arabia,WHO GLASS (ML Excel)
Klebsiella Pneumoniae,Imipenem,Sweden,WHO GLASS (ML Excel)
Klebsiella Pneumoniae,Imipenem,Sweden,WHO GLASS (ML Excel)
Klebsiella Pneumoniae,Imipenem,Sweden,WHO GLASS (ML Excel)
Klebsiella Pneumoniae,Imipenem,Sweden,WHO GLASS (ML Excel)
Klebsiella Pneumoniae,Imipenem,Thailand,WHO GLASS (ML Excel)
Klebsiella Pneumoniae,Imipenem,Thailand,WHO GLASS (ML Excel)
Klebsiella Pneumoniae,Imipenem,Thailand,WHO GLASS (ML Excel)
Klebsiella Pneumoniae,Imipenem,Thailand,WHO GLASS (ML Excel)
Klebsiella Pneumoniae,Imipenem,Tunisia,WHO GLASS (ML Excel)
Klebsiella Pneumoniae,Imipenem,Tunisia,WHO GLASS (ML Excel)
Klebsiella Pneumoniae,Imipenem,Tunisia,WHO GLASS (ML Excel)
Klebsiella Pneumoniae,Imipenem,Tunisia,WHO GLASS (ML Excel)
Klebsiella Pneumoniae,Levofloxacin,United Arab Emirates,WHO GLASS (ML Excel)
Klebsiella Pneumoniae,Levofloxacin,United Arab Emirates,WHO GLASS (ML Excel)
Klebsiella Pneumoniae,Levofloxacin,United Arab Emirates,WHO GLASS (ML Excel)
Klebsiella Pneumoniae,Levofloxacin,United Arab Emirates,WHO GLASS (ML Excel)
Klebsiella Pneumoniae,Levofloxacin,Switzerland,WHO GLASS (ML Excel)
Klebsiella Pneumoniae,Levofloxacin,Switzerland,WHO GLASS (ML Excel)
Klebsiella Pneumoniae,Levofloxacin,Switzerland,WHO GLASS (ML Excel)
Klebsiella Pneumoniae,Levofloxacin,Switzerland,WHO GLASS (ML Excel)
Klebsiella Pneumoniae,Levofloxacin,United Kingdom of Great Britain and Northern Ireland,WHO GLASS (ML Excel)
Klebsiella Pneumoniae,Levofloxacin,United Kingdom of Great Britain and Northern Ireland,WHO GLASS (ML Excel)
Klebsiella Pneumoniae,Levofloxacin,United Kingdom of Great Britain and Northern Ireland,WHO GLASS (ML Excel)
Klebsiella Pneumoniae,Levofloxacin,United Kingdom of Great Britain and Northern Ireland,WHO GLASS (ML Excel)
Klebsiella Pneumoniae,Levofloxacin,Japan,WHO GLASS (ML Excel)
Klebsiella Pneumoniae,Levofloxacin,Japan,WHO GLASS (ML Excel)
Klebsiella Pneumoniae,Levofloxacin,Japan,WHO GLASS (ML Excel)
Klebsiella Pneumoniae,Levofloxacin,Japan,WHO GLASS (ML Excel)
Klebsiella Pneumoniae,Levofloxacin,Nepal,WHO GLASS (ML Excel)
Klebsiella Pneumoniae,Levofloxacin,Nepal,WHO GLASS (ML Excel)
Klebsiella Pneumoniae,Levofloxacin,Nepal,WHO GLASS (ML Excel)
Klebsiella Pneumoniae,Levofloxacin,Nepal,WHO GLASS (ML Excel)
Klebsiella Pneumoniae,Levofloxacin,Pakistan,WHO GLASS (ML Excel)
Klebsiella Pneumoniae,Levofloxacin,Pakistan,WHO GLASS (ML Excel)
Klebsiella Pneumoniae,Levofloxacin,Pakistan,WHO GLASS (ML Excel)
Klebsiella Pneumoniae,Levofloxacin,Pakistan,WHO GLASS (ML Excel)
Klebsiella Pneumoniae,Levofloxacin,Philippines,WHO GLASS (ML Excel)
Klebsiella Pneumoniae,Levofloxacin,Philippines,WHO GLASS (ML Excel)
Klebsiella Pneumoniae,Levofloxacin,Philippines,WHO GLASS (ML Excel)
Klebsiella Pneumoniae,Levofloxacin,Philippines,WHO GLASS (ML Excel)
Klebsiella Pneumoniae,Levofloxacin,Saudi Arabia,WHO GLASS (ML Excel)
Klebsiella Pneumoniae,Levofloxacin,Saudi Arabia,WHO GLASS (ML Excel)
Klebsiella Pneumoniae,Levofloxacin,Saudi Arabia,WHO GLASS (ML Excel)
Klebsiella Pneumoniae,Levofloxacin,Saudi Arabia,WHO GLASS (ML Excel)
Klebsiella Pneumoniae,Levofloxacin,Thailand,WHO GLASS (ML Excel)
Klebsiella Pneumoniae,Levofloxacin,Thailand,WHO GLASS (ML Excel)
Klebsiella Pneumoniae,Levofloxacin,Thailand,WHO GLASS (ML Excel)
Klebsiella Pneumoniae,Levofloxacin,Thailand,WHO GLASS (ML Excel)
Klebsiella Pneumoniae,Meropenem,United Arab Emirates,WHO GLASS (ML Excel)
Klebsiella Pneumoniae,Meropenem,United Arab Emirates,WHO GLASS (ML Excel)
Klebsiella Pneumoniae,Meropenem,United Arab Emirates,WHO GLASS (ML Excel)
Klebsiella Pneumoniae,Meropenem,United Arab Emirates,WHO GLASS (ML Excel)
Klebsiella Pneumoniae,Meropenem,Argentina,WHO GLASS (ML Excel)
Klebsiella Pneumoniae,Meropenem,Argentina,WHO GLASS (ML Excel)
Klebsiella Pneumoniae,Meropenem,Argentina,WHO GLASS (ML Excel)
Klebsiella Pneumoniae,Meropenem,Argentina,WHO GLASS (ML Excel)
Klebsiella Pneumoniae,Meropenem,Bahrain,WHO GLASS (ML Excel)
Klebsiella Pneumoniae,Meropenem,Bahrain,WHO GLASS (ML Excel)
Klebsiella Pneumoniae,Meropenem,Bahrain,WHO GLASS (ML Excel)
Klebsiella Pneumoniae,Meropenem,Bahrain,WHO GLASS (ML Excel)
Klebsiella Pneumoniae,Meropenem,Finland,WHO GLASS (ML Excel)
Klebsiella Pneumoniae,Meropenem,Finland,WHO GLASS (ML Excel)
Klebsiella Pneumoniae,Meropenem,Finland,WHO GLASS (ML Excel)
Klebsiella Pneumoniae,Meropenem,Finland,WHO GLASS (ML Excel)
Klebsiella Pneumoniae,Meropenem,United Kingdom of Great Britain and Northern Ireland,WHO GLASS (ML Excel)
Klebsiella Pneumoniae,Meropenem,United Kingdom of Great Britain and Northern Ireland,WHO GLASS (ML Excel)
Klebsiella Pneumoniae,Meropenem,United Kingdom of Great Britain and Northern Ireland,WHO GLASS (ML Excel)
Klebsiella Pneumoniae,Meropenem,United Kingdom of Great Britain and Northern Ireland,WHO GLASS (ML Excel)
Klebsiella Pneumoniae,Meropenem,Japan,WHO GLASS (ML Excel)
Klebsiella Pneumoniae,Meropenem,Japan,WHO GLASS (ML Excel)
Klebsiella Pneumoniae,Meropenem,Japan,WHO GLASS (ML Excel)
Klebsiella Pneumoniae,Meropenem,Japan,WHO GLASS (ML Excel)
Klebsiella Pneumoniae,Meropenem,Republic of Korea,WHO GLASS (ML Excel)
Klebsiella Pneumoniae,Meropenem,Republic of Korea,WHO GLASS (ML Excel)
Klebsiella Pneumoniae,Meropenem,Republic of Korea,WHO GLASS (ML Excel)
Klebsiella Pneumoniae,Meropenem,Republic of Korea,WHO GLASS (ML Excel)
Klebsiella Pneumoniae,Meropenem,Malaysia,WHO GLASS (ML Excel)
Klebsiella Pneumoniae,Meropenem,Malaysia,WHO GLASS (ML Excel)
Klebsiella Pneumoniae,Meropenem,Malaysia,WHO GLASS (ML Excel)
Klebsiella Pneumoniae,Meropenem,Malaysia,WHO GLASS (ML Excel)
Klebsiella Pneumoniae,Meropenem,Nepal,WHO GLASS (ML Excel)
Klebsiella Pneumoniae,Meropenem,Nepal,WHO GLASS (ML Excel)
Klebsiella Pneumoniae,Meropenem,Nepal,WHO GLASS (ML Excel)
Klebsiella Pneumoniae,Meropenem,Nepal,WHO GLASS (ML Excel)
Klebsiella Pneumoniae,Meropenem,Saudi Arabia,WHO GLASS (ML Excel)
Klebsiella Pneumoniae,Meropenem,Saudi Arabia,WHO GLASS (ML Excel)
Klebsiella Pneumoniae,Meropenem,Saudi Arabia,WHO GLASS (ML Excel)
Klebsiella Pneumoniae,Meropenem,Saudi Arabia,WHO GLASS (ML Excel)
Klebsiella Pneumoniae,Meropenem,Sweden,WHO GLASS (ML Excel)
Klebsiella Pneumoniae,Meropenem,Sweden,WHO GLASS (ML Excel)
Klebsiella Pneumoniae,Meropenem,Sweden,WHO GLASS (ML Excel)
Klebsiella Pneumoniae,Meropenem,Sweden,WHO GLASS (ML Excel)
Klebsiella Pneumoniae,Meropenem,Thailand,WHO GLASS (ML Excel)
Klebsiella Pneumoniae,Meropenem,Thailand,WHO GLASS (ML Excel)
Klebsiella Pneumoniae,Meropenem,Thailand,WHO GLASS (ML Excel)
Klebsiella Pneumoniae,Meropenem,Thailand,WHO GLASS (ML Excel)
Escherichia Coli,Ceftazidime,United Arab Emirates,WHO GLASS (ML Excel)
Escherichia Coli,Ceftazidime,United Arab Emirates,WHO GLASS (ML Excel)
Escherichia Coli,Ceftazidime,United Arab Emirates,WHO GLASS (ML Excel)
Escherichia Coli,Ceftazidime,United Arab Emirates,WHO GLASS (ML Excel)
Escherichia Coli,Ceftazidime,Argentina,WHO GLASS (ML Excel)
Escherichia Coli,Ceftazidime,Argentina,WHO GLASS (ML Excel)
Escherichia Coli,Ceftazidime,Argentina,WHO GLASS (ML Excel)
Escherichia Coli,Ceftazidime,Argentina,WHO GLASS (ML Excel)
Escherichia Coli,Ceftazidime,Bangladesh,WHO GLASS (ML Excel)
Escherichia Coli,Ceftazidime,Bangladesh,WHO GLASS (ML Excel)
Escherichia Coli,Ceftazidime,Bangladesh,WHO GLASS (ML Excel)
Escherichia Coli,Ceftazidime,Bangladesh,WHO GLASS (ML Excel)
Escherichia Coli,Ceftazidime,Switzerland,WHO GLASS (ML Excel)
Escherichia Coli,Ceftazidime,Switzerland,WHO GLASS (ML Excel)
Escherichia Coli,Ceftazidime,Switzerland,WHO GLASS (ML Excel)
Escherichia Coli,Ceftazidime,Switzerland,WHO GLASS (ML Excel)
Escherichia Coli,Ceftazidime,Finland,WHO GLASS (ML Excel)
Escherichia Coli,Ceftazidime,Finland,WHO GLASS (ML Excel)
Escherichia Coli,Ceftazidime,Finland,WHO GLASS (ML Excel)
Escherichia Coli,Ceftazidime,Finland,WHO GLASS (ML Excel)
Escherichia Coli,Ceftazidime,United Kingdom of Great Britain and Northern Ireland,WHO GLASS (ML Excel)
Escherichia Coli,Ceftazidime,United Kingdom of Great Britain and Northern Ireland,WHO GLASS (ML Excel)
Escherichia Coli,Ceftazidime,United Kingdom of Great Britain and Northern Ireland,WHO GLASS (ML Excel)
Escherichia Coli,Ceftazidime,United Kingdom of Great Britain and Northern Ireland,WHO GLASS (ML Excel)
Escherichia Coli,Ceftazidime,India,WHO GLASS (ML Excel)
Escherichia Coli,Ceftazidime,India,WHO GLASS (ML Excel)
Escherichia Coli,Ceftazidime,India,WHO GLASS (ML Excel)
Escherichia Coli,Ceftazidime,India,WHO GLASS (ML Excel)
Escherichia Coli,Ceftazidime,Japan,WHO GLASS (ML Excel)
Escherichia Coli,Ceftazidime,Japan,WHO GLASS (ML Excel)
Escherichia Coli,Ceftazidime,Japan,WHO GLASS (ML Excel)
Escherichia Coli,Ceftazidime,Japan,WHO GLASS (ML Excel)
Escherichia Coli,Ceftazidime,Republic of Korea,WHO GLASS (ML Excel)
Escherichia Coli,Ceftazidime,Republic of Korea,WHO GLASS (ML Excel)
Escherichia Coli,Ceftazidime,Republic of Korea,WHO GLASS (ML Excel)
Escherichia Coli,Ceftazidime,Republic of Korea,WHO GLASS (ML Excel)
Escherichia Coli,Ceftazidime,Lao People's Democratic Republic,WHO GLASS (ML Excel)
Escherichia Coli,Ceftazidime,Lao People's Democratic Republic,WHO GLASS (ML Excel)
Escherichia Coli,Ceftazidime,Lao People's Democratic Republic,WHO GLASS (ML Excel)
Escherichia Coli,Ceftazidime,Lao People's Democratic Republic,WHO GLASS (ML Excel)
Escherichia Coli,Ceftazidime,Lebanon,WHO GLASS (ML Excel)
Escherichia Coli,Ceftazidime,Lebanon,WHO GLASS (ML Excel)
Escherichia Coli,Ceftazidime,Lebanon,WHO GLASS (ML Excel)
Escherichia Coli,Ceftazidime,Lebanon,WHO GLASS (ML Excel)
Escherichia Coli,Ceftazidime,Malaysia,WHO GLASS (ML Excel)
Escherichia Coli,Ceftazidime,Malaysia,WHO GLASS (ML Excel)
Escherichia Coli,Ceftazidime,Malaysia,WHO GLASS (ML Excel)
Escherichia Coli,Ceftazidime,Malaysia,WHO GLASS (ML Excel)
Escherichia Coli,Ceftazidime,Norway,WHO GLASS (ML Excel)
Escherichia Coli,Ceftazidime,Norway,WHO GLASS (ML Excel)
Escherichia Coli,Ceftazidime,Norway,WHO GLASS (ML Excel)
Escherichia Coli,Ceftazidime,Norway,WHO GLASS (ML Excel)
Escherichia Coli,Ceftazidime,Nepal,WHO GLASS (ML Excel)
Escherichia Coli,Ceftazidime,Nepal,WHO GLASS (ML Excel)
Escherichia Coli,Ceftazidime,Nepal,WHO GLASS (ML Excel)
Escherichia Coli,Ceftazidime,Nepal,WHO GLASS (ML Excel)
Escherichia Coli,Ceftazidime,Oman,WHO GLASS (ML Excel)
Escherichia Coli,Ceftazidime,Oman,WHO GLASS (ML Excel)
Escherichia Coli,Ceftazidime,Oman,WHO GLASS (ML Excel)
Escherichia Coli,Ceftazidime,Oman,WHO GLASS (ML Excel)
Escherichia Coli,Ceftazidime,Pakistan,WHO GLASS (ML Excel)
Escherichia Coli,Ceftazidime,Pakistan,WHO GLASS (ML Excel)
Escherichia Coli,Ceftazidime,Pakistan,WHO GLASS (ML Excel)
Escherichia Coli,Ceftazidime,Pakistan,WHO GLASS (ML Excel)
Escherichia Coli,Ceftazidime,Philippines,WHO GLASS (ML Excel)
Escherichia Coli,Ceftazidime,Philippines,WHO GLASS (ML Excel)
Escherichia Coli,Ceftazidime,Philippines,WHO GLASS (ML Excel)
Escherichia Coli,Ceftazidime,Philippines,WHO GLASS (ML Excel)
Escherichia Coli,Ceftazidime,Saudi Arabia,WHO GLASS (ML Excel)
Escherichia Coli,Ceftazidime,Saudi Arabia,WHO GLASS (ML Excel)
Escherichia Coli,Ceftazidime,Saudi Arabia,WHO GLASS (ML Excel)
Escherichia Coli,Ceftazidime,Saudi Arabia,WHO GLASS (ML Excel)
Escherichia Coli,Ceftazidime,Thailand,WHO GLASS (ML Excel)
Escherichia Coli,Ceftazidime,Thailand,WHO GLASS (ML Excel)
Escherichia Coli,Ceftazidime,Thailand,WHO GLASS (ML Excel)
Escherichia Coli,Ceftazidime,Thailand,WHO GLASS (ML Excel)
Escherichia Coli,Ceftazidime,Tunisia,WHO GLASS (ML Excel)
Escherichia Coli,Ceftazidime,Tunisia,WHO GLASS (ML Excel)
Escherichia Coli,Ceftazidime,Tunisia,WHO GLASS (ML Excel)
Escherichia Coli,Ceftazidime,Tunisia,WHO GLASS (ML Excel)
Escherichia Coli,Ceftriaxone,United Arab Emirates,WHO GLASS (ML Excel)
Escherichia Coli,Ceftriaxone,United Arab Emirates,WHO GLASS (ML Excel)
Escherichia Coli,Ceftriaxone,United Arab Emirates,WHO GLASS (ML Excel)
Escherichia Coli,Ceftriaxone,United Arab Emirates,WHO GLASS (ML Excel)
Escherichia Coli,Ceftriaxone,Bangladesh,WHO GLASS (ML Excel)
Escherichia Coli,Ceftriaxone,Bangladesh,WHO GLASS (ML Excel)
Escherichia Coli,Ceftriaxone,Bangladesh,WHO GLASS (ML Excel)
Escherichia Coli,Ceftriaxone,Bangladesh,WHO GLASS (ML Excel)
Escherichia Coli,Ceftriaxone,Switzerland,WHO GLASS (ML Excel)
Escherichia Coli,Ceftriaxone,Switzerland,WHO GLASS (ML Excel)
Escherichia Coli,Ceftriaxone,Switzerland,WHO GLASS (ML Excel)
Escherichia Coli,Ceftriaxone,Switzerland,WHO GLASS (ML Excel)
Escherichia Coli,Ceftriaxone,Finland,WHO GLASS (ML Excel)
Escherichia Coli,Ceftriaxone,Finland,WHO GLASS (ML Excel)
Escherichia Coli,Ceftriaxone,Finland,WHO GLASS (ML Excel)
Escherichia Coli,Ceftriaxone,Finland,WHO GLASS (ML Excel)
Escherichia Coli,Ceftriaxone,United Kingdom of Great Britain and Northern Ireland,WHO GLASS (ML Excel)
Escherichia Coli,Ceftriaxone,United Kingdom of Great Britain and Northern Ireland,WHO GLASS (ML Excel)
Escherichia Coli,Ceftriaxone,United Kingdom of Great Britain and Northern Ireland,WHO GLASS (ML Excel)
Escherichia Coli,Ceftriaxone,United Kingdom of Great Britain and Northern Ireland,WHO GLASS (ML Excel)
Escherichia Coli,Ceftriaxone,India,WHO GLASS (ML Excel)
Escherichia Coli,Ceftriaxone,India,WHO GLASS (ML Excel)
Escherichia Coli,Ceftriaxone,India,WHO GLASS (ML Excel)
Escherichia Coli,Ceftriaxone,India,WHO GLASS (ML Excel)
Escherichia Coli,Ceftriaxone,Japan,WHO GLASS (ML Excel)
Escherichia Coli,Ceftriaxone,Japan,WHO GLASS (ML Excel)
Escherichia Coli,Ceftriaxone,Japan,WHO GLASS (ML Excel)
Escherichia Coli,Ceftriaxone,Japan,WHO GLASS (ML Excel)
Escherichia Coli,Ceftriaxone,Lao People's Democratic Republic,WHO GLASS (ML Excel)
Escherichia Coli,Ceftriaxone,Lao People's Democratic Republic,WHO GLASS (ML Excel)
Escherichia Coli,Ceftriaxone,Lao People's Democratic Republic,WHO GLASS (ML Excel)
Escherichia Coli,Ceftriaxone,Lao People's Democratic Republic,WHO GLASS (ML Excel)
Escherichia Coli,Ceftriaxone,Lebanon,WHO GLASS (ML Excel)
Escherichia Coli,Ceftriaxone,Lebanon,WHO GLASS (ML Excel)
Escherichia Coli,Ceftriaxone,Lebanon,WHO GLASS (ML Excel)
Escherichia Coli,Ceftriaxone,Lebanon,WHO GLASS (ML Excel)
Escherichia Coli,Ceftriaxone,Malaysia,WHO GLASS (ML Excel)
Escherichia Coli,Ceftriaxone,Malaysia,WHO GLASS (ML Excel)
Escherichia Coli,Ceftriaxone,Malaysia,WHO GLASS (ML Excel)
Escherichia Coli,Ceftriaxone,Malaysia,WHO GLASS (ML Excel)
Escherichia Coli,Ceftriaxone,Nepal,WHO GLASS (ML Excel)
Escherichia Coli,Ceftriaxone,Nepal,WHO GLASS (ML Excel)
Escherichia Coli,Ceftriaxone,Nepal,WHO GLASS (ML Excel)
Escherichia Coli,Ceftriaxone,Nepal,WHO GLASS (ML Excel)
Escherichia Coli,Ceftriaxone,Oman,WHO GLASS (ML Excel)
Escherichia Coli,Ceftriaxone,Oman,WHO GLASS (ML Excel)
Escherichia Coli,Ceftriaxone,Oman,WHO GLASS (ML Excel)
Escherichia Coli,Ceftriaxone,Oman,WHO GLASS (ML Excel)
Escherichia Coli,Ceftriaxone,Pakistan,WHO GLASS (ML Excel)
Escherichia Coli,Ceftriaxone,Pakistan,WHO GLASS (ML Excel)
Escherichia Coli,Ceftriaxone,Pakistan,WHO GLASS (ML Excel)
Escherichia Coli,Ceftriaxone,Pakistan,WHO GLASS (ML Excel)
Escherichia Coli,Ceftriaxone,Philippines,WHO GLASS (ML Excel)
Escherichia Coli,Ceftriaxone,Philippines,WHO GLASS (ML Excel)
Escherichia Coli,Ceftriaxone,Philippines,WHO GLASS (ML Excel)
Escherichia Coli,Ceftriaxone,Philippines,WHO GLASS (ML Excel)
Escherichia Coli,Ceftriaxone,Saudi Arabia,WHO GLASS (ML Excel)
Escherichia Coli,Ceftriaxone,Saudi Arabia,WHO GLASS (ML Excel)
Escherichia Coli,Ceftriaxone,Saudi Arabia,WHO GLASS (ML Excel)
Escherichia Coli,Ceftriaxone,Saudi Arabia,WHO GLASS (ML Excel)
Escherichia Coli,Ceftriaxone,Thailand,WHO GLASS (ML Excel)
Escherichia Coli,Ceftriaxone,Thailand,WHO GLASS (ML Excel)
Escherichia Coli,Ceftriaxone,Thailand,WHO GLASS (ML Excel)
Escherichia Coli,Ceftriaxone,Thailand,WHO GLASS (ML Excel)
Escherichia Coli,Ciprofloxacin,United Arab Emirates,WHO GLASS (ML Excel)
Escherichia Coli,Ciprofloxacin,United Arab Emirates,WHO GLASS (ML Excel)
Escherichia Coli,Ciprofloxacin,United Arab Emirates,WHO GLASS (ML Excel)
Escherichia Coli,Ciprofloxacin,United Arab Emirates,WHO GLASS (ML Excel)
Escherichia Coli,Ciprofloxacin,Argentina,WHO GLASS (ML Excel)
Escherichia Coli,Ciprofloxacin,Argentina,WHO GLASS (ML Excel)
Escherichia Coli,Ciprofloxacin,Argentina,WHO GLASS (ML Excel)
Escherichia Coli,Ciprofloxacin,Argentina,WHO GLASS (ML Excel)
Escherichia Coli,Ciprofloxacin,Bangladesh,WHO GLASS (ML Excel)
Escherichia Coli,Ciprofloxacin,Bangladesh,WHO GLASS (ML Excel)
Escherichia Coli,Ciprofloxacin,Bangladesh,WHO GLASS (ML Excel)
Escherichia Coli,Ciprofloxacin,Bangladesh,WHO GLASS (ML Excel)
Escherichia Coli,Ciprofloxacin,Switzerland,WHO GLASS (ML Excel)
Escherichia Coli,Ciprofloxacin,Switzerland,WHO GLASS (ML Excel)
Escherichia Coli,Ciprofloxacin,Switzerland,WHO GLASS (ML Excel)
Escherichia Coli,Ciprofloxacin,Switzerland,WHO GLASS (ML Excel)
Escherichia Coli,Ciprofloxacin,Finland,WHO GLASS (ML Excel)
Escherichia Coli,Ciprofloxacin,Finland,WHO GLASS (ML Excel)
Escherichia Coli,Ciprofloxacin,Finland,WHO GLASS (ML Excel)
Escherichia Coli,Ciprofloxacin,Finland,WHO GLASS (ML Excel)
Escherichia Coli,Ciprofloxacin,United Kingdom of Great Britain and Northern Ireland,WHO GLASS (ML Excel)
Escherichia Coli,Ciprofloxacin,United Kingdom of Great Britain and Northern Ireland,WHO GLASS (ML Excel)
Escherichia Coli,Ciprofloxacin,United Kingdom of Great Britain and Northern Ireland,WHO GLASS (ML Excel)
Escherichia Coli,Ciprofloxacin,United Kingdom of Great Britain and Northern Ireland,WHO GLASS (ML Excel)
Escherichia Coli,Ciprofloxacin,India,WHO GLASS (ML Excel)
Escherichia Coli,Ciprofloxacin,India,WHO GLASS (ML Excel)
Escherichia Coli,Ciprofloxacin,India,WHO GLASS (ML Excel)
Escherichia Coli,Ciprofloxacin,India,WHO GLASS (ML Excel)
Escherichia Coli,Ciprofloxacin,Japan,WHO GLASS (ML Excel)
Escherichia Coli,Ciprofloxacin,Japan,WHO GLASS (ML Excel)
Escherichia Coli,Ciprofloxacin,Japan,WHO GLASS (ML Excel)
Escherichia Coli,Ciprofloxacin,Japan,WHO GLASS (ML Excel)
Escherichia Coli,Ciprofloxacin,Republic of Korea,WHO GLASS (ML Excel)
Escherichia Coli,Ciprofloxacin,Republic of Korea,WHO GLASS (ML Excel)
Escherichia Coli,Ciprofloxacin,Republic of Korea,WHO GLASS (ML Excel)
Escherichia Coli,Ciprofloxacin,Republic of Korea,WHO GLASS (ML Excel)
Escherichia Coli,Ciprofloxacin,Lao People's Democratic Republic,WHO GLASS (ML Excel)
Escherichia Coli,Ciprofloxacin,Lao People's Democratic Republic,WHO GLASS (ML Excel)
Escherichia Coli,Ciprofloxacin,Lao People's Democratic Republic,WHO GLASS (ML Excel)
Escherichia Coli,Ciprofloxacin,Lao People's Democratic Republic,WHO GLASS (ML Excel)
Escherichia Coli,Ciprofloxacin,Lebanon,WHO GLASS (ML Excel)
Escherichia Coli,Ciprofloxacin,Lebanon,WHO GLASS (ML Excel)
Escherichia Coli,Ciprofloxacin,Lebanon,WHO GLASS (ML Excel)
Escherichia Coli,Ciprofloxacin,Lebanon,WHO GLASS (ML Excel)
Escherichia Coli,Ciprofloxacin,Malaysia,WHO GLASS (ML Excel)
Escherichia Coli,Ciprofloxacin,Malaysia,WHO GLASS (ML Excel)
Escherichia Coli,Ciprofloxacin,Malaysia,WHO GLASS (ML Excel)
Escherichia Coli,Ciprofloxacin,Malaysia,WHO GLASS (ML Excel)
Escherichia Coli,Ciprofloxacin,Norway,WHO GLASS (ML Excel)
Escherichia Coli,Ciprofloxacin,Norway,WHO GLASS (ML Excel)
Escherichia Coli,Ciprofloxacin,Norway,WHO GLASS (ML Excel)
Escherichia Coli,Ciprofloxacin,Norway,WHO GLASS (ML Excel)
Escherichia Coli,Ciprofloxacin,Nepal,WHO GLASS (ML Excel)
Escherichia Coli,Ciprofloxacin,Nepal,WHO GLASS (ML Excel)
Escherichia Coli,Ciprofloxacin,Nepal,WHO GLASS (ML Excel)
Escherichia Coli,Ciprofloxacin,Nepal,WHO GLASS (ML Excel)
Escherichia Coli,Ciprofloxacin,Oman,WHO GLASS (ML Excel)
Escherichia Coli,Ciprofloxacin,Oman,WHO GLASS (ML Excel)
Escherichia Coli,Ciprofloxacin,Oman,WHO GLASS (ML Excel)
Escherichia Coli,Ciprofloxacin,Oman,WHO GLASS (ML Excel)
Escherichia Coli,Ciprofloxacin,Pakistan,WHO GLASS (ML Excel)
Escherichia Coli,Ciprofloxacin,Pakistan,WHO GLASS (ML Excel)
Escherichia Coli,Ciprofloxacin,Pakistan,WHO GLASS (ML Excel)
Escherichia Coli,Ciprofloxacin,Pakistan,WHO GLASS (ML Excel)
Escherichia Coli,Ciprofloxacin,Philippines,WHO GLASS (ML Excel)
Escherichia Coli,Ciprofloxacin,Philippines,WHO GLASS (ML Excel)
Escherichia Coli,Ciprofloxacin,Philippines,WHO GLASS (ML Excel)
Escherichia Coli,Ciprofloxacin,Philippines,WHO GLASS (ML Excel)
Escherichia Coli,Ciprofloxacin,Saudi Arabia,WHO GLASS (ML Excel)
Escherichia Coli,Ciprofloxacin,Saudi Arabia,WHO GLASS (ML Excel)
Escherichia Coli,Ciprofloxacin,Saudi Arabia,WHO GLASS (ML Excel)
Escherichia Coli,Ciprofloxacin,Saudi Arabia,WHO GLASS (ML Excel)
Escherichia Coli,Ciprofloxacin,Sudan,WHO GLASS (ML Excel)
Escherichia Coli,Ciprofloxacin,Sudan,WHO GLASS (ML Excel)
Escherichia Coli,Ciprofloxacin,Sudan,WHO GLASS (ML Excel)
Escherichia Coli,Ciprofloxacin,Sudan,WHO GLASS (ML Excel)
Escherichia Coli,Ciprofloxacin,Sweden,WHO GLASS (ML Excel)
Escherichia Coli,Ciprofloxacin,Sweden,WHO GLASS (ML Excel)
Escherichia Coli,Ciprofloxacin,Sweden,WHO GLASS (ML Excel)
Escherichia Coli,Ciprofloxacin,Sweden,WHO GLASS (ML Excel)
Escherichia Coli,Ciprofloxacin,Thailand,WHO GLASS (ML Excel)
Escherichia Coli,Ciprofloxacin,Thailand,WHO GLASS (ML Excel)
Escherichia Coli,Ciprofloxacin,Thailand,WHO GLASS (ML Excel)
Escherichia Coli,Ciprofloxacin,Thailand,WHO GLASS (ML Excel)
Escherichia Coli,Ciprofloxacin,Tunisia,WHO GLASS (ML Excel)
Escherichia Coli,Ciprofloxacin,Tunisia,WHO GLASS (ML Excel)
Escherichia Coli,Ciprofloxacin,Tunisia,WHO GLASS (ML Excel)
Escherichia Coli,Ciprofloxacin,Tunisia,WHO GLASS (ML Excel)
Escherichia Coli,Co-Trimoxazole,United Arab Emirates,WHO GLASS (ML Excel)
Escherichia Coli,Co-Trimoxazole,United Arab Emirates,WHO GLASS (ML Excel)
Escherichia Coli,Co-Trimoxazole,United Arab Emirates,WHO GLASS (ML Excel)
Escherichia Coli,Co-Trimoxazole,United Arab Emirates,WHO GLASS (ML Excel)
Escherichia Coli,Co-Trimoxazole,Argentina,WHO GLASS (ML Excel)
Escherichia Coli,Co-Trimoxazole,Argentina,WHO GLASS (ML Excel)
Escherichia Coli,Co-Trimoxazole,Argentina,WHO GLASS (ML Excel)
Escherichia Coli,Co-Trimoxazole,Argentina,WHO GLASS (ML Excel)
Escherichia Coli,Co-Trimoxazole,Switzerland,WHO GLASS (ML Excel)
Escherichia Coli,Co-Trimoxazole,Switzerland,WHO GLASS (ML Excel)
Escherichia Coli,Co-Trimoxazole,Switzerland,WHO GLASS (ML Excel)
Escherichia Coli,Co-Trimoxazole,Switzerland,WHO GLASS (ML Excel)
Escherichia Coli,Co-Trimoxazole,Finland,WHO GLASS (ML Excel)
Escherichia Coli,Co-Trimoxazole,Finland,WHO GLASS (ML Excel)
Escherichia Coli,Co-Trimoxazole,Finland,WHO GLASS (ML Excel)
Escherichia Coli,Co-Trimoxazole,Finland,WHO GLASS (ML Excel)
Escherichia Coli,Co-Trimoxazole,United Kingdom of Great Britain and Northern Ireland,WHO GLASS (ML Excel)
Escherichia Coli,Co-Trimoxazole,United Kingdom of Great Britain and Northern Ireland,WHO GLASS (ML Excel)
Escherichia Coli,Co-Trimoxazole,United Kingdom of Great Britain and Northern Ireland,WHO GLASS (ML Excel)
Escherichia Coli,Co-Trimoxazole,United Kingdom of Great Britain and Northern Ireland,WHO GLASS (ML Excel)
Escherichia Coli,Co-Trimoxazole,India,WHO GLASS (ML Excel)
Escherichia Coli,Co-Trimoxazole,India,WHO GLASS (ML Excel)
Escherichia Coli,Co-Trimoxazole,India,WHO GLASS (ML Excel)
Escherichia Coli,Co-Trimoxazole,India,WHO GLASS (ML Excel)
Escherichia Coli,Co-Trimoxazole,Republic of Korea,WHO GLASS (ML Excel)
Escherichia Coli,Co-Trimoxazole,Republic of Korea,WHO GLASS (ML Excel)
Escherichia Coli,Co-Trimoxazole,Republic of Korea,WHO GLASS (ML Excel)
Escherichia Coli,Co-Trimoxazole,Republic of Korea,WHO GLASS (ML Excel)
Escherichia Coli,Co-Trimoxazole,Lao People's Democratic Republic,WHO GLASS (ML Excel)
Escherichia Coli,Co-Trimoxazole,Lao People's Democratic Republic,WHO GLASS (ML Excel)
Escherichia Coli,Co-Trimoxazole,Lao People's Democratic Republic,WHO GLASS (ML Excel)
Escherichia Coli,Co-Trimoxazole,Lao People's Democratic Republic,WHO GLASS (ML Excel)
Escherichia Coli,Co-Trimoxazole,Malaysia,WHO GLASS (ML Excel)
Escherichia Coli,Co-Trimoxazole,Malaysia,WHO GLASS (ML Excel)
Escherichia Coli,Co-Trimoxazole,Malaysia,WHO GLASS (ML Excel)
Escherichia Coli,Co-Trimoxazole,Malaysia,WHO GLASS (ML Excel)
Escherichia Coli,Co-Trimoxazole,Norway,WHO GLASS (ML Excel)
Escherichia Coli,Co-Trimoxazole,Norway,WHO GLASS (ML Excel)
Escherichia Coli,Co-Trimoxazole,Norway,WHO GLASS (ML Excel)
Escherichia Coli,Co-Trimoxazole,Norway,WHO GLASS (ML Excel)
Escherichia Coli,Co-Trimoxazole,Oman,WHO GLASS (ML Excel)
Escherichia Coli,Co-Trimoxazole,Oman,WHO GLASS (ML Excel)
Escherichia Coli,Co-Trimoxazole,Oman,WHO GLASS (ML Excel)
Escherichia Coli,Co-Trimoxazole,Oman,WHO GLASS (ML Excel)
Escherichia Coli,Co-Trimoxazole,Pakistan,WHO GLASS (ML Excel)
Escherichia Coli,Co-Trimoxazole,Pakistan,WHO GLASS (ML Excel)
Escherichia Coli,Co-Trimoxazole,Pakistan,WHO GLASS (ML Excel)
Escherichia Coli,Co-Trimoxazole,Pakistan,WHO GLASS (ML Excel)
Escherichia Coli,Co-Trimoxazole,Philippines,WHO GLASS (ML Excel)
Escherichia Coli,Co-Trimoxazole,Philippines,WHO GLASS (ML Excel)
Escherichia Coli,Co-Trimoxazole,Philippines,WHO GLASS (ML Excel)
Escherichia Coli,Co-Trimoxazole,Philippines,WHO GLASS (ML Excel)
Escherichia Coli,Co-Trimoxazole,Saudi Arabia,WHO GLASS (ML Excel)
Escherichia Coli,Co-Trimoxazole,Saudi Arabia,WHO GLASS (ML Excel)
Escherichia Coli,Co-Trimoxazole,Saudi Arabia,WHO GLASS (ML Excel)
Escherichia Coli,Co-Trimoxazole,Saudi Arabia,WHO GLASS (ML Excel)
Escherichia Coli,Co-Trimoxazole,Sweden,WHO GLASS (ML Excel)
Escherichia Coli,Co-Trimoxazole,Sweden,WHO GLASS (ML Excel)
Escherichia Coli,Co-Trimoxazole,Sweden,WHO GLASS (ML Excel)
Escherichia Coli,Co-Trimoxazole,Sweden,WHO GLASS (ML Excel)
Escherichia Coli,Co-Trimoxazole,Thailand,WHO GLASS (ML Excel)
Escherichia Coli,Co-Trimoxazole,Thailand,WHO GLASS (ML Excel)
Escherichia Coli,Co-Trimoxazole,Thailand,WHO GLASS (ML Excel)
Escherichia Coli,Co-Trimoxazole,Thailand,WHO GLASS (ML Excel)
Escherichia Coli,Colistin,United Arab Emirates,WHO GLASS (ML Excel)
Escherichia Coli,Colistin,United Arab Emirates,WHO GLASS (ML Excel)
Escherichia Coli,Colistin,United Arab Emirates,WHO GLASS (ML Excel)
Escherichia Coli,Colistin,United Arab Emirates,WHO GLASS (ML Excel)
Escherichia Coli,Colistin,Argentina,WHO GLASS (ML Excel)
Escherichia Coli,Colistin,Argentina,WHO GLASS (ML Excel)
Escherichia Coli,Colistin,Argentina,WHO GLASS (ML Excel)
Escherichia Coli,Colistin,Argentina,WHO GLASS (ML Excel)
Escherichia Coli,Colistin,Switzerland,WHO GLASS (ML Excel)
Escherichia Coli,Colistin,Switzerland,WHO GLASS (ML Excel)
Escherichia Coli,Colistin,Switzerland,WHO GLASS (ML Excel)
Escherichia Coli,Colistin,Switzerland,WHO GLASS (ML Excel)
Escherichia Coli,Colistin,Malaysia,WHO GLASS (ML Excel)
Escherichia Coli,Colistin,Malaysia,WHO GLASS (ML Excel)
Escherichia Coli,Colistin,Malaysia,WHO GLASS (ML Excel)
Escherichia Coli,Colistin,Malaysia,WHO GLASS (ML Excel)
Escherichia Coli,Colistin,Oman,WHO GLASS (ML Excel)
Escherichia Coli,Colistin,Oman,WHO GLASS (ML Excel)
Escherichia Coli,Colistin,Oman,WHO GLASS (ML Excel)
Escherichia Coli,Colistin,Oman,WHO GLASS (ML Excel)
Escherichia Coli,Colistin,Philippines,WHO GLASS (ML Excel)
Escherichia Coli,Colistin,Philippines,WHO GLASS (ML Excel)
Escherichia Coli,Colistin,Philippines,WHO GLASS (ML Excel)
Escherichia Coli,Colistin,Philippines,WHO GLASS (ML Excel)
Escherichia Coli,Colistin,Saudi Arabia,WHO GLASS (ML Excel)
Escherichia Coli,Colistin,Saudi Arabia,WHO GLASS (ML Excel)
Escherichia Coli,Colistin,Saudi Arabia,WHO GLASS (ML Excel)
Escherichia Coli,Colistin,Saudi Arabia,WHO GLASS (ML Excel)
Escherichia Coli,Colistin,Tunisia,WHO GLASS (ML Excel)
Escherichia Coli,Colistin,Tunisia,WHO GLASS (ML Excel)
Escherichia Coli,Colistin,Tunisia,WHO GLASS (ML Excel)
Escherichia Coli,Colistin,Tunisia,WHO GLASS (ML Excel)
Escherichia Coli,Doripenem,Malaysia,WHO GLASS (ML Excel)
Escherichia Coli,Doripenem,Malaysia,WHO GLASS (ML Excel)
Escherichia Coli,Doripenem,Malaysia,WHO GLASS (ML Excel)
Escherichia Coli,Doripenem,Malaysia,WHO GLASS (ML Excel)
Escherichia Coli,Doripenem,Philippines,WHO GLASS (ML Excel)
Escherichia Coli,Doripenem,Philippines,WHO GLASS (ML Excel)
Escherichia Coli,Doripenem,Philippines,WHO GLASS (ML Excel)
Escherichia Coli,Doripenem,Philippines,WHO GLASS (ML Excel)
Escherichia Coli,Ertapenem,United Arab Emirates,WHO GLASS (ML Excel)
Escherichia Coli,Ertapenem,United Arab Emirates,WHO GLASS (ML Excel)
Escherichia Coli,Ertapenem,United Arab Emirates,WHO GLASS (ML Excel)
Escherichia Coli,Ertapenem,United Arab Emirates,WHO GLASS (ML Excel)
Escherichia Coli,Ertapenem,Switzerland,WHO GLASS (ML Excel)
Escherichia Coli,Ertapenem,Switzerland,WHO GLASS (ML Excel)
Escherichia Coli,Ertapenem,Switzerland,WHO GLASS (ML Excel)
Escherichia Coli,Ertapenem,Switzerland,WHO GLASS (ML Excel)
Escherichia Coli,Ertapenem,United Kingdom of Great Britain and Northern Ireland,WHO GLASS (ML Excel)
Escherichia Coli,Ertapenem,United Kingdom of Great Britain and Northern Ireland,WHO GLASS (ML Excel)
Escherichia Coli,Ertapenem,United Kingdom of Great Britain and Northern Ireland,WHO GLASS (ML Excel)
Escherichia Coli,Ertapenem,United Kingdom of Great Britain and Northern Ireland,WHO GLASS (ML Excel)
Escherichia Coli,Ertapenem,India,WHO GLASS (ML Excel)
Escherichia Coli,Ertapenem,India,WHO GLASS (ML Excel)
Escherichia Coli,Ertapenem,India,WHO GLASS (ML Excel)
Escherichia Coli,Ertapenem,India,WHO GLASS (ML Excel)
Escherichia Coli,Ertapenem,Republic of Korea,WHO GLASS (ML Excel)
Escherichia Coli,Ertapenem,Republic of Korea,WHO GLASS (ML Excel)
Escherichia Coli,Ertapenem,Republic of Korea,WHO GLASS (ML Excel)
Escherichia Coli,Ertapenem,Republic of Korea,WHO GLASS (ML Excel)
Escherichia Coli,Ertapenem,Malaysia,WHO GLASS (ML Excel)
Escherichia Coli,Ertapenem,Malaysia,WHO GLASS (ML Excel)
Escherichia Coli,Ertapenem,Malaysia,WHO GLASS (ML Excel)
Escherichia Coli,Ertapenem,Malaysia,WHO GLASS (ML Excel)
Escherichia Coli,Ertapenem,Oman,WHO GLASS (ML Excel)
Escherichia Coli,Ertapenem,Oman,WHO GLASS (ML Excel)
Escherichia Coli,Ertapenem,Oman,WHO GLASS (ML Excel)
Escherichia Coli,Ertapenem,Oman,WHO GLASS (ML Excel)
Escherichia Coli,Ertapenem,Philippines,WHO GLASS (ML Excel)
Escherichia Coli,Ertapenem,Philippines,WHO GLASS (ML Excel)
Escherichia Coli,Ertapenem,Philippines,WHO GLASS (ML Excel)
Escherichia Coli,Ertapenem,Philippines,WHO GLASS (ML Excel)
Escherichia Coli,Ertapenem,Saudi Arabia,WHO GLASS (ML Excel)
Escherichia Coli,Ertapenem,Saudi Arabia,WHO GLASS (ML Excel)
Escherichia Coli,Ertapenem,Saudi Arabia,WHO GLASS (ML Excel)
Escherichia Coli,Ertapenem,Saudi Arabia,WHO GLASS (ML Excel)
Escherichia Coli,Ertapenem,Thailand,WHO GLASS (ML Excel)
Escherichia Coli,Ertapenem,Thailand,WHO GLASS (ML Excel)
Escherichia Coli,Ertapenem,Thailand,WHO GLASS (ML Excel)
Escherichia Coli,Ertapenem,Thailand,WHO GLASS (ML Excel)
Escherichia Coli,Ertapenem,Tunisia,WHO GLASS (ML Excel)
Escherichia Coli,Ertapenem,Tunisia,WHO GLASS (ML Excel)
Escherichia Coli,Ertapenem,Tunisia,WHO GLASS (ML Excel)
Escherichia Coli,Ertapenem,Tunisia,WHO GLASS (ML Excel)
Escherichia Coli,Ampicillin,United Arab Emirates,WHO GLASS (ML Excel)
Escherichia Coli,Ampicillin,United Arab Emirates,WHO GLASS (ML Excel)
Escherichia Coli,Ampicillin,United Arab Emirates,WHO GLASS (ML Excel)
Escherichia Coli,Ampicillin,United Arab Emirates,WHO GLASS (ML Excel)
Escherichia Coli,Ampicillin,Argentina,WHO GLASS (ML Excel)
Escherichia Coli,Ampicillin,Argentina,WHO GLASS (ML Excel)
Escherichia Coli,Ampicillin,Argentina,WHO GLASS (ML Excel)
Escherichia Coli,Ampicillin,Argentina,WHO GLASS (ML Excel)
Escherichia Coli,Ampicillin,Bangladesh,WHO GLASS (ML Excel)
Escherichia Coli,Ampicillin,Bangladesh,WHO GLASS (ML Excel)
Escherichia Coli,Ampicillin,Bangladesh,WHO GLASS (ML Excel)
Escherichia Coli,Ampicillin,Bangladesh,WHO GLASS (ML Excel)
Escherichia Coli,Ampicillin,Finland,WHO GLASS (ML Excel)
Escherichia Coli,Ampicillin,Finland,WHO GLASS (ML Excel)
Escherichia Coli,Ampicillin,Finland,WHO GLASS (ML Excel)
Escherichia Coli,Ampicillin,Finland,WHO GLASS (ML Excel)
Escherichia Coli,Ampicillin,United Kingdom of Great Britain and Northern Ireland,WHO GLASS (ML Excel)
Escherichia Coli,Ampicillin,United Kingdom of Great Britain and Northern Ireland,WHO GLASS (ML Excel)
Escherichia Coli,Ampicillin,United Kingdom of Great Britain and Northern Ireland,WHO GLASS (ML Excel)
Escherichia Coli,Ampicillin,United Kingdom of Great Britain and Northern Ireland,WHO GLASS (ML Excel)
Escherichia Coli,Ampicillin,Japan,WHO GLASS (ML Excel)
Escherichia Coli,Ampicillin,Japan,WHO GLASS (ML Excel)
Escherichia Coli,Ampicillin,Japan,WHO GLASS (ML Excel)
Escherichia Coli,Ampicillin,Japan,WHO GLASS (ML Excel)
Escherichia Coli,Ampicillin,Republic of Korea,WHO GLASS (ML Excel)
Escherichia Coli,Ampicillin,Republic of Korea,WHO GLASS (ML Excel)
Escherichia Coli,Ampicillin,Republic of Korea,WHO GLASS (ML Excel)
Escherichia Coli,Ampicillin,Republic of Korea,WHO GLASS (ML Excel)
Escherichia Coli,Ampicillin,Lao People's Democratic Republic,WHO GLASS (ML Excel)
Escherichia Coli,Ampicillin,Lao People's Democratic Republic,WHO GLASS (ML Excel)
Escherichia Coli,Ampicillin,Lao People's Democratic Republic,WHO GLASS (ML Excel)
Escherichia Coli,Ampicillin,Lao People's Democratic Republic,WHO GLASS (ML Excel)
Escherichia Coli,Ampicillin,Malaysia,WHO GLASS (ML Excel)
Escherichia Coli,Ampicillin,Malaysia,WHO GLASS (ML Excel)
Escherichia Coli,Ampicillin,Malaysia,WHO GLASS (ML Excel)
Escherichia Coli,Ampicillin,Malaysia,WHO GLASS (ML Excel)
Escherichia Coli,Ampicillin,Nepal,WHO GLASS (ML Excel)
Escherichia Coli,Ampicillin,Nepal,WHO GLASS (ML Excel)
Escherichia Coli,Ampicillin,Nepal,WHO GLASS (ML Excel)
Escherichia Coli,Ampicillin,Nepal,WHO GLASS (ML Excel)
Escherichia Coli,Ampicillin,Oman,WHO GLASS (ML Excel)
Escherichia Coli,Ampicillin,Oman,WHO GLASS (ML Excel)
Escherichia Coli,Ampicillin,Oman,WHO GLASS (ML Excel)
Escherichia Coli,Ampicillin,Oman,WHO GLASS (ML Excel)
Escherichia Coli,Ampicillin,Pakistan,WHO GLASS (ML Excel)
Escherichia Coli,Ampicillin,Pakistan,WHO GLASS (ML Excel)
Escherichia Coli,Ampicillin,Pakistan,WHO GLASS (ML Excel)
Escherichia Coli,Ampicillin,Pakistan,WHO GLASS (ML Excel)
Escherichia Coli,Ampicillin,Philippines,WHO GLASS (ML Excel)
Escherichia Coli,Ampicillin,Philippines,WHO GLASS (ML Excel)
Escherichia Coli,Ampicillin,Philippines,WHO GLASS (ML Excel)
Escherichia Coli,Ampicillin,Philippines,WHO GLASS (ML Excel)
Escherichia Coli,Ampicillin,Saudi Arabia,WHO GLASS (ML Excel)
Escherichia Coli,Ampicillin,Saudi Arabia,WHO GLASS (ML Excel)
Escherichia Coli,Ampicillin,Saudi Arabia,WHO GLASS (ML Excel)
Escherichia Coli,Ampicillin,Saudi Arabia,WHO GLASS (ML Excel)
Escherichia Coli,Ampicillin,Sweden,WHO GLASS (ML Excel)
Escherichia Coli,Ampicillin,Sweden,WHO GLASS (ML Excel)
Escherichia Coli,Ampicillin,Sweden,WHO GLASS (ML Excel)
Escherichia Coli,Ampicillin,Sweden,WHO GLASS (ML Excel)
Escherichia Coli,Ampicillin,Thailand,WHO GLASS (ML Excel)
Escherichia Coli,Ampicillin,Thailand,WHO GLASS (ML Excel)
Escherichia Coli,Ampicillin,Thailand,WHO GLASS (ML Excel)
Escherichia Coli,Ampicillin,Thailand,WHO GLASS (ML Excel)
Escherichia Coli,Ampicillin,Tunisia,WHO GLASS (ML Excel)
Escherichia Coli,Ampicillin,Tunisia,WHO GLASS (ML Excel)
Escherichia Coli,Ampicillin,Tunisia,WHO GLASS (ML Excel)
Escherichia Coli,Ampicillin,Tunisia,WHO GLASS (ML Excel)
,Amikacin,India,WHO GLASS Dynamic (Resistance to i)
,Gentamicin,India,WHO GLASS Dynamic (Resistance to i)
,Doripenem,India,WHO GLASS Dynamic (Resistance to i)
,Imipenem,India,WHO GLASS Dynamic (Resistance to i)
,Meropenem,India,WHO GLASS Dynamic (Resistance to i)
,Colistin,India,WHO GLASS Dynamic (Resistance to i)
,Minocycline,India,WHO GLASS Dynamic (Resistance to i)
,Tigecycline,India,WHO GLASS Dynamic (Resistance to i)
,Plot Data,India,WHO GLASS Dynamic (Resistance to i)
